payout_id,clinic_id,paid_at,net_amount_cad,currency,status
po_569bb7533cd8,cl_001,2026-04-06 16:00:00,186.48,CAD,paid
po_13583e27373f,cl_001,2026-04-07 16:00:00,473.30,CAD,paid
po_bd8fda18e569,cl_001,2026-04-08 16:00:00,79.32,CAD,paid
po_84961b80caa0,cl_001,2026-04-10 16:00:00,455.21,CAD,paid
po_966ab7c252dd,cl_001,2026-04-13 16:00:00,337.02,CAD,paid
po_c7a8e213bffc,cl_001,2026-04-14 16:00:00,617.88,CAD,paid
po_ba02195ab12c,cl_001,2026-04-15 16:00:00,283.74,CAD,paid
po_45887495799a,cl_001,2026-04-16 16:00:00,208.80,CAD,paid
po_012545bcd166,cl_001,2026-04-17 16:00:00,439.79,CAD,paid
po_d0317eb69136,cl_001,2026-04-20 16:00:00,558.55,CAD,paid
po_a44e57e31cb8,cl_001,2026-04-21 16:00:00,280.69,CAD,paid
po_b2056f61d261,cl_001,2026-04-23 16:00:00,119.25,CAD,paid
po_da778c36df30,cl_001,2026-04-24 16:00:00,212.69,CAD,paid
po_1dec9682051d,cl_001,2026-04-27 16:00:00,319.83,CAD,paid
po_3c42da40d56e,cl_001,2026-04-28 16:00:00,572.32,CAD,paid
po_f6b56e1c1f8c,cl_001,2026-04-29 16:00:00,537.93,CAD,paid
po_06008eac3991,cl_001,2026-05-01 16:00:00,253.68,CAD,paid
po_e04b429cb31a,cl_001,2026-05-04 16:00:00,274.23,CAD,paid
po_bc342ed4077d,cl_001,2026-05-05 16:00:00,310.78,CAD,paid
po_292978566e6d,cl_001,2026-05-06 16:00:00,92.23,CAD,paid
po_14d24a7c383a,cl_001,2026-05-07 16:00:00,366.07,CAD,paid
po_57862c7b885e,cl_001,2026-05-08 16:00:00,143.02,CAD,paid
po_042faf7f1358,cl_001,2026-05-11 16:00:00,196.61,CAD,paid
po_4eed8da406d7,cl_001,2026-05-12 16:00:00,472.90,CAD,paid
po_715a2ed9d94b,cl_001,2026-05-13 16:00:00,236.19,CAD,paid
po_5512ff0a98e5,cl_001,2026-05-14 16:00:00,583.20,CAD,paid
po_9d54f77f494c,cl_001,2026-05-15 16:00:00,354.60,CAD,paid
po_278aec435284,cl_001,2026-05-18 16:00:00,197.22,CAD,paid
po_a927799a29cf,cl_001,2026-05-19 16:00:00,436.80,CAD,paid
po_8b172aba1371,cl_001,2026-05-20 16:00:00,437.09,CAD,paid
po_d71384a6ea80,cl_001,2026-05-21 16:00:00,333.85,CAD,paid
po_76f15110702b,cl_001,2026-05-22 16:00:00,238.03,CAD,paid
po_28352fcf0598,cl_001,2026-05-25 16:00:00,223.42,CAD,paid
po_8633c063e703,cl_001,2026-05-26 16:00:00,747.87,CAD,paid
po_251f859d2944,cl_001,2026-05-27 16:00:00,179.59,CAD,paid
po_efb9aa2c5aa7,cl_001,2026-05-28 16:00:00,28.91,CAD,paid
po_763a999a3895,cl_001,2026-05-29 16:00:00,368.06,CAD,paid
po_d4414da4a0c6,cl_001,2026-06-01 16:00:00,445.98,CAD,paid
po_5311dd8baa3d,cl_001,2026-06-02 16:00:00,283.97,CAD,paid
po_dcb88b7e9a93,cl_001,2026-06-03 16:00:00,334.32,CAD,paid
po_d1ba80545567,cl_001,2026-06-04 16:00:00,354.31,CAD,paid
po_b2981a829c65,cl_001,2026-06-05 16:00:00,178.60,CAD,paid
po_a97660a2e3dd,cl_001,2026-06-08 16:00:00,201.48,CAD,paid
po_9f2108ab7989,cl_001,2026-06-09 16:00:00,478.47,CAD,paid
po_e21bd06f8218,cl_001,2026-06-10 16:00:00,208.81,CAD,paid
po_2144d00115d9,cl_001,2026-06-11 16:00:00,393.09,CAD,paid
po_1f826a4dcce9,cl_001,2026-06-12 16:00:00,481.76,CAD,paid
po_c5dabc59e80e,cl_001,2026-06-15 16:00:00,92.23,CAD,paid
po_798ae5715efa,cl_001,2026-06-16 16:00:00,503.61,CAD,paid
po_092f7c7db7f4,cl_001,2026-06-18 16:00:00,577.15,CAD,paid
po_09a49f04c7ab,cl_001,2026-06-19 16:00:00,242.90,CAD,paid
po_fd6b463857b7,cl_001,2026-06-22 16:00:00,262.38,CAD,paid
po_c136b2b7dd67,cl_001,2026-06-23 16:00:00,255.58,CAD,paid
po_bf257f138177,cl_001,2026-06-24 16:00:00,296.46,CAD,paid
po_527fe6b2ddbc,cl_001,2026-06-25 16:00:00,213.68,CAD,paid
po_e2c4623ad107,cl_001,2026-06-26 16:00:00,72.75,CAD,paid
po_296f2f820306,cl_001,2026-06-29 16:00:00,160.10,CAD,paid
po_f49fc81914aa,cl_001,2026-06-30 16:00:00,271.85,CAD,paid
po_2d277460b36e,cl_001,2026-07-01 16:00:00,404.53,CAD,paid
po_3568052a732c,cl_001,2026-07-02 16:00:00,222.34,CAD,paid
po_d05c1166a7ea,cl_001,2026-07-03 16:00:00,566.48,CAD,paid
po_9c1089d545eb,cl_001,2026-07-06 16:00:00,510.75,CAD,paid
po_102204883a17,cl_001,2026-07-07 16:00:00,473.21,CAD,paid
po_17c07ad2027d,cl_001,2026-07-08 16:00:00,483.54,CAD,paid
po_e8ecbd4f2b75,cl_001,2026-07-09 16:00:00,334.14,CAD,paid
po_528e29c896fd,cl_001,2026-07-10 16:00:00,184.46,CAD,paid
po_053b052f5a81,cl_001,2026-07-13 16:00:00,265.10,CAD,paid
po_dc10cca54f24,cl_001,2026-07-14 16:00:00,516.44,CAD,paid
po_c76fba127c06,cl_001,2026-07-15 16:00:00,654.96,CAD,paid
po_7127155c1a62,cl_001,2026-07-16 16:00:00,299.60,CAD,paid
po_6ec4ce290a3c,cl_001,2026-07-17 16:00:00,97.09,CAD,paid
po_a3932b0bba59,cl_001,2026-07-20 16:00:00,390.71,CAD,paid
po_5c2138c7be21,cl_001,2026-07-21 16:00:00,698.39,CAD,paid
po_c34f92170f47,cl_001,2026-07-22 16:00:00,672.66,CAD,paid
po_848437bc11a3,cl_001,2026-07-23 16:00:00,369.22,CAD,paid
po_242469770ee5,cl_001,2026-07-24 16:00:00,105.85,CAD,paid
po_62cdaac48fe3,cl_001,2026-07-27 16:00:00,240.05,CAD,paid
po_24f4eeef8fbb,cl_001,2026-07-28 16:00:00,509.12,CAD,paid
po_335a74140c59,cl_001,2026-07-29 16:00:00,184.46,CAD,paid
po_644e899561bd,cl_001,2026-07-30 16:00:00,395.29,CAD,paid
po_727fae9f1f71,cl_001,2026-07-31 16:00:00,358.32,CAD,paid
po_02035a2d0e7e,cl_001,2026-08-04 16:00:00,867.12,CAD,paid
po_1aa8a13eda92,cl_001,2026-08-05 16:00:00,322.02,CAD,paid
po_181b6584b3e5,cl_001,2026-08-06 16:00:00,74.25,CAD,paid
po_47507ae33c0d,cl_001,2026-08-07 16:00:00,301.04,CAD,paid
po_09f764450251,cl_001,2026-08-10 16:00:00,199.07,CAD,paid
po_8b4f80b424f2,cl_001,2026-08-11 16:00:00,719.17,CAD,paid
po_018a61c5e7bd,cl_001,2026-08-12 16:00:00,350.78,CAD,paid
po_14a77b70dcb1,cl_001,2026-08-13 16:00:00,305.91,CAD,paid
po_ee87780f5153,cl_001,2026-08-14 16:00:00,92.23,CAD,paid
po_b5245e4fb928,cl_001,2026-08-17 16:00:00,476.06,CAD,paid
po_82f5156d2b65,cl_001,2026-08-18 16:00:00,574.34,CAD,paid
po_d6bb9a09df4d,cl_001,2026-08-19 16:00:00,432.52,CAD,paid
po_4809574a1ae1,cl_001,2026-08-20 16:00:00,354.60,CAD,paid
po_a5fdb9af8e6e,cl_001,2026-08-24 16:00:00,353.75,CAD,paid
po_38020f8373c1,cl_001,2026-08-25 16:00:00,452.95,CAD,paid
po_93d674b204db,cl_001,2026-08-26 16:00:00,389.90,CAD,paid
po_0d015e0eb9b6,cl_001,2026-08-27 16:00:00,301.24,CAD,paid
po_52e7a4f79d52,cl_001,2026-08-31 16:00:00,558.76,CAD,paid
po_a1422e509e85,cl_001,2026-09-01 16:00:00,247.47,CAD,paid
po_4f7c7b3fb476,cl_001,2026-09-02 16:00:00,183.60,CAD,paid
po_72fb8aff05aa,cl_001,2026-09-03 16:00:00,426.58,CAD,paid
po_6d9b65a810c4,cl_001,2026-09-04 16:00:00,414.77,CAD,paid
po_022555b73d8e,cl_001,2026-09-07 16:00:00,208.81,CAD,paid
po_3dd2cdb3c7f5,cl_001,2026-09-08 16:00:00,444.76,CAD,paid
po_52a46e09b342,cl_001,2026-09-09 16:00:00,567.46,CAD,paid
po_53ff6e932989,cl_001,2026-09-10 16:00:00,203.93,CAD,paid
po_bdb988845350,cl_001,2026-09-11 16:00:00,101.96,CAD,paid
po_a88f6ffc0177,cl_001,2026-09-14 16:00:00,551.46,CAD,paid
po_91c08f954afa,cl_001,2026-09-15 16:00:00,531.86,CAD,paid
po_9d3b267144ff,cl_001,2026-09-16 16:00:00,232.35,CAD,paid
po_7a0a6d420a61,cl_001,2026-09-17 16:00:00,381.07,CAD,paid
po_3e120aff3251,cl_001,2026-09-18 16:00:00,308.32,CAD,paid
po_254b9dfa3e53,cl_001,2026-09-21 16:00:00,328.54,CAD,paid
po_b18525622e54,cl_001,2026-09-22 16:00:00,675.12,CAD,paid
po_44aa67cdf71c,cl_001,2026-09-23 16:00:00,216.08,CAD,paid
po_f66fd7bd39b2,cl_001,2026-09-24 16:00:00,196.61,CAD,paid
po_71e8e451d826,cl_001,2026-09-25 16:00:00,283.67,CAD,paid
po_cbac4e9a812a,cl_001,2026-09-28 16:00:00,729.83,CAD,paid
po_a58008dddd33,cl_001,2026-09-29 16:00:00,296.16,CAD,paid
po_b32adf1bf34f,cl_001,2026-09-30 16:00:00,479.58,CAD,paid
po_9973baeb179b,cl_001,2026-10-01 16:00:00,253.84,CAD,paid
po_06123cc566a3,cl_001,2026-10-02 16:00:00,160.11,CAD,paid
po_b50912f271e5,cl_001,2026-10-05 16:00:00,-109.99,CAD,paid
po_4befe75fd08f,cl_002,2026-04-03 16:00:00,262.38,CAD,paid
po_e2a690d2dc8b,cl_002,2026-04-06 16:00:00,212.69,CAD,paid
po_8242f1bb8df8,cl_002,2026-04-07 16:00:00,359.48,CAD,paid
po_1458115d991f,cl_002,2026-04-08 16:00:00,91.37,CAD,paid
po_0e9bb05bfb6d,cl_002,2026-04-09 16:00:00,189.74,CAD,paid
po_9a66d396d85e,cl_002,2026-04-10 16:00:00,72.75,CAD,paid
po_cf3ce0d7836e,cl_002,2026-04-14 16:00:00,318.06,CAD,paid
po_21251d56fde9,cl_002,2026-04-15 16:00:00,314.66,CAD,paid
po_db7a80589ea1,cl_002,2026-04-16 16:00:00,252.34,CAD,paid
po_f81ae9ec7071,cl_002,2026-04-17 16:00:00,252.64,CAD,paid
po_a4962d98fd92,cl_002,2026-04-20 16:00:00,87.36,CAD,paid
po_2ad9bc815ec6,cl_002,2026-04-21 16:00:00,572.28,CAD,paid
po_57d0252ed1a7,cl_002,2026-04-22 16:00:00,353.75,CAD,paid
po_93c143f831f9,cl_002,2026-04-23 16:00:00,264.78,CAD,paid
po_2bb99e153560,cl_002,2026-04-24 16:00:00,87.35,CAD,paid
po_83007bc0fa6b,cl_002,2026-04-27 16:00:00,213.68,CAD,paid
po_831dccf8c08b,cl_002,2026-04-28 16:00:00,412.00,CAD,paid
po_c32e8f114fe3,cl_002,2026-04-29 16:00:00,92.23,CAD,paid
po_d0908f76a18d,cl_002,2026-04-30 16:00:00,233.15,CAD,paid
po_57bceed91104,cl_002,2026-05-01 16:00:00,378.96,CAD,paid
po_05a9cf23e563,cl_002,2026-05-05 16:00:00,223.41,CAD,paid
po_0d536f89d046,cl_002,2026-05-06 16:00:00,116.58,CAD,paid
po_d2a150522e3e,cl_002,2026-05-07 16:00:00,199.07,CAD,paid
po_2ceed06ebe20,cl_002,2026-05-08 16:00:00,223.41,CAD,paid
po_1f6702ad973c,cl_002,2026-05-12 16:00:00,315.65,CAD,paid
po_04ec4d6caa6a,cl_002,2026-05-13 16:00:00,92.23,CAD,paid
po_45eeab881e97,cl_002,2026-05-14 16:00:00,72.07,CAD,paid
po_c09fffb9ccf1,cl_002,2026-05-15 16:00:00,242.90,CAD,paid
po_f97bf3c2f074,cl_002,2026-05-18 16:00:00,106.84,CAD,paid
po_1f52e95cc267,cl_002,2026-05-19 16:00:00,290.33,CAD,paid
po_c4a989c86517,cl_002,2026-05-20 16:00:00,92.23,CAD,paid
po_d5d54eb8cacd,cl_002,2026-05-21 16:00:00,145.79,CAD,paid
po_ebc8e346cf71,cl_002,2026-05-22 16:00:00,255.05,CAD,paid
po_898ec18ccaf0,cl_002,2026-05-25 16:00:00,199.07,CAD,paid
po_d7bba8d3c5cd,cl_002,2026-05-26 16:00:00,179.59,CAD,paid
po_d3f57ba044f7,cl_002,2026-05-28 16:00:00,94.25,CAD,paid
po_f5757beb22da,cl_002,2026-05-29 16:00:00,223.41,CAD,paid
po_a018a2dfd999,cl_002,2026-06-01 16:00:00,403.00,CAD,paid
po_82babe98975a,cl_002,2026-06-02 16:00:00,426.67,CAD,paid
po_259700aae761,cl_002,2026-06-03 16:00:00,164.30,CAD,paid
po_429d15e6715f,cl_002,2026-06-05 16:00:00,253.50,CAD,paid
po_3dc5fc8b114e,cl_002,2026-06-09 16:00:00,68.56,CAD,paid
po_745503a03f3c,cl_002,2026-06-10 16:00:00,280.70,CAD,paid
po_99d01dc5e2d3,cl_002,2026-06-11 16:00:00,238.02,CAD,paid
po_033c9f0e4250,cl_002,2026-06-12 16:00:00,222.42,CAD,paid
po_4b4b5e8d72f8,cl_002,2026-06-15 16:00:00,89.25,CAD,paid
po_0bc8fb680c7c,cl_002,2026-06-16 16:00:00,15.67,CAD,paid
po_50c255a6a3f1,cl_002,2026-06-19 16:00:00,29.25,CAD,paid
po_f7bad5d5e449,cl_002,2026-06-22 16:00:00,74.25,CAD,paid
po_d28f38996a54,cl_002,2026-06-23 16:00:00,405.03,CAD,paid
po_8b74c2223e1e,cl_002,2026-06-24 16:00:00,143.02,CAD,paid
po_82fa8253ab50,cl_002,2026-06-25 16:00:00,164.98,CAD,paid
po_3201cd045c99,cl_002,2026-06-26 16:00:00,252.63,CAD,paid
po_c1269d3c23f2,cl_002,2026-06-29 16:00:00,272.12,CAD,paid
po_65e7d4b848e5,cl_002,2026-06-30 16:00:00,219.23,CAD,paid
po_53df20332986,cl_002,2026-07-01 16:00:00,181.32,CAD,paid
po_5ab68f35151a,cl_002,2026-07-02 16:00:00,257.21,CAD,paid
po_b788ca03aa1f,cl_002,2026-07-03 16:00:00,154.10,CAD,paid
po_6bba67f8129c,cl_002,2026-07-06 16:00:00,240.43,CAD,paid
po_a2fd44031c34,cl_002,2026-07-07 16:00:00,293.32,CAD,paid
po_9cb6f62e0850,cl_002,2026-07-08 16:00:00,106.83,CAD,paid
po_33706200b4e9,cl_002,2026-07-09 16:00:00,94.25,CAD,paid
po_4ee94bac3bf7,cl_002,2026-07-13 16:00:00,109.25,CAD,paid
po_eb4504aa7c2c,cl_002,2026-07-14 16:00:00,468.16,CAD,paid
po_793a66db9b10,cl_002,2026-07-15 16:00:00,192.46,CAD,paid
po_de9452f8c575,cl_002,2026-07-16 16:00:00,247.77,CAD,paid
po_3f9379c75a6d,cl_002,2026-07-17 16:00:00,276.69,CAD,paid
po_3939603a3c48,cl_002,2026-07-21 16:00:00,247.77,CAD,paid
po_c44468bc46c4,cl_002,2026-07-22 16:00:00,94.25,CAD,paid
po_77626c062377,cl_002,2026-07-23 16:00:00,228.28,CAD,paid
po_807dc42c1f19,cl_002,2026-07-24 16:00:00,208.80,CAD,paid
po_f29b5fb44531,cl_002,2026-07-27 16:00:00,213.67,CAD,paid
po_4ae9cc3a66fd,cl_002,2026-07-28 16:00:00,752.94,CAD,paid
po_eae0a55861b5,cl_002,2026-07-29 16:00:00,245.47,CAD,paid
po_c48024bdf237,cl_002,2026-07-30 16:00:00,184.46,CAD,paid
po_5b529b70c813,cl_002,2026-07-31 16:00:00,94.25,CAD,paid
po_3c6b4723093e,cl_002,2026-08-03 16:00:00,116.58,CAD,paid
po_69a6db837121,cl_002,2026-08-04 16:00:00,569.09,CAD,paid
po_b32769a1464a,cl_002,2026-08-05 16:00:00,115.49,CAD,paid
po_3d2cdc5c514a,cl_002,2026-08-06 16:00:00,145.80,CAD,paid
po_82f0b9872775,cl_002,2026-08-07 16:00:00,106.84,CAD,paid
po_5c63d9fbce89,cl_002,2026-08-10 16:00:00,268.50,CAD,paid
po_e09645ee6e71,cl_002,2026-08-11 16:00:00,548.68,CAD,paid
po_707a6c28d3d4,cl_002,2026-08-12 16:00:00,153.45,CAD,paid
po_9adff52fd94b,cl_002,2026-08-13 16:00:00,179.59,CAD,paid
po_52191b49bb4a,cl_002,2026-08-17 16:00:00,247.77,CAD,paid
po_fd081fb7ac74,cl_002,2026-08-18 16:00:00,92.23,CAD,paid
po_2790f2d2c22f,cl_002,2026-08-19 16:00:00,339.99,CAD,paid
po_de8e02c152e7,cl_002,2026-08-20 16:00:00,207.95,CAD,paid
po_e77614944fd3,cl_002,2026-08-21 16:00:00,145.80,CAD,paid
po_0582db721148,cl_002,2026-08-24 16:00:00,160.11,CAD,paid
po_842b7625845b,cl_002,2026-08-25 16:00:00,116.58,CAD,paid
po_6141acbcd852,cl_002,2026-08-27 16:00:00,116.58,CAD,paid
po_7c1d656e8c2a,cl_002,2026-08-28 16:00:00,352.31,CAD,paid
po_e006409b9cc2,cl_002,2026-09-01 16:00:00,406.46,CAD,paid
po_6bded8f4fa46,cl_002,2026-09-02 16:00:00,159.25,CAD,paid
po_61f0948cdda1,cl_002,2026-09-03 16:00:00,384.69,CAD,paid
po_b5b628cb9da1,cl_002,2026-09-04 16:00:00,92.23,CAD,paid
po_eaacc51f1535,cl_002,2026-09-07 16:00:00,101.02,CAD,paid
po_6bd2d4a3e864,cl_002,2026-09-08 16:00:00,392.41,CAD,paid
po_b18bd087e4b6,cl_002,2026-09-09 16:00:00,92.23,CAD,paid
po_dc8e5aa5f0ae,cl_002,2026-09-10 16:00:00,340.00,CAD,paid
po_ff6295cfff41,cl_002,2026-09-11 16:00:00,329.26,CAD,paid
po_4f7a955270f9,cl_002,2026-09-14 16:00:00,92.23,CAD,paid
po_9c524b006bcf,cl_002,2026-09-15 16:00:00,371.63,CAD,paid
po_f5cdb33bf3a1,cl_002,2026-09-16 16:00:00,-22.25,CAD,paid
po_f061a4c4ee56,cl_002,2026-09-17 16:00:00,105.85,CAD,paid
po_0a73ca493e22,cl_002,2026-09-18 16:00:00,72.07,CAD,paid
po_62db027d25b3,cl_002,2026-09-21 16:00:00,271.82,CAD,paid
po_47f5f303c27f,cl_002,2026-09-22 16:00:00,639.69,CAD,paid
po_781b439a674a,cl_002,2026-09-24 16:00:00,92.23,CAD,paid
po_698466861e68,cl_002,2026-09-25 16:00:00,203.50,CAD,paid
po_3b5aa021d138,cl_002,2026-09-28 16:00:00,275.83,CAD,paid
po_3ed0b906fd2e,cl_002,2026-09-29 16:00:00,339.70,CAD,paid
po_a1d7b5fdd1cb,cl_002,2026-09-30 16:00:00,281.98,CAD,paid
po_aa8ff1d88a08,cl_002,2026-10-01 16:00:00,121.44,CAD,paid
po_38cdeee5bb32,cl_002,2026-10-02 16:00:00,106.84,CAD,paid
po_bfe9dad6d07f,cl_003,2026-04-03 16:00:00,179.59,CAD,paid
po_f4267e1247b8,cl_003,2026-04-06 16:00:00,208.81,CAD,paid
po_a11307bbfc49,cl_003,2026-04-07 16:00:00,199.06,CAD,paid
po_0b4341af0412,cl_003,2026-04-08 16:00:00,72.75,CAD,paid
po_40aa0fbfc593,cl_003,2026-04-09 16:00:00,72.75,CAD,paid
po_655b67b0bb6e,cl_003,2026-04-13 16:00:00,170.14,CAD,paid
po_87a83ce9fd0a,cl_003,2026-04-14 16:00:00,199.07,CAD,paid
po_1ac67cda1511,cl_003,2026-04-15 16:00:00,116.58,CAD,paid
po_00c2cc006eaf,cl_003,2026-04-16 16:00:00,92.23,CAD,paid
po_7f06de18c7a8,cl_003,2026-04-17 16:00:00,186.48,CAD,paid
po_9f64bd41f7ce,cl_003,2026-04-20 16:00:00,155.54,CAD,paid
po_beaa189d88f0,cl_003,2026-04-21 16:00:00,237.73,CAD,paid
po_b8e1a345944c,cl_003,2026-04-22 16:00:00,106.84,CAD,paid
po_216e6a08892a,cl_003,2026-04-24 16:00:00,164.30,CAD,paid
po_d13593a9d648,cl_003,2026-04-27 16:00:00,194.20,CAD,paid
po_f00da0026e18,cl_003,2026-04-28 16:00:00,199.07,CAD,paid
po_66dd2a91c9aa,cl_003,2026-04-29 16:00:00,145.80,CAD,paid
po_912be97ac1c0,cl_003,2026-04-30 16:00:00,256.98,CAD,paid
po_1c3bbbd26884,cl_003,2026-05-01 16:00:00,231.60,CAD,paid
po_a00906fa7e30,cl_003,2026-05-04 16:00:00,106.84,CAD,paid
po_ab729d2248f1,cl_003,2026-05-05 16:00:00,349.74,CAD,paid
po_404c12498b29,cl_003,2026-05-08 16:00:00,431.17,CAD,paid
po_e44a3b0f6f73,cl_003,2026-05-11 16:00:00,115.50,CAD,paid
po_3f40cf370698,cl_003,2026-05-12 16:00:00,455.13,CAD,paid
po_85dafff9a2c4,cl_003,2026-05-13 16:00:00,199.07,CAD,paid
po_7cb09d14a5b9,cl_003,2026-05-14 16:00:00,178.91,CAD,paid
po_108054fe40f8,cl_003,2026-05-15 16:00:00,72.07,CAD,paid
po_ce25fa248f9e,cl_003,2026-05-18 16:00:00,164.98,CAD,paid
po_cd7688b9a4ba,cl_003,2026-05-19 16:00:00,262.38,CAD,paid
po_90df5b4ebedb,cl_003,2026-05-20 16:00:00,149.25,CAD,paid
po_5f59f0cd2658,cl_003,2026-05-21 16:00:00,179.59,CAD,paid
po_faf5a5f19898,cl_003,2026-05-22 16:00:00,167.00,CAD,paid
po_97e11da708ab,cl_003,2026-05-25 16:00:00,198.21,CAD,paid
po_e5fc5e719eea,cl_003,2026-05-26 16:00:00,252.33,CAD,paid
po_044d27c8aa34,cl_003,2026-05-28 16:00:00,109.25,CAD,paid
po_dea20645f29a,cl_003,2026-05-29 16:00:00,92.23,CAD,paid
po_54388912d42b,cl_003,2026-06-01 16:00:00,106.84,CAD,paid
po_70f3477b403f,cl_003,2026-06-02 16:00:00,155.54,CAD,paid
po_4b79c34484ef,cl_003,2026-06-03 16:00:00,87.36,CAD,paid
po_1e21bda19b01,cl_003,2026-06-05 16:00:00,92.23,CAD,paid
po_e5058254fa7a,cl_003,2026-06-08 16:00:00,155.54,CAD,paid
po_02297ba4a28c,cl_003,2026-06-09 16:00:00,301.04,CAD,paid
po_cdc172aa4163,cl_003,2026-06-10 16:00:00,393.55,CAD,paid
po_ea69a7cf23a4,cl_003,2026-06-11 16:00:00,178.90,CAD,paid
po_46ddf3dd94e1,cl_003,2026-06-15 16:00:00,343.88,CAD,paid
po_05ca95e46370,cl_003,2026-06-16 16:00:00,397.28,CAD,paid
po_dcbc547e0efc,cl_003,2026-06-18 16:00:00,164.98,CAD,paid
po_b932691906ed,cl_003,2026-06-19 16:00:00,92.23,CAD,paid
po_90165d9c33d2,cl_003,2026-06-23 16:00:00,370.08,CAD,paid
po_1ba43334f2b6,cl_003,2026-06-24 16:00:00,106.84,CAD,paid
po_2a2f5bd42cf5,cl_003,2026-06-26 16:00:00,92.23,CAD,paid
po_8d99df30d9f2,cl_003,2026-06-29 16:00:00,184.46,CAD,paid
po_217f0d1b7fe3,cl_003,2026-06-30 16:00:00,145.80,CAD,paid
po_07bf9a28f525,cl_003,2026-07-03 16:00:00,97.09,CAD,paid
po_b1383a3a093e,cl_003,2026-07-06 16:00:00,155.53,CAD,paid
po_7b37b1c89b9d,cl_003,2026-07-07 16:00:00,286.42,CAD,paid
po_d9c7754f4327,cl_003,2026-07-08 16:00:00,72.75,CAD,paid
po_82153606973c,cl_003,2026-07-10 16:00:00,72.75,CAD,paid
po_aa467776f581,cl_003,2026-07-14 16:00:00,184.46,CAD,paid
po_7b33f61e24d0,cl_003,2026-07-15 16:00:00,155.54,CAD,paid
po_fc8d08a8fe05,cl_003,2026-07-16 16:00:00,262.38,CAD,paid
po_da704ddb8df2,cl_003,2026-07-17 16:00:00,131.18,CAD,paid
po_07b538ac5899,cl_003,2026-07-20 16:00:00,364.33,CAD,paid
po_8d13f2e6c15b,cl_003,2026-07-21 16:00:00,359.30,CAD,paid
po_2394b6f89c7a,cl_003,2026-07-22 16:00:00,368.21,CAD,paid
po_0d819333aca5,cl_003,2026-07-23 16:00:00,106.83,CAD,paid
po_683c0aef51e5,cl_003,2026-07-24 16:00:00,180.10,CAD,paid
po_c13cbd6e2e73,cl_003,2026-07-29 16:00:00,299.99,CAD,paid
po_ee7349a42182,cl_003,2026-07-30 16:00:00,92.23,CAD,paid
po_21e65ca0b7b1,cl_003,2026-07-31 16:00:00,167.00,CAD,paid
po_7202f1a983de,cl_003,2026-08-03 16:00:00,87.36,CAD,paid
po_5e945033290d,cl_003,2026-08-04 16:00:00,348.30,CAD,paid
po_057e97b19e0c,cl_003,2026-08-05 16:00:00,264.79,CAD,paid
po_71e659a2ee79,cl_003,2026-08-07 16:00:00,52.00,CAD,paid
po_a45451af1279,cl_003,2026-08-11 16:00:00,199.07,CAD,paid
po_00f10a4f5a48,cl_003,2026-08-12 16:00:00,373.38,CAD,paid
po_7a598dd2ebdc,cl_003,2026-08-13 16:00:00,247.77,CAD,paid
po_ebc49e8b0dc1,cl_003,2026-08-14 16:00:00,72.75,CAD,paid
po_cb8744915e4d,cl_003,2026-08-17 16:00:00,87.35,CAD,paid
po_7a2a23cd1d80,cl_003,2026-08-18 16:00:00,378.96,CAD,paid
po_a354114b73b2,cl_003,2026-08-21 16:00:00,133.41,CAD,paid
po_d8efc2554da5,cl_003,2026-08-24 16:00:00,94.25,CAD,paid
po_820be182a29a,cl_003,2026-08-25 16:00:00,241.48,CAD,paid
po_243e1649e2f6,cl_003,2026-08-26 16:00:00,198.08,CAD,paid
po_5aac1ba21f66,cl_003,2026-08-27 16:00:00,182.74,CAD,paid
po_9b5561bad492,cl_003,2026-08-28 16:00:00,199.06,CAD,paid
po_e3fdf6ef621d,cl_003,2026-08-31 16:00:00,116.58,CAD,paid
po_2d6e794b8730,cl_003,2026-09-01 16:00:00,505.27,CAD,paid
po_087b86793e3d,cl_003,2026-09-02 16:00:00,115.50,CAD,paid
po_614ed05f9492,cl_003,2026-09-04 16:00:00,359.48,CAD,paid
po_698e03608b3c,cl_003,2026-09-07 16:00:00,72.75,CAD,paid
po_cef6d2c539e5,cl_003,2026-09-08 16:00:00,303.45,CAD,paid
po_4fd008bdef71,cl_003,2026-09-10 16:00:00,174.24,CAD,paid
po_e8fb450be69a,cl_003,2026-09-15 16:00:00,403.01,CAD,paid
po_31f138c79935,cl_003,2026-09-17 16:00:00,116.58,CAD,paid
po_3d405822cc9c,cl_003,2026-09-18 16:00:00,199.07,CAD,paid
po_8a5be729ba9c,cl_003,2026-09-21 16:00:00,234.75,CAD,paid
po_adb445eb91f6,cl_003,2026-09-23 16:00:00,159.30,CAD,paid
po_92a205089dd4,cl_003,2026-09-24 16:00:00,155.54,CAD,paid
po_c47fe54aa73b,cl_003,2026-09-25 16:00:00,444.53,CAD,paid
po_145eaa3a68df,cl_003,2026-09-28 16:00:00,290.25,CAD,paid
po_726df7b57098,cl_003,2026-09-29 16:00:00,179.59,CAD,paid
po_d46e564385ff,cl_003,2026-10-01 16:00:00,159.43,CAD,paid
po_cf94cbf5d036,cl_003,2026-10-02 16:00:00,291.60,CAD,paid
po_40e9964e92d9,cl_004,2026-04-03 16:00:00,208.81,CAD,paid
po_f80cae6a3e3e,cl_004,2026-04-07 16:00:00,332.27,CAD,paid
po_ac26bf5a9a7c,cl_004,2026-04-08 16:00:00,92.23,CAD,paid
po_bc1d980cb1e9,cl_004,2026-04-10 16:00:00,375.59,CAD,paid
po_2413dbbd9c39,cl_004,2026-04-13 16:00:00,189.33,CAD,paid
po_691a644a703d,cl_004,2026-04-14 16:00:00,285.57,CAD,paid
po_e814a0819f3c,cl_004,2026-04-15 16:00:00,155.54,CAD,paid
po_9d85857ab390,cl_004,2026-04-16 16:00:00,228.29,CAD,paid
po_03b4cdeeaea8,cl_004,2026-04-20 16:00:00,188.25,CAD,paid
po_8feeed8f9f3a,cl_004,2026-04-21 16:00:00,275.50,CAD,paid
po_0fdd6ba0071a,cl_004,2026-04-22 16:00:00,201.48,CAD,paid
po_189f98ff55d6,cl_004,2026-04-23 16:00:00,320.73,CAD,paid
po_c66aba87cfc8,cl_004,2026-04-24 16:00:00,91.37,CAD,paid
po_4e300f2e5687,cl_004,2026-04-27 16:00:00,179.59,CAD,paid
po_6b6197831880,cl_004,2026-04-28 16:00:00,347.33,CAD,paid
po_079dccdabf78,cl_004,2026-04-30 16:00:00,106.84,CAD,paid
po_a128f43b9d54,cl_004,2026-05-04 16:00:00,310.77,CAD,paid
po_02872c3b7bd7,cl_004,2026-05-05 16:00:00,179.59,CAD,paid
po_5f145e147d0d,cl_004,2026-05-06 16:00:00,216.09,CAD,paid
po_ab99903d170c,cl_004,2026-05-07 16:00:00,147.00,CAD,paid
po_b17869d91cca,cl_004,2026-05-08 16:00:00,262.38,CAD,paid
po_0e5d58531c16,cl_004,2026-05-11 16:00:00,206.61,CAD,paid
po_a23ad78c89a1,cl_004,2026-05-12 16:00:00,87.36,CAD,paid
po_500356da0190,cl_004,2026-05-14 16:00:00,155.54,CAD,paid
po_cb5517ff5bf8,cl_004,2026-05-15 16:00:00,94.25,CAD,paid
po_7ad56da2f69b,cl_004,2026-05-18 16:00:00,252.64,CAD,paid
po_f29288dddaf8,cl_004,2026-05-19 16:00:00,199.07,CAD,paid
po_8555d04376a4,cl_004,2026-05-20 16:00:00,72.75,CAD,paid
po_a9a1fc7fc1bd,cl_004,2026-05-21 16:00:00,199.07,CAD,paid
po_2ee15e7de313,cl_004,2026-05-22 16:00:00,92.23,CAD,paid
po_23b084070288,cl_004,2026-05-25 16:00:00,405.41,CAD,paid
po_6ba08b589215,cl_004,2026-05-26 16:00:00,293.32,CAD,paid
po_604a8b1d4b6c,cl_004,2026-05-27 16:00:00,72.75,CAD,paid
po_86a8516d976d,cl_004,2026-05-28 16:00:00,92.23,CAD,paid
po_78623312dd00,cl_004,2026-05-29 16:00:00,301.34,CAD,paid
po_90d8efa0b0ab,cl_004,2026-06-01 16:00:00,178.91,CAD,paid
po_e04fd90cc113,cl_004,2026-06-02 16:00:00,-95.00,CAD,paid
po_86f0c4c69a11,cl_004,2026-06-03 16:00:00,261.03,CAD,paid
po_241e3f8b1f71,cl_004,2026-06-04 16:00:00,183.60,CAD,paid
po_cd34e4f96755,cl_004,2026-06-09 16:00:00,238.02,CAD,paid
po_c9bbeeed40cf,cl_004,2026-06-10 16:00:00,97.09,CAD,paid
po_2fa84ae39081,cl_004,2026-06-11 16:00:00,278.57,CAD,paid
po_c6e8833db4ac,cl_004,2026-06-12 16:00:00,87.36,CAD,paid
po_3388cc85a085,cl_004,2026-06-15 16:00:00,246.90,CAD,paid
po_904229c973fd,cl_004,2026-06-16 16:00:00,273.84,CAD,paid
po_196b42361329,cl_004,2026-06-17 16:00:00,72.75,CAD,paid
po_b9564ebce866,cl_004,2026-06-18 16:00:00,81.85,CAD,paid
po_4ce28b193737,cl_004,2026-06-19 16:00:00,208.81,CAD,paid
po_ababc42c936b,cl_004,2026-06-22 16:00:00,300.18,CAD,paid
po_688de13b0a77,cl_004,2026-06-23 16:00:00,87.36,CAD,paid
po_74ef81148928,cl_004,2026-06-24 16:00:00,252.34,CAD,paid
po_7e828be40a12,cl_004,2026-06-26 16:00:00,301.04,CAD,paid
po_f9f89f8b13d3,cl_004,2026-06-29 16:00:00,475.19,CAD,paid
po_0aab851152d2,cl_004,2026-06-30 16:00:00,155.54,CAD,paid
po_e77dd0fbd329,cl_004,2026-07-01 16:00:00,164.12,CAD,paid
po_ea7078aeb39b,cl_004,2026-07-02 16:00:00,194.20,CAD,paid
po_c9f083f5a437,cl_004,2026-07-03 16:00:00,320.51,CAD,paid
po_0865ebda17b0,cl_004,2026-07-06 16:00:00,248.50,CAD,paid
po_a4f43fd4cca0,cl_004,2026-07-07 16:00:00,31.44,CAD,paid
po_79306788ea34,cl_004,2026-07-08 16:00:00,343.74,CAD,paid
po_72c1a6437eee,cl_004,2026-07-09 16:00:00,186.48,CAD,paid
po_accde6fbf164,cl_004,2026-07-10 16:00:00,296.08,CAD,paid
po_6101bf711701,cl_004,2026-07-13 16:00:00,116.58,CAD,paid
po_5b82751677b6,cl_004,2026-07-14 16:00:00,354.61,CAD,paid
po_334206b2d08c,cl_004,2026-07-15 16:00:00,303.06,CAD,paid
po_165b91d703a1,cl_004,2026-07-17 16:00:00,114.24,CAD,paid
po_ee8809526597,cl_004,2026-07-20 16:00:00,309.97,CAD,paid
po_4b94d70f030b,cl_004,2026-07-21 16:00:00,106.84,CAD,paid
po_70b91dd4a510,cl_004,2026-07-22 16:00:00,473.60,CAD,paid
po_0e06b02218d0,cl_004,2026-07-23 16:00:00,164.98,CAD,paid
po_66968d219484,cl_004,2026-07-24 16:00:00,187.27,CAD,paid
po_9cb2acb9c415,cl_004,2026-07-27 16:00:00,305.91,CAD,paid
po_b2a9fff3f52b,cl_004,2026-07-28 16:00:00,223.50,CAD,paid
po_3b21d15d082a,cl_004,2026-07-29 16:00:00,92.23,CAD,paid
po_9f609a74267d,cl_004,2026-07-30 16:00:00,94.25,CAD,paid
po_766a7f59d3f8,cl_004,2026-07-31 16:00:00,335.13,CAD,paid
po_7f8354bbd886,cl_004,2026-08-03 16:00:00,218.55,CAD,paid
po_8d9905fac0e9,cl_004,2026-08-04 16:00:00,475.98,CAD,paid
po_9b2e18765f34,cl_004,2026-08-06 16:00:00,395.59,CAD,paid
po_7358c21d92bc,cl_004,2026-08-07 16:00:00,106.84,CAD,paid
po_4194172128b7,cl_004,2026-08-10 16:00:00,274.23,CAD,paid
po_3504392cad3a,cl_004,2026-08-11 16:00:00,116.58,CAD,paid
po_bb6b84a90c2b,cl_004,2026-08-12 16:00:00,149.25,CAD,paid
po_b564dcf0f605,cl_004,2026-08-13 16:00:00,286.43,CAD,paid
po_460c70693f03,cl_004,2026-08-14 16:00:00,111.70,CAD,paid
po_a98f2aa80fe2,cl_004,2026-08-17 16:00:00,193.39,CAD,paid
po_369e3ec0ff63,cl_004,2026-08-18 16:00:00,208.81,CAD,paid
po_98e9a919986c,cl_004,2026-08-19 16:00:00,116.57,CAD,paid
po_bd5e3f6cf43e,cl_004,2026-08-20 16:00:00,196.61,CAD,paid
po_f9be13d322cf,cl_004,2026-08-21 16:00:00,247.77,CAD,paid
po_d44c6e5a08b1,cl_004,2026-08-24 16:00:00,296.16,CAD,paid
po_b7346d0e4988,cl_004,2026-08-25 16:00:00,253.84,CAD,paid
po_eade094d2acd,cl_004,2026-08-27 16:00:00,121.44,CAD,paid
po_ae26851626d5,cl_004,2026-08-28 16:00:00,238.02,CAD,paid
po_147361ae46eb,cl_004,2026-08-31 16:00:00,336.45,CAD,paid
po_ec6d3c6eb4eb,cl_004,2026-09-01 16:00:00,407.02,CAD,paid
po_4649ad049494,cl_004,2026-09-02 16:00:00,262.38,CAD,paid
po_69ca01e2b350,cl_004,2026-09-03 16:00:00,211.48,CAD,paid
po_d9348c001610,cl_004,2026-09-04 16:00:00,238.70,CAD,paid
po_74c4a56377b8,cl_004,2026-09-07 16:00:00,441.97,CAD,paid
po_3a9b42d70b19,cl_004,2026-09-08 16:00:00,233.16,CAD,paid
po_4c03a81ce303,cl_004,2026-09-09 16:00:00,72.75,CAD,paid
po_5c17ab732931,cl_004,2026-09-10 16:00:00,413.04,CAD,paid
po_2362aa534444,cl_004,2026-09-11 16:00:00,287.85,CAD,paid
po_4e01597d9d07,cl_004,2026-09-14 16:00:00,201.09,CAD,paid
po_3b0a5ba7c05d,cl_004,2026-09-15 16:00:00,178.60,CAD,paid
po_611dc4eebf52,cl_004,2026-09-16 16:00:00,109.24,CAD,paid
po_99c3d1a2898b,cl_004,2026-09-17 16:00:00,237.73,CAD,paid
po_07c28daa9116,cl_004,2026-09-18 16:00:00,169.84,CAD,paid
po_ecbf7e57ccef,cl_004,2026-09-21 16:00:00,203.94,CAD,paid
po_55f4c5fac4ed,cl_004,2026-09-22 16:00:00,392.43,CAD,paid
po_408cb03a456e,cl_004,2026-09-23 16:00:00,183.60,CAD,paid
po_3b1ebf523ec1,cl_004,2026-09-24 16:00:00,92.23,CAD,paid
po_97185022b36f,cl_004,2026-09-25 16:00:00,247.77,CAD,paid
po_1c79499f6e1f,cl_004,2026-09-28 16:00:00,287.46,CAD,paid
po_5f4d2497e82b,cl_004,2026-09-29 16:00:00,116.58,CAD,paid
po_b7422a8e3db1,cl_004,2026-09-30 16:00:00,149.24,CAD,paid
po_219bbfbeba8f,cl_004,2026-10-01 16:00:00,184.46,CAD,paid
po_f6b796c4c7ca,cl_004,2026-10-02 16:00:00,106.84,CAD,paid
po_9811240e5fac,cl_004,2026-10-05 16:00:00,87.36,CAD,paid
po_e99730f5adcb,cl_005,2026-04-03 16:00:00,155.54,CAD,paid
po_55d08d6f5155,cl_005,2026-04-06 16:00:00,223.42,CAD,paid
po_25acb0c50888,cl_005,2026-04-07 16:00:00,106.84,CAD,paid
po_ffaf0f418a41,cl_005,2026-04-09 16:00:00,72.75,CAD,paid
po_bc00bf294712,cl_005,2026-04-13 16:00:00,72.75,CAD,paid
po_d71067e5e39c,cl_005,2026-04-14 16:00:00,179.59,CAD,paid
po_e9593c5957bf,cl_005,2026-04-15 16:00:00,109.25,CAD,paid
po_96823d608ba3,cl_005,2026-04-17 16:00:00,105.85,CAD,paid
po_c7892be192f6,cl_005,2026-04-20 16:00:00,87.36,CAD,paid
po_3911dea0b67b,cl_005,2026-04-21 16:00:00,271.82,CAD,paid
po_15868e901086,cl_005,2026-04-22 16:00:00,208.81,CAD,paid
po_5e45a2852a82,cl_005,2026-04-23 16:00:00,43.73,CAD,paid
po_24dac8ee6d49,cl_005,2026-04-24 16:00:00,182.74,CAD,paid
po_dc7b94850373,cl_005,2026-04-28 16:00:00,-90.00,CAD,paid
po_fa209a97dce0,cl_005,2026-04-29 16:00:00,92.23,CAD,paid
po_36111a3788b3,cl_005,2026-04-30 16:00:00,324.23,CAD,paid
po_651731782b2a,cl_005,2026-05-04 16:00:00,238.03,CAD,paid
po_9b278f1f6b7c,cl_005,2026-05-05 16:00:00,519.87,CAD,paid
po_5fea2b9b1d7b,cl_005,2026-05-06 16:00:00,92.23,CAD,paid
po_46c5fbb4e2d8,cl_005,2026-05-07 16:00:00,74.25,CAD,paid
po_a6ad4c78acea,cl_005,2026-05-08 16:00:00,92.23,CAD,paid
po_aa52a5e5bec2,cl_005,2026-05-11 16:00:00,155.54,CAD,paid
po_dfd950636bf2,cl_005,2026-05-12 16:00:00,155.54,CAD,paid
po_dcbc8ef2e4c3,cl_005,2026-05-13 16:00:00,116.58,CAD,paid
po_fbe110413f73,cl_005,2026-05-14 16:00:00,200.10,CAD,paid
po_d863ac0f4cba,cl_005,2026-05-18 16:00:00,242.90,CAD,paid
po_c79af3df8701,cl_005,2026-05-19 16:00:00,353.03,CAD,paid
po_38437e5c54a5,cl_005,2026-05-21 16:00:00,89.25,CAD,paid
po_611e00399367,cl_005,2026-05-22 16:00:00,237.03,CAD,paid
po_e415f25459a1,cl_005,2026-05-25 16:00:00,94.25,CAD,paid
po_4d3d19865140,cl_005,2026-05-26 16:00:00,211.48,CAD,paid
po_4cb98f1c18b0,cl_005,2026-05-29 16:00:00,72.75,CAD,paid
po_52bf03cff9d9,cl_005,2026-06-01 16:00:00,295.18,CAD,paid
po_effc9a6b5506,cl_005,2026-06-02 16:00:00,314.78,CAD,paid
po_f957cfa94766,cl_005,2026-06-03 16:00:00,106.84,CAD,paid
po_ed866816028e,cl_005,2026-06-04 16:00:00,-29.01,CAD,paid
po_cc642334c644,cl_005,2026-06-05 16:00:00,194.20,CAD,paid
po_df150c438e9c,cl_005,2026-06-08 16:00:00,247.77,CAD,paid
po_078deaa43079,cl_005,2026-06-09 16:00:00,-35.51,CAD,paid
po_c4ef0b52d28c,cl_005,2026-06-10 16:00:00,72.75,CAD,paid
po_9bde817c240e,cl_005,2026-06-11 16:00:00,218.55,CAD,paid
po_194c9dcf3b38,cl_005,2026-06-12 16:00:00,109.25,CAD,paid
po_ebd22c6f42fe,cl_005,2026-06-16 16:00:00,431.36,CAD,paid
po_8ecaa49e54a1,cl_005,2026-06-17 16:00:00,155.54,CAD,paid
po_581bb54b11fa,cl_005,2026-06-18 16:00:00,348.32,CAD,paid
po_0268e3f28321,cl_005,2026-06-19 16:00:00,106.84,CAD,paid
po_79770a28c256,cl_005,2026-06-23 16:00:00,357.00,CAD,paid
po_558abbe1c39d,cl_005,2026-06-26 16:00:00,106.84,CAD,paid
po_23b33d2102ed,cl_005,2026-06-30 16:00:00,272.12,CAD,paid
po_edd6e6896492,cl_005,2026-07-01 16:00:00,223.42,CAD,paid
po_2b090c74b24f,cl_005,2026-07-02 16:00:00,144.44,CAD,paid
po_06f6b2a50fb0,cl_005,2026-07-06 16:00:00,164.98,CAD,paid
po_68addef7b27b,cl_005,2026-07-07 16:00:00,72.75,CAD,paid
po_581025a0f82b,cl_005,2026-07-08 16:00:00,246.33,CAD,paid
po_87d4aa2dcbcd,cl_005,2026-07-09 16:00:00,116.58,CAD,paid
po_265cadfc06ad,cl_005,2026-07-10 16:00:00,164.98,CAD,paid
po_bbdc3f45da09,cl_005,2026-07-13 16:00:00,72.75,CAD,paid
po_a30d16fbf38c,cl_005,2026-07-14 16:00:00,10.85,CAD,paid
po_dcfa6aaf1ba9,cl_005,2026-07-15 16:00:00,223.41,CAD,paid
po_8f7f56a517b7,cl_005,2026-07-16 16:00:00,159.43,CAD,paid
po_d4038a7c123f,cl_005,2026-07-17 16:00:00,183.50,CAD,paid
po_da98cf36864b,cl_005,2026-07-20 16:00:00,105.85,CAD,paid
po_e8ce17f33540,cl_005,2026-07-21 16:00:00,199.07,CAD,paid
po_8222318773f0,cl_005,2026-07-22 16:00:00,87.36,CAD,paid
po_556fe82458da,cl_005,2026-07-23 16:00:00,89.25,CAD,paid
po_e078740796bb,cl_005,2026-07-24 16:00:00,92.23,CAD,paid
po_d75972a48a71,cl_005,2026-07-28 16:00:00,208.81,CAD,paid
po_164afeee7664,cl_005,2026-07-29 16:00:00,97.09,CAD,paid
po_1a1a764002a3,cl_005,2026-07-30 16:00:00,251.53,CAD,paid
po_7ace7533d6a7,cl_005,2026-08-03 16:00:00,92.23,CAD,paid
po_6c6c194aa1f1,cl_005,2026-08-04 16:00:00,147.00,CAD,paid
po_52dabf190019,cl_005,2026-08-05 16:00:00,94.25,CAD,paid
po_4c0c5f8241cd,cl_005,2026-08-06 16:00:00,199.07,CAD,paid
po_56ae01291ea4,cl_005,2026-08-07 16:00:00,94.25,CAD,paid
po_62ef1a42068e,cl_005,2026-08-10 16:00:00,149.25,CAD,paid
po_a7df3ce85f82,cl_005,2026-08-11 16:00:00,247.77,CAD,paid
po_e5fb0d293abe,cl_005,2026-08-13 16:00:00,72.75,CAD,paid
po_a8e43550fdfe,cl_005,2026-08-14 16:00:00,223.41,CAD,paid
po_29085d22a555,cl_005,2026-08-18 16:00:00,72.75,CAD,paid
po_b70910a35f16,cl_005,2026-08-19 16:00:00,106.84,CAD,paid
po_1de2db686bd1,cl_005,2026-08-20 16:00:00,155.54,CAD,paid
po_f0879be23637,cl_005,2026-08-21 16:00:00,92.23,CAD,paid
po_c6623da377d1,cl_005,2026-08-24 16:00:00,325.39,CAD,paid
po_f0afab048d30,cl_005,2026-08-25 16:00:00,216.09,CAD,paid
po_d5688171891b,cl_005,2026-08-26 16:00:00,72.07,CAD,paid
po_da5b1cfe934f,cl_005,2026-08-27 16:00:00,116.58,CAD,paid
po_c8bb5ba290bb,cl_005,2026-08-28 16:00:00,189.32,CAD,paid
po_d805741475f2,cl_005,2026-08-31 16:00:00,203.50,CAD,paid
po_6b67a9fb9ca6,cl_005,2026-09-01 16:00:00,184.46,CAD,paid
po_3f9569cfd0b3,cl_005,2026-09-02 16:00:00,92.23,CAD,paid
po_d336e6eef0d6,cl_005,2026-09-03 16:00:00,116.58,CAD,paid
po_956a8e78f05b,cl_005,2026-09-07 16:00:00,240.05,CAD,paid
po_f07491f6a7bd,cl_005,2026-09-08 16:00:00,189.33,CAD,paid
po_ee088bf2338f,cl_005,2026-09-09 16:00:00,89.57,CAD,paid
po_793d1e78b123,cl_005,2026-09-11 16:00:00,87.36,CAD,paid
po_57972aa4a694,cl_005,2026-09-15 16:00:00,160.11,CAD,paid
po_9a261b61209b,cl_005,2026-09-16 16:00:00,92.23,CAD,paid
po_2d050023f38e,cl_005,2026-09-17 16:00:00,304.83,CAD,paid
po_f5316fc5636e,cl_005,2026-09-18 16:00:00,189.32,CAD,paid
po_584bc58e38f6,cl_005,2026-09-21 16:00:00,106.84,CAD,paid
po_a929af4388a3,cl_005,2026-09-22 16:00:00,354.61,CAD,paid
po_f0a97aa97284,cl_005,2026-09-23 16:00:00,72.75,CAD,paid
po_3dc294d50a70,cl_005,2026-09-24 16:00:00,106.84,CAD,paid
po_e1c337110552,cl_005,2026-09-25 16:00:00,305.90,CAD,paid
po_44d72e2bb9cb,cl_005,2026-09-28 16:00:00,184.46,CAD,paid
po_94b0cbad835a,cl_005,2026-09-29 16:00:00,226.09,CAD,paid
po_912b315eba45,cl_005,2026-10-01 16:00:00,249.79,CAD,paid
po_d12f091c9aa9,cl_005,2026-10-02 16:00:00,181.09,CAD,paid
po_0ffd58c0681c,cl_006,2026-04-03 16:00:00,253.50,CAD,paid
po_a23a783620cd,cl_006,2026-04-06 16:00:00,91.37,CAD,paid
po_0327d7c11a15,cl_006,2026-04-07 16:00:00,615.27,CAD,paid
po_d9569fcf0ca9,cl_006,2026-04-08 16:00:00,378.95,CAD,paid
po_48069caaa75f,cl_006,2026-04-09 16:00:00,208.81,CAD,paid
po_19e460f053cd,cl_006,2026-04-10 16:00:00,332.45,CAD,paid
po_6797f3fdb8a7,cl_006,2026-04-14 16:00:00,393.27,CAD,paid
po_1a1b96d14ac4,cl_006,2026-04-15 16:00:00,291.58,CAD,paid
po_394c9fb78110,cl_006,2026-04-16 16:00:00,179.58,CAD,paid
po_668ac3b08e4c,cl_006,2026-04-17 16:00:00,119.25,CAD,paid
po_d50ce513ad58,cl_006,2026-04-20 16:00:00,534.19,CAD,paid
po_0e70d9ccf99e,cl_006,2026-04-21 16:00:00,382.39,CAD,paid
po_6f3fa7a06bc2,cl_006,2026-04-22 16:00:00,116.58,CAD,paid
po_1e543c1142f5,cl_006,2026-04-23 16:00:00,444.38,CAD,paid
po_37ea2f0fd0d0,cl_006,2026-04-27 16:00:00,165.62,CAD,paid
po_e56f15f71141,cl_006,2026-04-28 16:00:00,334.14,CAD,paid
po_411f20716c3b,cl_006,2026-04-29 16:00:00,199.07,CAD,paid
po_c9b648c392d8,cl_006,2026-04-30 16:00:00,465.45,CAD,paid
po_f1fad0880995,cl_006,2026-05-01 16:00:00,412.06,CAD,paid
po_c6ee1ce3a636,cl_006,2026-05-04 16:00:00,310.78,CAD,paid
po_a3de3e577346,cl_006,2026-05-05 16:00:00,666.76,CAD,paid
po_5a006a3b06b0,cl_006,2026-05-06 16:00:00,398.44,CAD,paid
po_bab8b00f0654,cl_006,2026-05-07 16:00:00,198.32,CAD,paid
po_0e12ee180292,cl_006,2026-05-11 16:00:00,792.63,CAD,paid
po_3146bf905eb8,cl_006,2026-05-12 16:00:00,328.29,CAD,paid
po_c8a59cb20d4e,cl_006,2026-05-13 16:00:00,106.84,CAD,paid
po_b99cbcfe48fe,cl_006,2026-05-14 16:00:00,201.48,CAD,paid
po_61806fab30b1,cl_006,2026-05-15 16:00:00,164.98,CAD,paid
po_8006a7a2197a,cl_006,2026-05-18 16:00:00,179.59,CAD,paid
po_a7a1b0a4a22c,cl_006,2026-05-19 16:00:00,737.89,CAD,paid
po_a577b11df00f,cl_006,2026-05-20 16:00:00,76.48,CAD,paid
po_c47efb3f7e0b,cl_006,2026-05-21 16:00:00,226.09,CAD,paid
po_14191f9af841,cl_006,2026-05-22 16:00:00,286.43,CAD,paid
po_5507e2b78d2e,cl_006,2026-05-25 16:00:00,262.38,CAD,paid
po_77661b2d3e90,cl_006,2026-05-26 16:00:00,72.75,CAD,paid
po_ebbe875c35a5,cl_006,2026-05-27 16:00:00,266.95,CAD,paid
po_f907e46d3a30,cl_006,2026-05-28 16:00:00,255.34,CAD,paid
po_bfc39d7e32d0,cl_006,2026-05-29 16:00:00,697.12,CAD,paid
po_4bb3faf11cbc,cl_006,2026-06-01 16:00:00,184.46,CAD,paid
po_d19e7efc7f23,cl_006,2026-06-02 16:00:00,385.33,CAD,paid
po_75f73fd058fe,cl_006,2026-06-03 16:00:00,266.09,CAD,paid
po_4099a4a139a9,cl_006,2026-06-04 16:00:00,134.24,CAD,paid
po_7f6d69eb5db6,cl_006,2026-06-05 16:00:00,463.86,CAD,paid
po_d1c10859b6b5,cl_006,2026-06-08 16:00:00,359.30,CAD,paid
po_08717fe748c6,cl_006,2026-06-09 16:00:00,402.57,CAD,paid
po_d4414a8d0f3b,cl_006,2026-06-10 16:00:00,607.25,CAD,paid
po_cd67ac919a96,cl_006,2026-06-11 16:00:00,262.38,CAD,paid
po_3cd5da8b7df6,cl_006,2026-06-12 16:00:00,164.98,CAD,paid
po_91c2d6b22f98,cl_006,2026-06-15 16:00:00,416.84,CAD,paid
po_b080ee5700a7,cl_006,2026-06-16 16:00:00,779.47,CAD,paid
po_e47903c762f4,cl_006,2026-06-17 16:00:00,429.76,CAD,paid
po_f4ea63a2f5bd,cl_006,2026-06-18 16:00:00,317.75,CAD,paid
po_0e9ef962f815,cl_006,2026-06-19 16:00:00,218.25,CAD,paid
po_543273f1521f,cl_006,2026-06-22 16:00:00,541.01,CAD,paid
po_fc500286fc57,cl_006,2026-06-23 16:00:00,784.54,CAD,paid
po_22889cbc013b,cl_006,2026-06-24 16:00:00,145.80,CAD,paid
po_f83abd1fa372,cl_006,2026-06-25 16:00:00,168.50,CAD,paid
po_46b5e79bb5f5,cl_006,2026-06-26 16:00:00,472.05,CAD,paid
po_491295857d71,cl_006,2026-06-29 16:00:00,179.59,CAD,paid
po_d4200944fa04,cl_006,2026-06-30 16:00:00,720.92,CAD,paid
po_e2c81b460c5b,cl_006,2026-07-01 16:00:00,493.10,CAD,paid
po_9152053d48dc,cl_006,2026-07-02 16:00:00,265.76,CAD,paid
po_0379859537b9,cl_006,2026-07-03 16:00:00,417.92,CAD,paid
po_958dda8bac8d,cl_006,2026-07-06 16:00:00,286.43,CAD,paid
po_a8ff58295f68,cl_006,2026-07-07 16:00:00,177.79,CAD,paid
po_797fb5bbd06b,cl_006,2026-07-08 16:00:00,461.43,CAD,paid
po_0879be5a137d,cl_006,2026-07-09 16:00:00,354.61,CAD,paid
po_33adc819eee5,cl_006,2026-07-10 16:00:00,463.86,CAD,paid
po_acb68ce88f34,cl_006,2026-07-13 16:00:00,181.48,CAD,paid
po_7810c383579f,cl_006,2026-07-14 16:00:00,437.48,CAD,paid
po_e762c2ea8041,cl_006,2026-07-15 16:00:00,208.81,CAD,paid
po_f9127f4aef31,cl_006,2026-07-16 16:00:00,92.23,CAD,paid
po_0578dcb10550,cl_006,2026-07-17 16:00:00,318.32,CAD,paid
po_6715cb9cb7c5,cl_006,2026-07-21 16:00:00,1122.68,CAD,paid
po_18a576fbbceb,cl_006,2026-07-22 16:00:00,470.70,CAD,paid
po_02bb4ab46c08,cl_006,2026-07-23 16:00:00,393.56,CAD,paid
po_9a7524295834,cl_006,2026-07-24 16:00:00,322.40,CAD,paid
po_4e51339ed74f,cl_006,2026-07-27 16:00:00,675.76,CAD,paid
po_97a1f6865350,cl_006,2026-07-28 16:00:00,707.78,CAD,paid
po_a94c894b05d7,cl_006,2026-07-29 16:00:00,297.67,CAD,paid
po_bf3d8114ea1a,cl_006,2026-07-30 16:00:00,399.64,CAD,paid
po_bbf98d5299c3,cl_006,2026-07-31 16:00:00,364.35,CAD,paid
po_3e65aa0af3e5,cl_006,2026-08-03 16:00:00,247.77,CAD,paid
po_1c72b32b6c7c,cl_006,2026-08-04 16:00:00,299.11,CAD,paid
po_252fa373baf5,cl_006,2026-08-05 16:00:00,149.25,CAD,paid
po_6f15948208f8,cl_006,2026-08-06 16:00:00,92.23,CAD,paid
po_932b6b5c22cc,cl_006,2026-08-07 16:00:00,131.18,CAD,paid
po_442a6a6b99fd,cl_006,2026-08-10 16:00:00,364.04,CAD,paid
po_4b7d35310f00,cl_006,2026-08-11 16:00:00,432.90,CAD,paid
po_bc14c8989b5b,cl_006,2026-08-12 16:00:00,258.71,CAD,paid
po_5792cd493168,cl_006,2026-08-13 16:00:00,347.28,CAD,paid
po_1793fc867e83,cl_006,2026-08-14 16:00:00,379.98,CAD,paid
po_b8f0bf7d5b3f,cl_006,2026-08-17 16:00:00,368.06,CAD,paid
po_a7554e364921,cl_006,2026-08-18 16:00:00,373.05,CAD,paid
po_6d9fb01b3a56,cl_006,2026-08-19 16:00:00,558.88,CAD,paid
po_779ada00174a,cl_006,2026-08-20 16:00:00,166.48,CAD,paid
po_b57643350f9f,cl_006,2026-08-21 16:00:00,369.22,CAD,paid
po_812ae976a76f,cl_006,2026-08-24 16:00:00,462.36,CAD,paid
po_337414fa577e,cl_006,2026-08-25 16:00:00,973.71,CAD,paid
po_e1818f72536a,cl_006,2026-08-26 16:00:00,222.34,CAD,paid
po_bb0ddf52c7ca,cl_006,2026-08-27 16:00:00,275.83,CAD,paid
po_fd41589fdd80,cl_006,2026-08-28 16:00:00,257.85,CAD,paid
po_dff22351d4db,cl_006,2026-08-31 16:00:00,199.07,CAD,paid
po_58145c2da33b,cl_006,2026-09-01 16:00:00,537.16,CAD,paid
po_78657bdaa60f,cl_006,2026-09-02 16:00:00,406.74,CAD,paid
po_3e707773ba13,cl_006,2026-09-04 16:00:00,189.33,CAD,paid
po_fd9a3cc225a3,cl_006,2026-09-07 16:00:00,559.47,CAD,paid
po_617ed4b0d51f,cl_006,2026-09-08 16:00:00,699.18,CAD,paid
po_9e811e0a7d65,cl_006,2026-09-09 16:00:00,393.27,CAD,paid
po_bb1e5a2b2ac9,cl_006,2026-09-10 16:00:00,106.84,CAD,paid
po_b32174f80476,cl_006,2026-09-11 16:00:00,164.98,CAD,paid
po_af3c04671fa2,cl_006,2026-09-15 16:00:00,716.84,CAD,paid
po_ba2314632e92,cl_006,2026-09-16 16:00:00,271.82,CAD,paid
po_a26b41f5ea17,cl_006,2026-09-17 16:00:00,87.36,CAD,paid
po_474d589ab98c,cl_006,2026-09-18 16:00:00,267.24,CAD,paid
po_81a21ebd03f7,cl_006,2026-09-21 16:00:00,471.65,CAD,paid
po_fa83fcbce8f4,cl_006,2026-09-22 16:00:00,771.37,CAD,paid
po_9135d10f481b,cl_006,2026-09-24 16:00:00,366.38,CAD,paid
po_be52bba0e34a,cl_006,2026-09-25 16:00:00,291.30,CAD,paid
po_2c472f22b537,cl_006,2026-09-28 16:00:00,223.41,CAD,paid
po_0e10a7bed78c,cl_006,2026-09-29 16:00:00,1134.79,CAD,paid
po_d69e23fac341,cl_006,2026-09-30 16:00:00,431.27,CAD,paid
po_8119376c25e3,cl_006,2026-10-01 16:00:00,106.84,CAD,paid
po_f27245fdf357,cl_006,2026-10-02 16:00:00,329.30,CAD,paid
po_e909e3b44b36,cl_007,2026-04-06 16:00:00,199.07,CAD,paid
po_13d165f387fb,cl_007,2026-04-07 16:00:00,262.38,CAD,paid
po_55dd0f1c368c,cl_007,2026-04-08 16:00:00,106.84,CAD,paid
po_c798634c2270,cl_007,2026-04-09 16:00:00,322.54,CAD,paid
po_79c2f4487b96,cl_007,2026-04-13 16:00:00,119.25,CAD,paid
po_5caafc1a507f,cl_007,2026-04-14 16:00:00,94.25,CAD,paid
po_356357f1820e,cl_007,2026-04-15 16:00:00,266.08,CAD,paid
po_f7b6a866bedb,cl_007,2026-04-16 16:00:00,328.18,CAD,paid
po_5f7539c4c2fd,cl_007,2026-04-17 16:00:00,367.78,CAD,paid
po_d9e6113481e0,cl_007,2026-04-20 16:00:00,106.84,CAD,paid
po_acabcac3b9ae,cl_007,2026-04-21 16:00:00,203.93,CAD,paid
po_c9c9906e05bf,cl_007,2026-04-22 16:00:00,109.25,CAD,paid
po_fe62d4e5bf95,cl_007,2026-04-23 16:00:00,203.94,CAD,paid
po_3f0026db7a3c,cl_007,2026-04-27 16:00:00,179.79,CAD,paid
po_de7b6138a089,cl_007,2026-04-28 16:00:00,323.18,CAD,paid
po_b55486d79571,cl_007,2026-04-29 16:00:00,341.16,CAD,paid
po_698d038e3fd6,cl_007,2026-04-30 16:00:00,144.82,CAD,paid
po_9765b8d89953,cl_007,2026-05-01 16:00:00,319.84,CAD,paid
po_1fbac149d29a,cl_007,2026-05-05 16:00:00,569.25,CAD,paid
po_737e591d762c,cl_007,2026-05-06 16:00:00,344.87,CAD,paid
po_2e1367a7cc95,cl_007,2026-05-07 16:00:00,225.83,CAD,paid
po_040581b0dd56,cl_007,2026-05-08 16:00:00,410.69,CAD,paid
po_a65d4dac86e0,cl_007,2026-05-11 16:00:00,364.35,CAD,paid
po_28cc98244984,cl_007,2026-05-12 16:00:00,72.07,CAD,paid
po_6c0a55cc5c7c,cl_007,2026-05-13 16:00:00,159.30,CAD,paid
po_6eab39367e08,cl_007,2026-05-14 16:00:00,194.20,CAD,paid
po_9cde6bcc12ee,cl_007,2026-05-15 16:00:00,261.25,CAD,paid
po_23224a7ea050,cl_007,2026-05-18 16:00:00,16.37,CAD,paid
po_cdceebf78a0a,cl_007,2026-05-19 16:00:00,159.25,CAD,paid
po_b0c6e5501d24,cl_007,2026-05-20 16:00:00,176.61,CAD,paid
po_0c93f083daad,cl_007,2026-05-21 16:00:00,218.55,CAD,paid
po_c9cd608bbc9b,cl_007,2026-05-22 16:00:00,181.99,CAD,paid
po_cf77c0a16aeb,cl_007,2026-05-25 16:00:00,201.09,CAD,paid
po_bded72d347b5,cl_007,2026-05-26 16:00:00,16.84,CAD,paid
po_f152bd4ff704,cl_007,2026-05-27 16:00:00,252.34,CAD,paid
po_e24ebbc8668d,cl_007,2026-05-28 16:00:00,92.23,CAD,paid
po_123c4fb7c63a,cl_007,2026-05-29 16:00:00,72.75,CAD,paid
po_859474c207f0,cl_007,2026-06-01 16:00:00,340.00,CAD,paid
po_fbba749c6d9a,cl_007,2026-06-02 16:00:00,270.68,CAD,paid
po_e80007e13596,cl_007,2026-06-03 16:00:00,281.55,CAD,paid
po_e29717e82c00,cl_007,2026-06-08 16:00:00,262.38,CAD,paid
po_102c29bae560,cl_007,2026-06-09 16:00:00,472.90,CAD,paid
po_7ca5037bb8c5,cl_007,2026-06-11 16:00:00,385.71,CAD,paid
po_07a6aedac6bb,cl_007,2026-06-15 16:00:00,314.97,CAD,paid
po_e6e084c4160f,cl_007,2026-06-16 16:00:00,115.50,CAD,paid
po_88bc6e9f887d,cl_007,2026-06-17 16:00:00,92.23,CAD,paid
po_bc7f7f96ccfe,cl_007,2026-06-18 16:00:00,159.25,CAD,paid
po_fc2867701ddf,cl_007,2026-06-19 16:00:00,266.09,CAD,paid
po_99798a691159,cl_007,2026-06-22 16:00:00,92.23,CAD,paid
po_9eb23fe3a581,cl_007,2026-06-23 16:00:00,413.09,CAD,paid
po_bf4241761190,cl_007,2026-06-24 16:00:00,87.36,CAD,paid
po_b2d3f8eb96ed,cl_007,2026-06-25 16:00:00,106.84,CAD,paid
po_15234efd8445,cl_007,2026-06-26 16:00:00,286.43,CAD,paid
po_285c20766f4d,cl_007,2026-06-30 16:00:00,145.80,CAD,paid
po_b58d1174b0bd,cl_007,2026-07-01 16:00:00,432.23,CAD,paid
po_6640f4a22f62,cl_007,2026-07-02 16:00:00,164.98,CAD,paid
po_8fdf37b35a31,cl_007,2026-07-03 16:00:00,358.06,CAD,paid
po_26ecb8406cae,cl_007,2026-07-06 16:00:00,262.38,CAD,paid
po_760f5c591043,cl_007,2026-07-07 16:00:00,36.18,CAD,paid
po_bcad6adf2be6,cl_007,2026-07-08 16:00:00,105.85,CAD,paid
po_27e0b5dc8394,cl_007,2026-07-09 16:00:00,359.47,CAD,paid
po_9c3650378448,cl_007,2026-07-10 16:00:00,211.47,CAD,paid
po_f38c8b3d1c2b,cl_007,2026-07-13 16:00:00,295.05,CAD,paid
po_276b764d1f88,cl_007,2026-07-14 16:00:00,247.76,CAD,paid
po_9e7538c60143,cl_007,2026-07-15 16:00:00,403.30,CAD,paid
po_e173bd5dfd5f,cl_007,2026-07-16 16:00:00,222.43,CAD,paid
po_9012e421e7b7,cl_007,2026-07-17 16:00:00,155.54,CAD,paid
po_f1f67e29d28e,cl_007,2026-07-20 16:00:00,109.25,CAD,paid
po_660346c2a267,cl_007,2026-07-21 16:00:00,534.50,CAD,paid
po_63aa77268f9f,cl_007,2026-07-22 16:00:00,199.07,CAD,paid
po_de42a9421b2b,cl_007,2026-07-23 16:00:00,154.48,CAD,paid
po_413e74070355,cl_007,2026-07-24 16:00:00,150.76,CAD,paid
po_c75c1117ee2c,cl_007,2026-07-27 16:00:00,388.40,CAD,paid
po_28bd6b8106fe,cl_007,2026-07-29 16:00:00,363.24,CAD,paid
po_be308d509faf,cl_007,2026-07-30 16:00:00,199.06,CAD,paid
po_d5d7c0ffdbbc,cl_007,2026-07-31 16:00:00,92.23,CAD,paid
po_9a14c1a9757c,cl_007,2026-08-03 16:00:00,320.52,CAD,paid
po_ba3f0ef4cb4e,cl_007,2026-08-04 16:00:00,526.26,CAD,paid
po_1c6e760253b4,cl_007,2026-08-06 16:00:00,461.74,CAD,paid
po_306e8425b442,cl_007,2026-08-07 16:00:00,149.25,CAD,paid
po_0877cc71e3dc,cl_007,2026-08-10 16:00:00,223.42,CAD,paid
po_d1ace0b65d4f,cl_007,2026-08-11 16:00:00,249.79,CAD,paid
po_aa90122e44dd,cl_007,2026-08-12 16:00:00,164.98,CAD,paid
po_6ba9f56e6de3,cl_007,2026-08-13 16:00:00,262.38,CAD,paid
po_534eaeb08cfb,cl_007,2026-08-14 16:00:00,164.12,CAD,paid
po_4b2b77519457,cl_007,2026-08-17 16:00:00,186.48,CAD,paid
po_c415d678fc1a,cl_007,2026-08-18 16:00:00,372.63,CAD,paid
po_1369822b04e5,cl_007,2026-08-19 16:00:00,219.75,CAD,paid
po_5a66d1191d43,cl_007,2026-08-20 16:00:00,92.23,CAD,paid
po_7452ef5cef7c,cl_007,2026-08-21 16:00:00,288.74,CAD,paid
po_301a48a1acb1,cl_007,2026-08-25 16:00:00,354.61,CAD,paid
po_2ff80f912091,cl_007,2026-08-26 16:00:00,322.92,CAD,paid
po_d523332da7f1,cl_007,2026-08-27 16:00:00,268.50,CAD,paid
po_a032fca23edf,cl_007,2026-08-28 16:00:00,332.28,CAD,paid
po_85101f3f951e,cl_007,2026-09-01 16:00:00,87.36,CAD,paid
po_ace4388c6dc2,cl_007,2026-09-03 16:00:00,72.75,CAD,paid
po_6a5e5eb42263,cl_007,2026-09-04 16:00:00,330.25,CAD,paid
po_7c6ab715a38b,cl_007,2026-09-07 16:00:00,-17.77,CAD,paid
po_b1d6c6d7c1c1,cl_007,2026-09-08 16:00:00,353.75,CAD,paid
po_cd44e9be067b,cl_007,2026-09-09 16:00:00,240.42,CAD,paid
po_4a4e0ca56674,cl_007,2026-09-10 16:00:00,106.84,CAD,paid
po_f62ff2387289,cl_007,2026-09-11 16:00:00,155.54,CAD,paid
po_6b695978030f,cl_007,2026-09-14 16:00:00,440.98,CAD,paid
po_db776acd73d9,cl_007,2026-09-16 16:00:00,466.29,CAD,paid
po_220e18d6690a,cl_007,2026-09-17 16:00:00,344.87,CAD,paid
po_df1b7a60b7b2,cl_007,2026-09-18 16:00:00,298.87,CAD,paid
po_4c7f177ee110,cl_007,2026-09-21 16:00:00,255.05,CAD,paid
po_2a1ba8eec0e4,cl_007,2026-09-22 16:00:00,186.56,CAD,paid
po_018a97212ce1,cl_007,2026-09-23 16:00:00,145.79,CAD,paid
po_64628880e898,cl_007,2026-09-24 16:00:00,106.84,CAD,paid
po_4423ec300f63,cl_007,2026-09-25 16:00:00,196.09,CAD,paid
po_19714d264ac7,cl_007,2026-09-28 16:00:00,274.79,CAD,paid
po_b76d2bcd32b9,cl_007,2026-09-29 16:00:00,148.03,CAD,paid
po_b7d65f6e932b,cl_007,2026-09-30 16:00:00,72.75,CAD,paid
po_7c8df8d74438,cl_007,2026-10-01 16:00:00,94.25,CAD,paid
po_e1035ad12e61,cl_007,2026-10-02 16:00:00,189.33,CAD,paid
po_3b69be28ea98,cl_008,2026-04-03 16:00:00,294.75,CAD,paid
po_1f240b9e45ac,cl_008,2026-04-06 16:00:00,486.65,CAD,paid
po_0e90aa386705,cl_008,2026-04-07 16:00:00,314.66,CAD,paid
po_ce5bff948d3b,cl_008,2026-04-08 16:00:00,319.36,CAD,paid
po_01c41d2854c2,cl_008,2026-04-09 16:00:00,291.30,CAD,paid
po_1340a3c4cd5c,cl_008,2026-04-10 16:00:00,262.38,CAD,paid
po_eb90549b2374,cl_008,2026-04-14 16:00:00,563.12,CAD,paid
po_2443b516438e,cl_008,2026-04-15 16:00:00,416.62,CAD,paid
po_4118517faf43,cl_008,2026-04-16 16:00:00,611.11,CAD,paid
po_226b9e906229,cl_008,2026-04-17 16:00:00,288.32,CAD,paid
po_669fcc78db7e,cl_008,2026-04-20 16:00:00,597.70,CAD,paid
po_b61c8528c1c6,cl_008,2026-04-21 16:00:00,640.86,CAD,paid
po_3e12a98f18a4,cl_008,2026-04-22 16:00:00,184.46,CAD,paid
po_8e478026dd7f,cl_008,2026-04-23 16:00:00,446.83,CAD,paid
po_f501ffbd5b5c,cl_008,2026-04-24 16:00:00,388.39,CAD,paid
po_c3eb52e71836,cl_008,2026-04-27 16:00:00,676.51,CAD,paid
po_c7320935528a,cl_008,2026-04-28 16:00:00,258.71,CAD,paid
po_41c88d52db62,cl_008,2026-04-29 16:00:00,504.12,CAD,paid
po_8daf1210bd40,cl_008,2026-04-30 16:00:00,113.02,CAD,paid
po_6e02c7a0ed84,cl_008,2026-05-01 16:00:00,424.29,CAD,paid
po_a53a25fc5a97,cl_008,2026-05-04 16:00:00,729.72,CAD,paid
po_4753dad62721,cl_008,2026-05-05 16:00:00,385.93,CAD,paid
po_5429801f3789,cl_008,2026-05-06 16:00:00,379.82,CAD,paid
po_a1cac48a77fd,cl_008,2026-05-07 16:00:00,145.80,CAD,paid
po_eca3260fc2a0,cl_008,2026-05-08 16:00:00,471.79,CAD,paid
po_6bbbf4f2ae01,cl_008,2026-05-11 16:00:00,164.98,CAD,paid
po_2fb25948869c,cl_008,2026-05-12 16:00:00,319.74,CAD,paid
po_83e5117a2161,cl_008,2026-05-13 16:00:00,244.35,CAD,paid
po_ef5efabc0d17,cl_008,2026-05-14 16:00:00,189.33,CAD,paid
po_5f7015b1e87a,cl_008,2026-05-15 16:00:00,602.38,CAD,paid
po_f05bfffe6035,cl_008,2026-05-18 16:00:00,631.30,CAD,paid
po_4ba61bf5b9ab,cl_008,2026-05-19 16:00:00,749.75,CAD,paid
po_d51c3caad9ae,cl_008,2026-05-20 16:00:00,116.58,CAD,paid
po_d14de8d82733,cl_008,2026-05-21 16:00:00,102.34,CAD,paid
po_25b67d05b759,cl_008,2026-05-22 16:00:00,423.09,CAD,paid
po_b04b7f03b3f8,cl_008,2026-05-25 16:00:00,259.23,CAD,paid
po_1d0e02438f2e,cl_008,2026-05-26 16:00:00,810.32,CAD,paid
po_779bf5c591db,cl_008,2026-05-27 16:00:00,145.80,CAD,paid
po_22ea9f1fc0b8,cl_008,2026-05-28 16:00:00,199.07,CAD,paid
po_f4d8f72c8d7d,cl_008,2026-05-29 16:00:00,521.09,CAD,paid
po_e93ae6aac6b0,cl_008,2026-06-01 16:00:00,201.47,CAD,paid
po_1977d0c6130f,cl_008,2026-06-02 16:00:00,597.21,CAD,paid
po_aa86b99ccf95,cl_008,2026-06-03 16:00:00,521.08,CAD,paid
po_c8ff99864c3f,cl_008,2026-06-04 16:00:00,564.93,CAD,paid
po_5bffe6bce6fa,cl_008,2026-06-05 16:00:00,559.44,CAD,paid
po_e49100d998f4,cl_008,2026-06-08 16:00:00,145.80,CAD,paid
po_5f6dc5a82f97,cl_008,2026-06-09 16:00:00,314.78,CAD,paid
po_4e224ede636b,cl_008,2026-06-10 16:00:00,415.42,CAD,paid
po_11af0ed26dee,cl_008,2026-06-11 16:00:00,271.82,CAD,paid
po_1347ad5cdcb9,cl_008,2026-06-12 16:00:00,625.65,CAD,paid
po_20943afbba3e,cl_008,2026-06-15 16:00:00,298.06,CAD,paid
po_0615284dbbc3,cl_008,2026-06-16 16:00:00,723.28,CAD,paid
po_a058b6cdca14,cl_008,2026-06-17 16:00:00,399.64,CAD,paid
po_17f060468157,cl_008,2026-06-18 16:00:00,378.96,CAD,paid
po_7df28c7ea326,cl_008,2026-06-19 16:00:00,198.50,CAD,paid
po_b93a48aaccbb,cl_008,2026-06-22 16:00:00,411.53,CAD,paid
po_55fa4b0f52b1,cl_008,2026-06-23 16:00:00,504.72,CAD,paid
po_8d72011114d7,cl_008,2026-06-24 16:00:00,-11.84,CAD,paid
po_885a3b9c6649,cl_008,2026-06-25 16:00:00,218.49,CAD,paid
po_96d588318996,cl_008,2026-06-26 16:00:00,304.04,CAD,paid
po_e20290448971,cl_008,2026-06-29 16:00:00,563.12,CAD,paid
po_5253b72b7615,cl_008,2026-06-30 16:00:00,341.16,CAD,paid
po_51aa1890d6b9,cl_008,2026-07-01 16:00:00,493.19,CAD,paid
po_c77c279f2197,cl_008,2026-07-02 16:00:00,390.80,CAD,paid
po_61b1c04e14b5,cl_008,2026-07-03 16:00:00,218.55,CAD,paid
po_c224612c05bf,cl_008,2026-07-06 16:00:00,106.84,CAD,paid
po_7fd90480f423,cl_008,2026-07-07 16:00:00,446.14,CAD,paid
po_4078e3eed62e,cl_008,2026-07-08 16:00:00,199.07,CAD,paid
po_ecdd955738c1,cl_008,2026-07-09 16:00:00,541.48,CAD,paid
po_acc340ca5564,cl_008,2026-07-10 16:00:00,155.54,CAD,paid
po_f05ccf5b222e,cl_008,2026-07-13 16:00:00,521.60,CAD,paid
po_ad2b46bb14e4,cl_008,2026-07-14 16:00:00,377.73,CAD,paid
po_aa568b1ffa98,cl_008,2026-07-15 16:00:00,310.77,CAD,paid
po_4d62a7bf8435,cl_008,2026-07-16 16:00:00,313.45,CAD,paid
po_74d5d1d2f7cb,cl_008,2026-07-17 16:00:00,181.09,CAD,paid
po_8c7d2bd2b9bf,cl_008,2026-07-20 16:00:00,94.25,CAD,paid
po_8d6355eb855c,cl_008,2026-07-21 16:00:00,392.41,CAD,paid
po_133ca13c3089,cl_008,2026-07-22 16:00:00,106.84,CAD,paid
po_cec046882481,cl_008,2026-07-23 16:00:00,679.12,CAD,paid
po_0d7097c22851,cl_008,2026-07-24 16:00:00,305.04,CAD,paid
po_cda48421d0a6,cl_008,2026-07-27 16:00:00,220.05,CAD,paid
po_59946ff045bb,cl_008,2026-07-28 16:00:00,336.57,CAD,paid
po_66a4612095fb,cl_008,2026-07-29 16:00:00,233.70,CAD,paid
po_12f896966c4e,cl_008,2026-07-30 16:00:00,443.43,CAD,paid
po_cf824b38fae8,cl_008,2026-07-31 16:00:00,492.94,CAD,paid
po_f070b7ef0203,cl_008,2026-08-03 16:00:00,71.48,CAD,paid
po_89bd38fb9623,cl_008,2026-08-04 16:00:00,465.16,CAD,paid
po_52d88a7074dd,cl_008,2026-08-05 16:00:00,398.42,CAD,paid
po_e4609efea2a4,cl_008,2026-08-06 16:00:00,555.86,CAD,paid
po_d891afa0830c,cl_008,2026-08-07 16:00:00,360.91,CAD,paid
po_71a5d20f766d,cl_008,2026-08-10 16:00:00,467.68,CAD,paid
po_94e2b304f6ea,cl_008,2026-08-11 16:00:00,306.43,CAD,paid
po_b3c93744906e,cl_008,2026-08-12 16:00:00,307.93,CAD,paid
po_0264297d2c7a,cl_008,2026-08-13 16:00:00,509.83,CAD,paid
po_11891f1ce8ec,cl_008,2026-08-14 16:00:00,340.58,CAD,paid
po_a8026d9ec985,cl_008,2026-08-17 16:00:00,184.46,CAD,paid
po_deba3944b7f9,cl_008,2026-08-18 16:00:00,92.23,CAD,paid
po_dbfd9392fb74,cl_008,2026-08-19 16:00:00,215.10,CAD,paid
po_e13bf576ff08,cl_008,2026-08-20 16:00:00,611.25,CAD,paid
po_ecc2385cee90,cl_008,2026-08-21 16:00:00,406.46,CAD,paid
po_76a4c0256394,cl_008,2026-08-24 16:00:00,268.19,CAD,paid
po_23f53460ec32,cl_008,2026-08-25 16:00:00,860.40,CAD,paid
po_32c9c1c1c30a,cl_008,2026-08-26 16:00:00,247.77,CAD,paid
po_8df78ab7a5d2,cl_008,2026-08-27 16:00:00,89.25,CAD,paid
po_227dbf70e64f,cl_008,2026-08-28 16:00:00,363.19,CAD,paid
po_1de1b5266caa,cl_008,2026-08-31 16:00:00,586.77,CAD,paid
po_2cf5d24ebc53,cl_008,2026-09-01 16:00:00,895.76,CAD,paid
po_ea5613ceaf0d,cl_008,2026-09-02 16:00:00,680.47,CAD,paid
po_59e7889d83ba,cl_008,2026-09-03 16:00:00,427.36,CAD,paid
po_702ad13b6561,cl_008,2026-09-04 16:00:00,650.96,CAD,paid
po_383df1c44f65,cl_008,2026-09-07 16:00:00,87.35,CAD,paid
po_3af8855aaca6,cl_008,2026-09-08 16:00:00,199.07,CAD,paid
po_1aa1afce9d78,cl_008,2026-09-09 16:00:00,832.37,CAD,paid
po_317c07512c9e,cl_008,2026-09-10 16:00:00,747.88,CAD,paid
po_3b656a6705a6,cl_008,2026-09-11 16:00:00,654.39,CAD,paid
po_f706f11743f9,cl_008,2026-09-14 16:00:00,-20.75,CAD,paid
po_adec10ab5d20,cl_008,2026-09-15 16:00:00,751.40,CAD,paid
po_cfa327b38664,cl_008,2026-09-16 16:00:00,182.00,CAD,paid
po_c98140aa4a0f,cl_008,2026-09-17 16:00:00,145.80,CAD,paid
po_42daf98b6a7d,cl_008,2026-09-18 16:00:00,278.71,CAD,paid
po_b8fbb11457a7,cl_008,2026-09-21 16:00:00,336.91,CAD,paid
po_9d1d4ff2750f,cl_008,2026-09-22 16:00:00,535.40,CAD,paid
po_dcee5221fa4c,cl_008,2026-09-23 16:00:00,286.72,CAD,paid
po_39680b10a690,cl_008,2026-09-25 16:00:00,295.93,CAD,paid
po_e7aaf5f6f2d3,cl_008,2026-09-28 16:00:00,495.54,CAD,paid
po_ea0b2431324f,cl_008,2026-09-29 16:00:00,128.60,CAD,paid
po_837dc5b050be,cl_008,2026-09-30 16:00:00,262.38,CAD,paid
po_6785dd58f4e4,cl_008,2026-10-01 16:00:00,378.66,CAD,paid
po_e4d4958ecdf7,cl_008,2026-10-02 16:00:00,308.01,CAD,paid
po_a97ec8701767,cl_008,2026-10-05 16:00:00,92.23,CAD,paid
po_b340867fd3c1,cl_009,2026-04-03 16:00:00,99.24,CAD,paid
po_a0d60d3a9e83,cl_009,2026-04-06 16:00:00,111.70,CAD,paid
po_5bdfd0b14113,cl_009,2026-04-07 16:00:00,109.24,CAD,paid
po_859cf8124e31,cl_009,2026-04-08 16:00:00,315.64,CAD,paid
po_35680a8cdb5a,cl_009,2026-04-09 16:00:00,179.59,CAD,paid
po_2bc65b961889,cl_009,2026-04-10 16:00:00,207.95,CAD,paid
po_67fceec43bcb,cl_009,2026-04-13 16:00:00,164.98,CAD,paid
po_bfc83781c8f0,cl_009,2026-04-14 16:00:00,457.12,CAD,paid
po_e13bf8656a8e,cl_009,2026-04-15 16:00:00,218.55,CAD,paid
po_45579c749022,cl_009,2026-04-16 16:00:00,417.91,CAD,paid
po_ffe99c0f64df,cl_009,2026-04-17 16:00:00,155.54,CAD,paid
po_649a6b50110d,cl_009,2026-04-20 16:00:00,252.64,CAD,paid
po_8653d97113b0,cl_009,2026-04-21 16:00:00,92.23,CAD,paid
po_16ab90a35c58,cl_009,2026-04-22 16:00:00,480.93,CAD,paid
po_1b5b3134a617,cl_009,2026-04-23 16:00:00,223.42,CAD,paid
po_f3624a9f35d5,cl_009,2026-04-24 16:00:00,87.36,CAD,paid
po_bf2eea469302,cl_009,2026-04-27 16:00:00,145.80,CAD,paid
po_de4c533723cf,cl_009,2026-04-28 16:00:00,663.95,CAD,paid
po_014e7f92f14e,cl_009,2026-04-29 16:00:00,92.23,CAD,paid
po_4721c887a7b9,cl_009,2026-04-30 16:00:00,92.23,CAD,paid
po_a156f907a338,cl_009,2026-05-01 16:00:00,-2.77,CAD,paid
po_40fae1508cb7,cl_009,2026-05-04 16:00:00,237.73,CAD,paid
po_fc422981a15a,cl_009,2026-05-05 16:00:00,381.35,CAD,paid
po_0c4c94d16d5d,cl_009,2026-05-07 16:00:00,425.94,CAD,paid
po_f52985e6ba4b,cl_009,2026-05-08 16:00:00,111.70,CAD,paid
po_bd95ac576a1d,cl_009,2026-05-11 16:00:00,92.23,CAD,paid
po_a179aba22912,cl_009,2026-05-12 16:00:00,353.53,CAD,paid
po_b2d3f2bd43de,cl_009,2026-05-13 16:00:00,267.24,CAD,paid
po_8d15d6b61af9,cl_009,2026-05-14 16:00:00,129.33,CAD,paid
po_5239b7fdf689,cl_009,2026-05-15 16:00:00,91.37,CAD,paid
po_ccad9fb84c18,cl_009,2026-05-19 16:00:00,72.75,CAD,paid
po_81a5e20002c3,cl_009,2026-05-20 16:00:00,155.54,CAD,paid
po_8e60cb26bfad,cl_009,2026-05-21 16:00:00,87.36,CAD,paid
po_326d2cf73993,cl_009,2026-05-22 16:00:00,180.80,CAD,paid
po_8efdbf153847,cl_009,2026-05-25 16:00:00,573.16,CAD,paid
po_a04cfc385bdb,cl_009,2026-05-26 16:00:00,153.16,CAD,paid
po_42a94f30d3f1,cl_009,2026-05-27 16:00:00,116.58,CAD,paid
po_3f3d0c36374e,cl_009,2026-05-28 16:00:00,179.59,CAD,paid
po_0af74f240524,cl_009,2026-05-29 16:00:00,213.68,CAD,paid
po_737d828ca703,cl_009,2026-06-02 16:00:00,305.91,CAD,paid
po_dc4dd36d6799,cl_009,2026-06-03 16:00:00,94.25,CAD,paid
po_635fe5aea9d7,cl_009,2026-06-04 16:00:00,109.25,CAD,paid
po_7a32ae57b18f,cl_009,2026-06-05 16:00:00,313.83,CAD,paid
po_fd18562470cf,cl_009,2026-06-08 16:00:00,330.25,CAD,paid
po_141141af8474,cl_009,2026-06-09 16:00:00,199.07,CAD,paid
po_65fbb549e08f,cl_009,2026-06-10 16:00:00,242.90,CAD,paid
po_87703fbf8a2e,cl_009,2026-06-12 16:00:00,368.23,CAD,paid
po_55c114226e43,cl_009,2026-06-15 16:00:00,293.32,CAD,paid
po_e98f4eebd41a,cl_009,2026-06-16 16:00:00,223.41,CAD,paid
po_32e9dcf549af,cl_009,2026-06-18 16:00:00,223.42,CAD,paid
po_0f212e4f6f34,cl_009,2026-06-19 16:00:00,116.58,CAD,paid
po_d321771c46e6,cl_009,2026-06-22 16:00:00,72.07,CAD,paid
po_451f7bb8875e,cl_009,2026-06-23 16:00:00,544.23,CAD,paid
po_d70f199ac943,cl_009,2026-06-24 16:00:00,72.75,CAD,paid
po_273330727968,cl_009,2026-06-25 16:00:00,115.50,CAD,paid
po_9b88ea1bdaf6,cl_009,2026-06-26 16:00:00,91.37,CAD,paid
po_a0e58f47abef,cl_009,2026-06-29 16:00:00,183.50,CAD,paid
po_45d81c1f83bf,cl_009,2026-06-30 16:00:00,612.10,CAD,paid
po_ae5c120cb459,cl_009,2026-07-01 16:00:00,339.99,CAD,paid
po_6f79cf804608,cl_009,2026-07-02 16:00:00,155.54,CAD,paid
po_1afdf17b1eac,cl_009,2026-07-03 16:00:00,252.34,CAD,paid
po_87b51b1ea9d3,cl_009,2026-07-06 16:00:00,199.07,CAD,paid
po_74e0b77f773c,cl_009,2026-07-07 16:00:00,403.30,CAD,paid
po_04915e274492,cl_009,2026-07-08 16:00:00,208.81,CAD,paid
po_fba92d8802cd,cl_009,2026-07-09 16:00:00,334.32,CAD,paid
po_b0863c44749b,cl_009,2026-07-10 16:00:00,238.03,CAD,paid
po_63a44804382c,cl_009,2026-07-13 16:00:00,155.54,CAD,paid
po_967125743f05,cl_009,2026-07-14 16:00:00,309.80,CAD,paid
po_0823f62eb2a0,cl_009,2026-07-15 16:00:00,286.43,CAD,paid
po_14f65bb1a0aa,cl_009,2026-07-16 16:00:00,407.87,CAD,paid
po_c2f3da97ad4a,cl_009,2026-07-17 16:00:00,91.37,CAD,paid
po_9b52245f52b8,cl_009,2026-07-20 16:00:00,54.98,CAD,paid
po_b0430cdab256,cl_009,2026-07-21 16:00:00,215.43,CAD,paid
po_2179e8b32cc7,cl_009,2026-07-22 16:00:00,87.36,CAD,paid
po_8d9fbc7beeea,cl_009,2026-07-23 16:00:00,184.46,CAD,paid
po_e4ca9d905ece,cl_009,2026-07-24 16:00:00,145.80,CAD,paid
po_4cf3347cb0ad,cl_009,2026-07-28 16:00:00,474.77,CAD,paid
po_0cea89db4270,cl_009,2026-07-30 16:00:00,188.65,CAD,paid
po_471b4cead975,cl_009,2026-08-03 16:00:00,178.73,CAD,paid
po_220cb3787206,cl_009,2026-08-04 16:00:00,164.98,CAD,paid
po_9768b07b6c2f,cl_009,2026-08-05 16:00:00,213.68,CAD,paid
po_9c260ee906d5,cl_009,2026-08-06 16:00:00,92.23,CAD,paid
po_1601fc74ef02,cl_009,2026-08-07 16:00:00,299.61,CAD,paid
po_f7810deba4de,cl_009,2026-08-10 16:00:00,252.64,CAD,paid
po_b231b12fb479,cl_009,2026-08-11 16:00:00,73.04,CAD,paid
po_8ca737b57ba0,cl_009,2026-08-12 16:00:00,342.65,CAD,paid
po_ca86db502165,cl_009,2026-08-13 16:00:00,-66.08,CAD,paid
po_2dee45cdade2,cl_009,2026-08-14 16:00:00,257.21,CAD,paid
po_6a90658a648c,cl_009,2026-08-17 16:00:00,203.93,CAD,paid
po_a57c44edac5a,cl_009,2026-08-18 16:00:00,340.00,CAD,paid
po_e6436feb9ab7,cl_009,2026-08-19 16:00:00,353.45,CAD,paid
po_52fb876483cb,cl_009,2026-08-20 16:00:00,527.17,CAD,paid
po_ca5a11fd4ba7,cl_009,2026-08-21 16:00:00,251.48,CAD,paid
po_bd65c2faa04d,cl_009,2026-08-24 16:00:00,243.50,CAD,paid
po_dd69ff54aff7,cl_009,2026-08-25 16:00:00,443.30,CAD,paid
po_1e162838d35d,cl_009,2026-08-26 16:00:00,145.80,CAD,paid
po_6898227708a6,cl_009,2026-08-27 16:00:00,300.36,CAD,paid
po_bfd266ebac3d,cl_009,2026-08-28 16:00:00,207.73,CAD,paid
po_51638b53a60d,cl_009,2026-08-31 16:00:00,238.01,CAD,paid
po_fa7c342c95f1,cl_009,2026-09-01 16:00:00,325.39,CAD,paid
po_8a87deac377e,cl_009,2026-09-02 16:00:00,92.23,CAD,paid
po_0ea48c4757ba,cl_009,2026-09-03 16:00:00,116.58,CAD,paid
po_b6cf14670815,cl_009,2026-09-04 16:00:00,349.74,CAD,paid
po_47678d8d18bf,cl_009,2026-09-07 16:00:00,149.25,CAD,paid
po_27dc8d402998,cl_009,2026-09-08 16:00:00,211.48,CAD,paid
po_413c3bece8d1,cl_009,2026-09-09 16:00:00,92.89,CAD,paid
po_5ba12a8b6a7e,cl_009,2026-09-10 16:00:00,314.79,CAD,paid
po_1022ad5f8857,cl_009,2026-09-11 16:00:00,86.55,CAD,paid
po_a760b32a2a61,cl_009,2026-09-14 16:00:00,92.23,CAD,paid
po_03007681f1c8,cl_009,2026-09-15 16:00:00,199.47,CAD,paid
po_2e54ee21c6ac,cl_009,2026-09-16 16:00:00,378.09,CAD,paid
po_603e14fec57c,cl_009,2026-09-17 16:00:00,247.77,CAD,paid
po_ef90b097d869,cl_009,2026-09-18 16:00:00,378.95,CAD,paid
po_ddb458002d57,cl_009,2026-09-21 16:00:00,155.54,CAD,paid
po_b8e208d4a5e4,cl_009,2026-09-22 16:00:00,409.38,CAD,paid
po_663c57aea8c6,cl_009,2026-09-23 16:00:00,89.24,CAD,paid
po_85a8703c15f1,cl_009,2026-09-24 16:00:00,106.83,CAD,paid
po_41a623be48c4,cl_009,2026-09-28 16:00:00,206.61,CAD,paid
po_96a6610250d4,cl_009,2026-09-29 16:00:00,164.98,CAD,paid
po_23664027d027,cl_009,2026-10-01 16:00:00,408.17,CAD,paid
po_8218cf050306,cl_009,2026-10-02 16:00:00,106.83,CAD,paid
po_ca099b470f8a,cl_009,2026-10-05 16:00:00,-54.53,CAD,paid
po_553173132d9e,cl_010,2026-04-03 16:00:00,519.80,CAD,paid
po_ce3e0b609d52,cl_010,2026-04-06 16:00:00,299.68,CAD,paid
po_69abe727c4e3,cl_010,2026-04-07 16:00:00,199.07,CAD,paid
po_07d593e51f07,cl_010,2026-04-08 16:00:00,72.75,CAD,paid
po_4d9ebc34aabe,cl_010,2026-04-09 16:00:00,213.67,CAD,paid
po_a2919ccd768f,cl_010,2026-04-10 16:00:00,370.06,CAD,paid
po_e5e52d6a6215,cl_010,2026-04-13 16:00:00,381.59,CAD,paid
po_8eeb5fe435e2,cl_010,2026-04-15 16:00:00,443.98,CAD,paid
po_b736b6e4ddf5,cl_010,2026-04-16 16:00:00,271.82,CAD,paid
po_b14aff803aef,cl_010,2026-04-17 16:00:00,208.81,CAD,paid
po_fa3792f1bd38,cl_010,2026-04-20 16:00:00,194.92,CAD,paid
po_c43c7a396be6,cl_010,2026-04-21 16:00:00,361.92,CAD,paid
po_172e3ee35b61,cl_010,2026-04-22 16:00:00,437.09,CAD,paid
po_cafc226d1f0d,cl_010,2026-04-23 16:00:00,459.43,CAD,paid
po_98c2d63d50cc,cl_010,2026-04-24 16:00:00,247.77,CAD,paid
po_1ecfb65294eb,cl_010,2026-04-27 16:00:00,348.31,CAD,paid
po_a34f810bb461,cl_010,2026-04-28 16:00:00,72.75,CAD,paid
po_2b449dfe8077,cl_010,2026-04-29 16:00:00,251.48,CAD,paid
po_2818d8b1b078,cl_010,2026-04-30 16:00:00,-133.00,CAD,paid
po_c23f097b12cf,cl_010,2026-05-01 16:00:00,264.75,CAD,paid
po_2cd1b95a13cc,cl_010,2026-05-04 16:00:00,271.81,CAD,paid
po_4bb15707a5cb,cl_010,2026-05-05 16:00:00,394.59,CAD,paid
po_f4f5d5d7846b,cl_010,2026-05-06 16:00:00,87.36,CAD,paid
po_b71e55bfd148,cl_010,2026-05-07 16:00:00,216.09,CAD,paid
po_6f7c59d8f3b6,cl_010,2026-05-08 16:00:00,304.35,CAD,paid
po_2fd7d8038723,cl_010,2026-05-11 16:00:00,273.55,CAD,paid
po_122b741919db,cl_010,2026-05-12 16:00:00,285.44,CAD,paid
po_008a14b5bbbc,cl_010,2026-05-13 16:00:00,539.07,CAD,paid
po_d6dcd43dc814,cl_010,2026-05-14 16:00:00,510.15,CAD,paid
po_ed8401dcd744,cl_010,2026-05-15 16:00:00,161.61,CAD,paid
po_38d78d1b9064,cl_010,2026-05-18 16:00:00,232.35,CAD,paid
po_10fa938a16da,cl_010,2026-05-19 16:00:00,448.00,CAD,paid
po_3ac71514e6cb,cl_010,2026-05-20 16:00:00,329.18,CAD,paid
po_ac9e608fe90c,cl_010,2026-05-21 16:00:00,127.73,CAD,paid
po_8f6e355d3c81,cl_010,2026-05-22 16:00:00,545.86,CAD,paid
po_09c05183b995,cl_010,2026-05-25 16:00:00,344.87,CAD,paid
po_f7fd872c7180,cl_010,2026-05-26 16:00:00,617.99,CAD,paid
po_6ba43816a029,cl_010,2026-05-27 16:00:00,161.35,CAD,paid
po_29548dc62423,cl_010,2026-05-28 16:00:00,373.10,CAD,paid
po_6d5fc80cd2d5,cl_010,2026-05-29 16:00:00,281.55,CAD,paid
po_f483b66baecd,cl_010,2026-06-01 16:00:00,218.55,CAD,paid
po_70065b647054,cl_010,2026-06-02 16:00:00,301.04,CAD,paid
po_37dbc0d3fe85,cl_010,2026-06-03 16:00:00,314.21,CAD,paid
po_b57864d533b8,cl_010,2026-06-04 16:00:00,126.31,CAD,paid
po_b7cd7dcbe60e,cl_010,2026-06-05 16:00:00,262.08,CAD,paid
po_a2d254efd594,cl_010,2026-06-08 16:00:00,262.37,CAD,paid
po_7a279aaa111f,cl_010,2026-06-09 16:00:00,247.77,CAD,paid
po_9074e872a316,cl_010,2026-06-11 16:00:00,233.16,CAD,paid
po_db4d5169234e,cl_010,2026-06-12 16:00:00,188.25,CAD,paid
po_b5fd3bd53b53,cl_010,2026-06-15 16:00:00,179.58,CAD,paid
po_ca28b5fb1bb0,cl_010,2026-06-16 16:00:00,529.32,CAD,paid
po_5cf996830a98,cl_010,2026-06-17 16:00:00,346.37,CAD,paid
po_5f50ddb9bb48,cl_010,2026-06-18 16:00:00,538.82,CAD,paid
po_3ea1dbf5999b,cl_010,2026-06-19 16:00:00,300.20,CAD,paid
po_5f5f276a8886,cl_010,2026-06-22 16:00:00,199.07,CAD,paid
po_ad2ce28de30e,cl_010,2026-06-23 16:00:00,747.05,CAD,paid
po_d86fdcfb369e,cl_010,2026-06-24 16:00:00,208.81,CAD,paid
po_c57b7545436c,cl_010,2026-06-25 16:00:00,94.25,CAD,paid
po_49331d3d860b,cl_010,2026-06-26 16:00:00,452.83,CAD,paid
po_dd464611c48d,cl_010,2026-06-29 16:00:00,325.38,CAD,paid
po_5a291184931e,cl_010,2026-06-30 16:00:00,479.64,CAD,paid
po_536e01da0d96,cl_010,2026-07-01 16:00:00,213.67,CAD,paid
po_f55f12867f12,cl_010,2026-07-02 16:00:00,274.23,CAD,paid
po_99f1d1abb245,cl_010,2026-07-03 16:00:00,388.70,CAD,paid
po_f9df91d2d046,cl_010,2026-07-06 16:00:00,651.84,CAD,paid
po_d0f2ad0b7bf5,cl_010,2026-07-07 16:00:00,359.18,CAD,paid
po_7876f01cb94d,cl_010,2026-07-08 16:00:00,121.44,CAD,paid
po_6364c1962c5d,cl_010,2026-07-09 16:00:00,662.31,CAD,paid
po_63aaf8a2e093,cl_010,2026-07-10 16:00:00,272.14,CAD,paid
po_2fec5b35457c,cl_010,2026-07-13 16:00:00,399.63,CAD,paid
po_c07a5ec2e4cf,cl_010,2026-07-14 16:00:00,381.94,CAD,paid
po_b15d712f6907,cl_010,2026-07-15 16:00:00,322.05,CAD,paid
po_0692d04bf163,cl_010,2026-07-16 16:00:00,510.88,CAD,paid
po_ccd698a850cf,cl_010,2026-07-17 16:00:00,329.68,CAD,paid
po_61736a0ebe4f,cl_010,2026-07-20 16:00:00,403.49,CAD,paid
po_7acc1b1ba163,cl_010,2026-07-21 16:00:00,428.85,CAD,paid
po_7aeb72528e63,cl_010,2026-07-22 16:00:00,333.10,CAD,paid
po_e54baf0e60e8,cl_010,2026-07-23 16:00:00,441.97,CAD,paid
po_44b9a3103c2b,cl_010,2026-07-24 16:00:00,458.76,CAD,paid
po_0d5cf53c82aa,cl_010,2026-07-27 16:00:00,375.13,CAD,paid
po_cc3bc08a81e0,cl_010,2026-07-28 16:00:00,199.07,CAD,paid
po_658a323e9146,cl_010,2026-07-29 16:00:00,207.94,CAD,paid
po_68dcb388449b,cl_010,2026-07-30 16:00:00,336.63,CAD,paid
po_7210ac1286b1,cl_010,2026-07-31 16:00:00,333.69,CAD,paid
po_cf368d2785e3,cl_010,2026-08-03 16:00:00,218.54,CAD,paid
po_1ea97910b736,cl_010,2026-08-04 16:00:00,1359.54,CAD,paid
po_df58258983b2,cl_010,2026-08-05 16:00:00,255.34,CAD,paid
po_198ac64208c6,cl_010,2026-08-06 16:00:00,249.79,CAD,paid
po_edd38d137aa9,cl_010,2026-08-07 16:00:00,318.57,CAD,paid
po_f3d9c02b062e,cl_010,2026-08-10 16:00:00,611.99,CAD,paid
po_8db1318df7c1,cl_010,2026-08-11 16:00:00,266.14,CAD,paid
po_bae7cf646092,cl_010,2026-08-12 16:00:00,456.57,CAD,paid
po_77af11cea2c5,cl_010,2026-08-13 16:00:00,205.83,CAD,paid
po_db54c36919d3,cl_010,2026-08-14 16:00:00,357.02,CAD,paid
po_c03516efd6de,cl_010,2026-08-17 16:00:00,521.58,CAD,paid
po_16217792e849,cl_010,2026-08-18 16:00:00,292.80,CAD,paid
po_70c3bdd75a74,cl_010,2026-08-19 16:00:00,313.83,CAD,paid
po_ad7e3cd13813,cl_010,2026-08-20 16:00:00,308.57,CAD,paid
po_710b6b2a7cf9,cl_010,2026-08-21 16:00:00,405.02,CAD,paid
po_8416557c83c5,cl_010,2026-08-24 16:00:00,447.12,CAD,paid
po_58b0e163eb78,cl_010,2026-08-25 16:00:00,230.91,CAD,paid
po_2b34a69afd37,cl_010,2026-08-26 16:00:00,87.35,CAD,paid
po_f17ddd193bdf,cl_010,2026-08-27 16:00:00,197.22,CAD,paid
po_3de6be194b94,cl_010,2026-08-28 16:00:00,625.28,CAD,paid
po_eba15bf4ec71,cl_010,2026-08-31 16:00:00,348.32,CAD,paid
po_c8b01506b0f5,cl_010,2026-09-01 16:00:00,394.77,CAD,paid
po_e26c0acbf4a3,cl_010,2026-09-02 16:00:00,344.01,CAD,paid
po_f58be5d4a996,cl_010,2026-09-03 16:00:00,554.74,CAD,paid
po_4751f58c70ae,cl_010,2026-09-04 16:00:00,179.59,CAD,paid
po_f0ef42566575,cl_010,2026-09-07 16:00:00,582.90,CAD,paid
po_771db6b6b471,cl_010,2026-09-08 16:00:00,309.56,CAD,paid
po_93a5034fae1f,cl_010,2026-09-09 16:00:00,603.18,CAD,paid
po_91878c64ce5d,cl_010,2026-09-10 16:00:00,72.75,CAD,paid
po_e398fc93822c,cl_010,2026-09-11 16:00:00,528.50,CAD,paid
po_d23426e045fb,cl_010,2026-09-14 16:00:00,283.58,CAD,paid
po_dd744a06b1ad,cl_010,2026-09-15 16:00:00,607.24,CAD,paid
po_4309dc596ffa,cl_010,2026-09-16 16:00:00,251.48,CAD,paid
po_ac915244d05f,cl_010,2026-09-17 16:00:00,520.61,CAD,paid
po_a28b1bc296af,cl_010,2026-09-18 16:00:00,427.35,CAD,paid
po_d362e55f4ff4,cl_010,2026-09-21 16:00:00,835.36,CAD,paid
po_14192762c8af,cl_010,2026-09-22 16:00:00,762.19,CAD,paid
po_3fb11ed8e66b,cl_010,2026-09-23 16:00:00,64.99,CAD,paid
po_1456d4130dee,cl_010,2026-09-24 16:00:00,791.24,CAD,paid
po_3b27e795a8fa,cl_010,2026-09-25 16:00:00,546.35,CAD,paid
po_32908724b4be,cl_010,2026-09-28 16:00:00,186.48,CAD,paid
po_785ce90b2367,cl_010,2026-09-29 16:00:00,143.31,CAD,paid
po_070dbd78ced1,cl_010,2026-09-30 16:00:00,469.08,CAD,paid
po_c6be178e988d,cl_010,2026-10-01 16:00:00,1013.95,CAD,paid
po_c075df2011ed,cl_010,2026-10-02 16:00:00,456.58,CAD,paid
po_8f1a2d893079,cl_011,2026-04-03 16:00:00,91.37,CAD,paid
po_116baa5359ee,cl_011,2026-04-06 16:00:00,218.54,CAD,paid
po_02d19fc56fc9,cl_011,2026-04-07 16:00:00,179.58,CAD,paid
po_eb7a187c6397,cl_011,2026-04-08 16:00:00,189.33,CAD,paid
po_5ef93d8a3ea6,cl_011,2026-04-10 16:00:00,106.84,CAD,paid
po_751e4753963d,cl_011,2026-04-13 16:00:00,199.07,CAD,paid
po_575442ee56dd,cl_011,2026-04-14 16:00:00,278.71,CAD,paid
po_d95aa79a9630,cl_011,2026-04-15 16:00:00,179.59,CAD,paid
po_ee5bd99143f2,cl_011,2026-04-16 16:00:00,262.38,CAD,paid
po_7048bcddd10c,cl_011,2026-04-17 16:00:00,145.80,CAD,paid
po_61dff34541cc,cl_011,2026-04-20 16:00:00,145.80,CAD,paid
po_16993c56d121,cl_011,2026-04-21 16:00:00,466.31,CAD,paid
po_ef7c7f4e2ca0,cl_011,2026-04-22 16:00:00,145.80,CAD,paid
po_dbf2f02c6fda,cl_011,2026-04-23 16:00:00,72.75,CAD,paid
po_4b6b6cd4891b,cl_011,2026-04-24 16:00:00,299.66,CAD,paid
po_d154a9e9b32b,cl_011,2026-04-27 16:00:00,92.23,CAD,paid
po_a14103743232,cl_011,2026-04-28 16:00:00,450.83,CAD,paid
po_2bbfde9b3bf1,cl_011,2026-04-30 16:00:00,92.23,CAD,paid
po_8ad6482d1138,cl_011,2026-05-04 16:00:00,92.23,CAD,paid
po_554060eb9c46,cl_011,2026-05-05 16:00:00,344.87,CAD,paid
po_9855791dddf1,cl_011,2026-05-06 16:00:00,315.65,CAD,paid
po_b0fe6f1365be,cl_011,2026-05-07 16:00:00,164.98,CAD,paid
po_3123b3537401,cl_011,2026-05-08 16:00:00,426.22,CAD,paid
po_81abccedc69b,cl_011,2026-05-11 16:00:00,207.95,CAD,paid
po_c087dd546d09,cl_011,2026-05-12 16:00:00,271.03,CAD,paid
po_18f42f66f6a3,cl_011,2026-05-13 16:00:00,144.45,CAD,paid
po_0bf418d9688f,cl_011,2026-05-14 16:00:00,145.80,CAD,paid
po_8892a39823bb,cl_011,2026-05-15 16:00:00,109.25,CAD,paid
po_0cd5e98b35af,cl_011,2026-05-18 16:00:00,-95.00,CAD,paid
po_6d0f5d2d84d1,cl_011,2026-05-19 16:00:00,129.39,CAD,paid
po_5a8dc12551fd,cl_011,2026-05-21 16:00:00,174.72,CAD,paid
po_67a59ce8b1a2,cl_011,2026-05-22 16:00:00,92.23,CAD,paid
po_e862344d69db,cl_011,2026-05-25 16:00:00,179.59,CAD,paid
po_ecec539ccfc3,cl_011,2026-05-26 16:00:00,509.27,CAD,paid
po_1915ea3c2f78,cl_011,2026-05-27 16:00:00,106.84,CAD,paid
po_27e8897bbaf6,cl_011,2026-05-28 16:00:00,262.38,CAD,paid
po_4493f2105340,cl_011,2026-06-02 16:00:00,322.41,CAD,paid
po_cf5234203fe4,cl_011,2026-06-04 16:00:00,237.73,CAD,paid
po_df21ac7ca55f,cl_011,2026-06-05 16:00:00,333.71,CAD,paid
po_474e4e249e35,cl_011,2026-06-08 16:00:00,286.72,CAD,paid
po_f79bccf3a8f7,cl_011,2026-06-09 16:00:00,353.17,CAD,paid
po_a2e1ceb34648,cl_011,2026-06-10 16:00:00,194.19,CAD,paid
po_7c85962f14c9,cl_011,2026-06-11 16:00:00,91.37,CAD,paid
po_35f3146e7743,cl_011,2026-06-15 16:00:00,293.32,CAD,paid
po_e9ffecc5e4e9,cl_011,2026-06-16 16:00:00,176.60,CAD,paid
po_d6fe6a785b34,cl_011,2026-06-17 16:00:00,261.03,CAD,paid
po_509ed6722dd5,cl_011,2026-06-18 16:00:00,221.60,CAD,paid
po_32e0e1fff2ff,cl_011,2026-06-19 16:00:00,261.60,CAD,paid
po_e6041d0342a8,cl_011,2026-06-23 16:00:00,477.64,CAD,paid
po_b8944066198a,cl_011,2026-06-24 16:00:00,106.83,CAD,paid
po_c8f49f3f7852,cl_011,2026-06-25 16:00:00,72.75,CAD,paid
po_880cbd4ada34,cl_011,2026-06-26 16:00:00,199.06,CAD,paid
po_50b932323cd6,cl_011,2026-06-29 16:00:00,382.39,CAD,paid
po_dc9084143876,cl_011,2026-06-30 16:00:00,301.04,CAD,paid
po_6d6dae3bd172,cl_011,2026-07-02 16:00:00,179.59,CAD,paid
po_44658728b9c3,cl_011,2026-07-03 16:00:00,166.48,CAD,paid
po_2e6879c5237d,cl_011,2026-07-07 16:00:00,124.24,CAD,paid
po_c040641b42a5,cl_011,2026-07-08 16:00:00,238.03,CAD,paid
po_2c4e3e812bdb,cl_011,2026-07-10 16:00:00,365.58,CAD,paid
po_ca7f576a535a,cl_011,2026-07-13 16:00:00,266.47,CAD,paid
po_490f7e179c1e,cl_011,2026-07-14 16:00:00,291.30,CAD,paid
po_af87a9463acd,cl_011,2026-07-15 16:00:00,465.16,CAD,paid
po_0e9a18ba48d9,cl_011,2026-07-16 16:00:00,87.36,CAD,paid
po_2d27c0e59341,cl_011,2026-07-17 16:00:00,72.75,CAD,paid
po_d245206efcef,cl_011,2026-07-20 16:00:00,155.54,CAD,paid
po_aae972efc671,cl_011,2026-07-21 16:00:00,315.65,CAD,paid
po_e23188016bf1,cl_011,2026-07-22 16:00:00,315.65,CAD,paid
po_c5e6c29a789c,cl_011,2026-07-23 16:00:00,196.61,CAD,paid
po_5ef7262c1d00,cl_011,2026-07-24 16:00:00,54.25,CAD,paid
po_0957ef2246c7,cl_011,2026-07-27 16:00:00,207.25,CAD,paid
po_b9b410aa7e0b,cl_011,2026-07-28 16:00:00,2.23,CAD,paid
po_59cc0229cc8b,cl_011,2026-07-29 16:00:00,213.68,CAD,paid
po_829a2c66eb91,cl_011,2026-07-30 16:00:00,154.10,CAD,paid
po_e57bcc8ea058,cl_011,2026-07-31 16:00:00,213.67,CAD,paid
po_d4ee51038a4f,cl_011,2026-08-04 16:00:00,427.91,CAD,paid
po_09eff0e5858b,cl_011,2026-08-05 16:00:00,145.79,CAD,paid
po_4a2b98180ca6,cl_011,2026-08-06 16:00:00,262.38,CAD,paid
po_453281585190,cl_011,2026-08-11 16:00:00,320.52,CAD,paid
po_a3e4a8a6b06a,cl_011,2026-08-12 16:00:00,223.48,CAD,paid
po_9dd25b9edad1,cl_011,2026-08-13 16:00:00,332.85,CAD,paid
po_aaea16c8994b,cl_011,2026-08-14 16:00:00,270.96,CAD,paid
po_76a628453f1e,cl_011,2026-08-17 16:00:00,223.41,CAD,paid
po_e91ba79f2dc5,cl_011,2026-08-18 16:00:00,518.22,CAD,paid
po_ab89fd12b0c1,cl_011,2026-08-19 16:00:00,184.46,CAD,paid
po_117e7d856fb3,cl_011,2026-08-20 16:00:00,281.98,CAD,paid
po_eeb60807b3e9,cl_011,2026-08-21 16:00:00,261.39,CAD,paid
po_0bab58104e8a,cl_011,2026-08-24 16:00:00,86.55,CAD,paid
po_b3495c285f3f,cl_011,2026-08-26 16:00:00,208.81,CAD,paid
po_acb7debc8168,cl_011,2026-08-27 16:00:00,91.37,CAD,paid
po_228fb40fa3e4,cl_011,2026-08-28 16:00:00,91.37,CAD,paid
po_22780375669f,cl_011,2026-08-31 16:00:00,369.21,CAD,paid
po_578e4cff9224,cl_011,2026-09-01 16:00:00,378.66,CAD,paid
po_442355bf50b2,cl_011,2026-09-02 16:00:00,213.50,CAD,paid
po_5cdcaf91b40a,cl_011,2026-09-03 16:00:00,186.48,CAD,paid
po_24dbace53e95,cl_011,2026-09-04 16:00:00,208.81,CAD,paid
po_79669d32f0c9,cl_011,2026-09-07 16:00:00,72.75,CAD,paid
po_404e1af864a4,cl_011,2026-09-08 16:00:00,218.54,CAD,paid
po_47c70e066c05,cl_011,2026-09-09 16:00:00,359.47,CAD,paid
po_dd53f5309326,cl_011,2026-09-10 16:00:00,450.55,CAD,paid
po_80c7be521552,cl_011,2026-09-11 16:00:00,72.75,CAD,paid
po_e228432376df,cl_011,2026-09-14 16:00:00,233.15,CAD,paid
po_8a91e9b88af4,cl_011,2026-09-15 16:00:00,642.39,CAD,paid
po_19072b11bfdd,cl_011,2026-09-16 16:00:00,212.22,CAD,paid
po_7b1c6b857639,cl_011,2026-09-17 16:00:00,164.98,CAD,paid
po_3bd7602888cb,cl_011,2026-09-18 16:00:00,92.23,CAD,paid
po_7c6b99c56b66,cl_011,2026-09-21 16:00:00,25.50,CAD,paid
po_704c3153844f,cl_011,2026-09-22 16:00:00,251.48,CAD,paid
po_5d4efbb91c9f,cl_011,2026-09-23 16:00:00,44.89,CAD,paid
po_14d168964b25,cl_011,2026-09-24 16:00:00,201.48,CAD,paid
po_a18889f6f7dd,cl_011,2026-09-25 16:00:00,92.23,CAD,paid
po_4931909bf482,cl_011,2026-09-28 16:00:00,255.05,CAD,paid
po_de0a1488dd84,cl_011,2026-09-29 16:00:00,513.28,CAD,paid
po_17ea1f32b094,cl_011,2026-09-30 16:00:00,248.35,CAD,paid
po_94e7ec22d3b0,cl_011,2026-10-01 16:00:00,131.18,CAD,paid
po_ae68abbf7a83,cl_011,2026-10-02 16:00:00,233.16,CAD,paid
po_f87cc72fa959,cl_012,2026-04-03 16:00:00,412.73,CAD,paid
po_8a38746d71a5,cl_012,2026-04-06 16:00:00,145.80,CAD,paid
po_9b86a7e8ae34,cl_012,2026-04-07 16:00:00,533.15,CAD,paid
po_66961dc44c3d,cl_012,2026-04-08 16:00:00,285.44,CAD,paid
po_be91e743cf28,cl_012,2026-04-10 16:00:00,116.57,CAD,paid
po_5dd3430892b4,cl_012,2026-04-13 16:00:00,91.37,CAD,paid
po_0226e60a4bde,cl_012,2026-04-14 16:00:00,478.08,CAD,paid
po_fd98d27a2ee6,cl_012,2026-04-15 16:00:00,194.19,CAD,paid
po_12052745893d,cl_012,2026-04-16 16:00:00,160.11,CAD,paid
po_246e4ed9cb2c,cl_012,2026-04-17 16:00:00,272.12,CAD,paid
po_a099f011f4b2,cl_012,2026-04-21 16:00:00,335.39,CAD,paid
po_1f3d4365b214,cl_012,2026-04-22 16:00:00,424.51,CAD,paid
po_10f5c40054fb,cl_012,2026-04-23 16:00:00,278.49,CAD,paid
po_770cd99c13d3,cl_012,2026-04-24 16:00:00,364.35,CAD,paid
po_a8cd51dfbd8e,cl_012,2026-04-27 16:00:00,223.42,CAD,paid
po_b0844852603b,cl_012,2026-04-28 16:00:00,103.78,CAD,paid
po_2df1286923cb,cl_012,2026-04-29 16:00:00,184.46,CAD,paid
po_2ab16d20d82b,cl_012,2026-04-30 16:00:00,92.23,CAD,paid
po_54ac4fc01b35,cl_012,2026-05-01 16:00:00,275.73,CAD,paid
po_0fab286e3297,cl_012,2026-05-04 16:00:00,203.93,CAD,paid
po_d5f9d6ac7bcc,cl_012,2026-05-05 16:00:00,656.07,CAD,paid
po_841ad86785c5,cl_012,2026-05-06 16:00:00,238.03,CAD,paid
po_69ff5825beb6,cl_012,2026-05-07 16:00:00,72.75,CAD,paid
po_bd67fcd01065,cl_012,2026-05-08 16:00:00,675.13,CAD,paid
po_a5d4700de76c,cl_012,2026-05-11 16:00:00,582.89,CAD,paid
po_7929fdb25061,cl_012,2026-05-12 16:00:00,374.09,CAD,paid
po_13aec3523768,cl_012,2026-05-13 16:00:00,106.84,CAD,paid
po_a77a1c07f390,cl_012,2026-05-14 16:00:00,398.43,CAD,paid
po_6b49c0b55d7b,cl_012,2026-05-15 16:00:00,618.53,CAD,paid
po_be0efa413097,cl_012,2026-05-19 16:00:00,509.17,CAD,paid
po_4701a3eaa767,cl_012,2026-05-20 16:00:00,186.48,CAD,paid
po_a28fd907370a,cl_012,2026-05-21 16:00:00,124.07,CAD,paid
po_02d46df88872,cl_012,2026-05-22 16:00:00,163.19,CAD,paid
po_195d3e271d05,cl_012,2026-05-25 16:00:00,275.83,CAD,paid
po_dcc349913d7b,cl_012,2026-05-26 16:00:00,520.13,CAD,paid
po_bc6c61c9ddd3,cl_012,2026-05-27 16:00:00,179.59,CAD,paid
po_8a3576517427,cl_012,2026-05-28 16:00:00,72.75,CAD,paid
po_456341b0caf3,cl_012,2026-05-29 16:00:00,116.09,CAD,paid
po_1fddbdf996ed,cl_012,2026-06-01 16:00:00,403.31,CAD,paid
po_dee61a486682,cl_012,2026-06-02 16:00:00,409.64,CAD,paid
po_b955a2f2e779,cl_012,2026-06-03 16:00:00,296.17,CAD,paid
po_5181733f3041,cl_012,2026-06-04 16:00:00,433.39,CAD,paid
po_4de6b3c213f7,cl_012,2026-06-05 16:00:00,347.10,CAD,paid
po_1eca787c0514,cl_012,2026-06-08 16:00:00,494.09,CAD,paid
po_953a16ca0456,cl_012,2026-06-09 16:00:00,105.85,CAD,paid
po_93845f8817c9,cl_012,2026-06-10 16:00:00,145.80,CAD,paid
po_f94fc77efc2b,cl_012,2026-06-11 16:00:00,145.50,CAD,paid
po_fbd6192fc52c,cl_012,2026-06-12 16:00:00,201.48,CAD,paid
po_6ecebb14f76f,cl_012,2026-06-15 16:00:00,91.37,CAD,paid
po_0d4f08778d11,cl_012,2026-06-16 16:00:00,332.92,CAD,paid
po_dd2bc7f3ee72,cl_012,2026-06-17 16:00:00,145.80,CAD,paid
po_aa63a394b08d,cl_012,2026-06-19 16:00:00,215.56,CAD,paid
po_fdabc214c313,cl_012,2026-06-23 16:00:00,674.83,CAD,paid
po_0b5dbe8c7e57,cl_012,2026-06-24 16:00:00,305.91,CAD,paid
po_aa289f416752,cl_012,2026-06-25 16:00:00,493.17,CAD,paid
po_10a79976f707,cl_012,2026-06-26 16:00:00,92.23,CAD,paid
po_bb1647aa8f54,cl_012,2026-06-29 16:00:00,341.58,CAD,paid
po_d990397a12d9,cl_012,2026-06-30 16:00:00,664.69,CAD,paid
po_b740325c7f5b,cl_012,2026-07-01 16:00:00,203.50,CAD,paid
po_f4bf853d258c,cl_012,2026-07-02 16:00:00,305.90,CAD,paid
po_18de5262b9a0,cl_012,2026-07-03 16:00:00,301.34,CAD,paid
po_43842417c65d,cl_012,2026-07-06 16:00:00,264.39,CAD,paid
po_9fee2a399d7e,cl_012,2026-07-07 16:00:00,279.45,CAD,paid
po_45c17a3d5cfa,cl_012,2026-07-08 16:00:00,91.09,CAD,paid
po_bee304a6ddd0,cl_012,2026-07-09 16:00:00,290.44,CAD,paid
po_f27945cd5432,cl_012,2026-07-10 16:00:00,437.09,CAD,paid
po_a6c6bf6a92b4,cl_012,2026-07-13 16:00:00,262.38,CAD,paid
po_f767b1c50945,cl_012,2026-07-14 16:00:00,334.31,CAD,paid
po_8dd716d53f68,cl_012,2026-07-15 16:00:00,16.84,CAD,paid
po_76dfb74eb1bf,cl_012,2026-07-16 16:00:00,210.83,CAD,paid
po_b874ed221923,cl_012,2026-07-17 16:00:00,378.96,CAD,paid
po_63d878e0f904,cl_012,2026-07-20 16:00:00,92.23,CAD,paid
po_af4863ef900a,cl_012,2026-07-21 16:00:00,357.02,CAD,paid
po_3e04393b3a55,cl_012,2026-07-22 16:00:00,246.33,CAD,paid
po_69be41cf95d7,cl_012,2026-07-23 16:00:00,92.23,CAD,paid
po_6684129663cf,cl_012,2026-07-24 16:00:00,295.36,CAD,paid
po_88a0f372bab3,cl_012,2026-07-27 16:00:00,178.60,CAD,paid
po_cb6ad3fe89f1,cl_012,2026-07-28 16:00:00,378.95,CAD,paid
po_58c4e9bae666,cl_012,2026-07-29 16:00:00,181.47,CAD,paid
po_541fa6273df0,cl_012,2026-07-30 16:00:00,112.11,CAD,paid
po_51d4901c35b5,cl_012,2026-07-31 16:00:00,272.17,CAD,paid
po_1fdbd891df69,cl_012,2026-08-03 16:00:00,207.94,CAD,paid
po_6ec46cb752c6,cl_012,2026-08-04 16:00:00,433.43,CAD,paid
po_b0e5ed578686,cl_012,2026-08-05 16:00:00,240.42,CAD,paid
po_92d06875d06f,cl_012,2026-08-06 16:00:00,743.00,CAD,paid
po_3a553748f81c,cl_012,2026-08-07 16:00:00,500.22,CAD,paid
po_a63242ec1b20,cl_012,2026-08-10 16:00:00,605.05,CAD,paid
po_78c31047b891,cl_012,2026-08-11 16:00:00,278.71,CAD,paid
po_221e6b394a2f,cl_012,2026-08-12 16:00:00,258.55,CAD,paid
po_a06e93a15990,cl_012,2026-08-13 16:00:00,92.23,CAD,paid
po_101e41b57e18,cl_012,2026-08-14 16:00:00,446.83,CAD,paid
po_357d6e3df73b,cl_012,2026-08-17 16:00:00,242.90,CAD,paid
po_96833c1de3bf,cl_012,2026-08-18 16:00:00,352.15,CAD,paid
po_fe1b29a014e8,cl_012,2026-08-19 16:00:00,340.00,CAD,paid
po_363b3bcb3710,cl_012,2026-08-20 16:00:00,395.28,CAD,paid
po_9b7e9149f807,cl_012,2026-08-21 16:00:00,315.64,CAD,paid
po_14b2075ede9f,cl_012,2026-08-24 16:00:00,470.21,CAD,paid
po_523ff4e019fe,cl_012,2026-08-25 16:00:00,388.40,CAD,paid
po_0362b553c9ee,cl_012,2026-08-26 16:00:00,201.09,CAD,paid
po_b1e4e0cd3ff7,cl_012,2026-08-27 16:00:00,291.30,CAD,paid
po_db28deed5d9b,cl_012,2026-08-28 16:00:00,476.04,CAD,paid
po_d2563b2afdbe,cl_012,2026-08-31 16:00:00,359.18,CAD,paid
po_43f124142fbf,cl_012,2026-09-01 16:00:00,958.99,CAD,paid
po_b88ccfca41af,cl_012,2026-09-02 16:00:00,168.03,CAD,paid
po_586c08c4a1b1,cl_012,2026-09-03 16:00:00,315.64,CAD,paid
po_7c01763b56b9,cl_012,2026-09-04 16:00:00,108.46,CAD,paid
po_334abb17324b,cl_012,2026-09-07 16:00:00,115.50,CAD,paid
po_6e3ea5023fe9,cl_012,2026-09-08 16:00:00,309.95,CAD,paid
po_df8fd7c954a0,cl_012,2026-09-09 16:00:00,213.50,CAD,paid
po_6177420855f4,cl_012,2026-09-10 16:00:00,790.34,CAD,paid
po_a473c198afa0,cl_012,2026-09-11 16:00:00,181.61,CAD,paid
po_b67806bef250,cl_012,2026-09-14 16:00:00,358.19,CAD,paid
po_2f860dd57e86,cl_012,2026-09-15 16:00:00,608.44,CAD,paid
po_f6d7a7295dc4,cl_012,2026-09-16 16:00:00,509.84,CAD,paid
po_b6be89f4311f,cl_012,2026-09-17 16:00:00,240.62,CAD,paid
po_0bc6ca95006f,cl_012,2026-09-18 16:00:00,155.54,CAD,paid
po_e95ff123f38f,cl_012,2026-09-21 16:00:00,238.03,CAD,paid
po_784f95fa4060,cl_012,2026-09-22 16:00:00,479.50,CAD,paid
po_5a50cd434ca1,cl_012,2026-09-23 16:00:00,602.59,CAD,paid
po_372a32d4f009,cl_012,2026-09-24 16:00:00,198.21,CAD,paid
po_0de3d22130b0,cl_012,2026-09-25 16:00:00,225.83,CAD,paid
po_77ca64ffb1db,cl_012,2026-09-28 16:00:00,260.73,CAD,paid
po_a213262df6bc,cl_012,2026-09-29 16:00:00,267.85,CAD,paid
po_3ed490986049,cl_012,2026-09-30 16:00:00,262.08,CAD,paid
po_845fa35a6dd0,cl_012,2026-10-01 16:00:00,348.63,CAD,paid
po_61bf2bc7492e,cl_012,2026-10-02 16:00:00,407.88,CAD,paid
po_732be91d247c,cl_013,2026-04-03 15:00:00,167.00,CAD,paid
po_c9ffa74583c4,cl_013,2026-04-06 15:00:00,196.61,CAD,paid
po_df920291785d,cl_013,2026-04-07 15:00:00,106.84,CAD,paid
po_f14395d974ce,cl_013,2026-04-08 15:00:00,74.25,CAD,paid
po_3a9bd9fe001f,cl_013,2026-04-09 15:00:00,72.75,CAD,paid
po_b34a40628e2b,cl_013,2026-04-10 15:00:00,198.21,CAD,paid
po_3a1e64fcb826,cl_013,2026-04-13 15:00:00,109.25,CAD,paid
po_40ca17ca2155,cl_013,2026-04-14 15:00:00,178.03,CAD,paid
po_41bd91213ceb,cl_013,2026-04-15 15:00:00,264.73,CAD,paid
po_983db33ab4a9,cl_013,2026-04-16 15:00:00,155.54,CAD,paid
po_767ed40dbf1c,cl_013,2026-04-20 15:00:00,346.89,CAD,paid
po_b8817cec0d10,cl_013,2026-04-21 15:00:00,419.03,CAD,paid
po_35bcda36eeba,cl_013,2026-04-23 15:00:00,352.64,CAD,paid
po_c5d3cb5ea052,cl_013,2026-04-24 15:00:00,94.25,CAD,paid
po_566a17dd38ca,cl_013,2026-04-27 15:00:00,72.75,CAD,paid
po_19bca3653506,cl_013,2026-04-28 15:00:00,156.69,CAD,paid
po_cb45812043ff,cl_013,2026-04-29 15:00:00,159.25,CAD,paid
po_ee9990db26bf,cl_013,2026-04-30 15:00:00,54.10,CAD,paid
po_fb425689d82e,cl_013,2026-05-01 15:00:00,371.30,CAD,paid
po_a111b96b1b0f,cl_013,2026-05-04 15:00:00,106.84,CAD,paid
po_882d3efb76b6,cl_013,2026-05-05 15:00:00,215.38,CAD,paid
po_639382b5edff,cl_013,2026-05-06 15:00:00,190.83,CAD,paid
po_7fc33906f2a9,cl_013,2026-05-07 15:00:00,226.09,CAD,paid
po_bd93cf53df3f,cl_013,2026-05-08 15:00:00,320.52,CAD,paid
po_54a140c18ce7,cl_013,2026-05-11 15:00:00,271.04,CAD,paid
po_5b25bd7bc543,cl_013,2026-05-12 15:00:00,184.46,CAD,paid
po_f9318e609fbc,cl_013,2026-05-13 15:00:00,106.84,CAD,paid
po_ed28083692da,cl_013,2026-05-14 15:00:00,144.45,CAD,paid
po_e5d9b74f83b7,cl_013,2026-05-18 15:00:00,212.69,CAD,paid
po_676ffe0a4d99,cl_013,2026-05-19 15:00:00,270.96,CAD,paid
po_92e8bb01d2b9,cl_013,2026-05-20 15:00:00,178.60,CAD,paid
po_2046a801f2f5,cl_013,2026-05-21 15:00:00,119.25,CAD,paid
po_d6728fced66f,cl_013,2026-05-22 15:00:00,199.07,CAD,paid
po_044c59b7a6e1,cl_013,2026-05-25 15:00:00,72.75,CAD,paid
po_381ee8bd2242,cl_013,2026-05-26 15:00:00,269.29,CAD,paid
po_5fc2f5f11244,cl_013,2026-05-27 15:00:00,-46.76,CAD,paid
po_1a2f94fc0848,cl_013,2026-05-28 15:00:00,159.25,CAD,paid
po_b2905dad1806,cl_013,2026-05-29 15:00:00,325.39,CAD,paid
po_81a5ea12fa10,cl_013,2026-06-01 15:00:00,238.03,CAD,paid
po_93d2a1b9d106,cl_013,2026-06-02 15:00:00,92.23,CAD,paid
po_16668f45ade4,cl_013,2026-06-03 15:00:00,145.50,CAD,paid
po_f5d7f4121666,cl_013,2026-06-04 15:00:00,186.48,CAD,paid
po_08afff2547a7,cl_013,2026-06-05 15:00:00,281.85,CAD,paid
po_439f8e300dfe,cl_013,2026-06-08 15:00:00,262.38,CAD,paid
po_7e2a561e67c6,cl_013,2026-06-09 15:00:00,330.26,CAD,paid
po_fe32a73f0ff3,cl_013,2026-06-10 15:00:00,92.23,CAD,paid
po_8eb49df55832,cl_013,2026-06-12 15:00:00,149.25,CAD,paid
po_99a3e41137e3,cl_013,2026-06-15 15:00:00,324.23,CAD,paid
po_a122f8902fe4,cl_013,2026-06-16 15:00:00,322.02,CAD,paid
po_855bbc9754cb,cl_013,2026-06-17 15:00:00,121.44,CAD,paid
po_eab64dcc5b7c,cl_013,2026-06-18 15:00:00,145.80,CAD,paid
po_e66a7e2b2860,cl_013,2026-06-22 15:00:00,92.23,CAD,paid
po_b96607062644,cl_013,2026-06-23 15:00:00,194.20,CAD,paid
po_dd6ba40bd75c,cl_013,2026-06-24 15:00:00,266.09,CAD,paid
po_1fb9e8899db1,cl_013,2026-06-25 15:00:00,301.34,CAD,paid
po_b678c96f3933,cl_013,2026-06-29 15:00:00,145.80,CAD,paid
po_7ce410adc423,cl_013,2026-06-30 15:00:00,116.58,CAD,paid
po_e7b2d18e2a7e,cl_013,2026-07-01 15:00:00,164.98,CAD,paid
po_8983c31a974a,cl_013,2026-07-02 15:00:00,228.29,CAD,paid
po_b7fb06249c90,cl_013,2026-07-06 15:00:00,304.79,CAD,paid
po_eafbb89199cd,cl_013,2026-07-07 15:00:00,217.20,CAD,paid
po_be9b9cdfb5dd,cl_013,2026-07-08 15:00:00,86.55,CAD,paid
po_92704da5f6fa,cl_013,2026-07-09 15:00:00,184.46,CAD,paid
po_0989a8a1ace9,cl_013,2026-07-10 15:00:00,92.23,CAD,paid
po_7ed6c9542fa7,cl_013,2026-07-13 15:00:00,208.81,CAD,paid
po_fbcaef9bbef9,cl_013,2026-07-14 15:00:00,252.64,CAD,paid
po_b531ed6fb796,cl_013,2026-07-15 15:00:00,201.09,CAD,paid
po_8b6e0237474f,cl_013,2026-07-16 15:00:00,234.36,CAD,paid
po_422200e8e8c4,cl_013,2026-07-17 15:00:00,72.75,CAD,paid
po_77a15426d044,cl_013,2026-07-20 15:00:00,155.54,CAD,paid
po_95c5417ea93c,cl_013,2026-07-21 15:00:00,164.98,CAD,paid
po_e417729dbf78,cl_013,2026-07-22 15:00:00,89.25,CAD,paid
po_f9b475ec50ee,cl_013,2026-07-23 15:00:00,233.16,CAD,paid
po_f4fa09437f52,cl_013,2026-07-24 15:00:00,330.25,CAD,paid
po_80ac121a8f7e,cl_013,2026-07-27 15:00:00,293.32,CAD,paid
po_5987c8b6c0a8,cl_013,2026-07-28 15:00:00,91.37,CAD,paid
po_0190336a876a,cl_013,2026-07-29 15:00:00,37.65,CAD,paid
po_65af6ed5f10a,cl_013,2026-07-30 15:00:00,240.05,CAD,paid
po_d40fb7a7ae05,cl_013,2026-07-31 15:00:00,272.12,CAD,paid
po_15825bf41e9f,cl_013,2026-08-03 15:00:00,264.79,CAD,paid
po_439253f95753,cl_013,2026-08-04 15:00:00,438.09,CAD,paid
po_e357ef9b1ea5,cl_013,2026-08-05 15:00:00,217.68,CAD,paid
po_db32feac50e4,cl_013,2026-08-06 15:00:00,106.84,CAD,paid
po_50747e98cb8a,cl_013,2026-08-07 15:00:00,116.58,CAD,paid
po_ec74c11f42da,cl_013,2026-08-10 15:00:00,196.61,CAD,paid
po_200ee5abb608,cl_013,2026-08-11 15:00:00,320.51,CAD,paid
po_5b896aeb6eb7,cl_013,2026-08-12 15:00:00,176.61,CAD,paid
po_b877175edfc7,cl_013,2026-08-14 15:00:00,74.25,CAD,paid
po_c2f7191433a5,cl_013,2026-08-17 15:00:00,252.34,CAD,paid
po_75538d4638a6,cl_013,2026-08-18 15:00:00,106.84,CAD,paid
po_ea96439f6a1f,cl_013,2026-08-19 15:00:00,305.05,CAD,paid
po_530cde8964a3,cl_013,2026-08-20 15:00:00,179.59,CAD,paid
po_f625f3851619,cl_013,2026-08-21 15:00:00,311.07,CAD,paid
po_6269179ec3d9,cl_013,2026-08-24 15:00:00,109.25,CAD,paid
po_02bf723c516f,cl_013,2026-08-25 15:00:00,246.33,CAD,paid
po_238cf6004783,cl_013,2026-08-26 15:00:00,211.48,CAD,paid
po_905a5ed87c07,cl_013,2026-08-27 15:00:00,262.37,CAD,paid
po_bc4bdf8e5acb,cl_013,2026-08-28 15:00:00,378.95,CAD,paid
po_72477a3c897a,cl_013,2026-08-31 15:00:00,218.54,CAD,paid
po_ab88ca7de892,cl_013,2026-09-01 15:00:00,178.60,CAD,paid
po_940176172f0c,cl_013,2026-09-02 15:00:00,275.83,CAD,paid
po_04942ef744e8,cl_013,2026-09-07 15:00:00,205.95,CAD,paid
po_429b5039db1e,cl_013,2026-09-08 15:00:00,392.19,CAD,paid
po_5049aff00908,cl_013,2026-09-09 15:00:00,94.25,CAD,paid
po_1d81f7905bfa,cl_013,2026-09-10 15:00:00,252.64,CAD,paid
po_f1fb2fa4cd55,cl_013,2026-09-11 15:00:00,152.12,CAD,paid
po_aeff68a4dd4e,cl_013,2026-09-14 15:00:00,198.21,CAD,paid
po_e797bdb8b0af,cl_013,2026-09-15 15:00:00,79.33,CAD,paid
po_e8e3dc494b38,cl_013,2026-09-16 15:00:00,-40.74,CAD,paid
po_f428fab11507,cl_013,2026-09-17 15:00:00,218.55,CAD,paid
po_182b77629f84,cl_013,2026-09-18 15:00:00,224.75,CAD,paid
po_1e3d40e3dcaf,cl_013,2026-09-21 15:00:00,72.75,CAD,paid
po_0118fa3e7293,cl_013,2026-09-22 15:00:00,210.83,CAD,paid
po_9f21eac7292c,cl_013,2026-09-23 15:00:00,242.89,CAD,paid
po_d6b6e6cc5655,cl_013,2026-09-24 15:00:00,367.02,CAD,paid
po_82cd6db0b9d7,cl_013,2026-09-25 15:00:00,228.28,CAD,paid
po_5ae5d11acfcf,cl_013,2026-09-28 15:00:00,235.83,CAD,paid
po_8514d3f185c2,cl_013,2026-09-29 15:00:00,34.46,CAD,paid
po_dbdc3e1c6e06,cl_013,2026-10-01 15:00:00,265.04,CAD,paid
po_a6295570de79,cl_013,2026-10-05 15:00:00,228.29,CAD,paid
po_8575664aaddd,cl_014,2026-04-03 15:00:00,145.80,CAD,paid
po_93e264dc09a8,cl_014,2026-04-06 15:00:00,149.25,CAD,paid
po_afe73924fced,cl_014,2026-04-10 15:00:00,106.84,CAD,paid
po_b85154d0463a,cl_014,2026-04-13 15:00:00,179.59,CAD,paid
po_ef7e8952e610,cl_014,2026-04-14 15:00:00,145.80,CAD,paid
po_599060b29e05,cl_014,2026-04-15 15:00:00,116.58,CAD,paid
po_88bf3c2abbbe,cl_014,2026-04-17 15:00:00,225.83,CAD,paid
po_38bd9ceba016,cl_014,2026-04-20 15:00:00,247.77,CAD,paid
po_47ee76f24e88,cl_014,2026-04-21 15:00:00,72.75,CAD,paid
po_3c3df25afcac,cl_014,2026-04-22 15:00:00,106.84,CAD,paid
po_9d14296bdb6a,cl_014,2026-04-24 15:00:00,86.55,CAD,paid
po_429f66a8a60d,cl_014,2026-04-27 15:00:00,94.25,CAD,paid
po_8456ef8f1356,cl_014,2026-04-28 15:00:00,92.23,CAD,paid
po_903a7ff0887b,cl_014,2026-04-29 15:00:00,92.23,CAD,paid
po_430738510d18,cl_014,2026-04-30 15:00:00,94.25,CAD,paid
po_e72489fc7793,cl_014,2026-05-04 15:00:00,92.23,CAD,paid
po_58f2fadab621,cl_014,2026-05-05 15:00:00,145.50,CAD,paid
po_cdc5f18acc2b,cl_014,2026-05-06 15:00:00,63.35,CAD,paid
po_fa05b95a878d,cl_014,2026-05-07 15:00:00,87.36,CAD,paid
po_833ab9ec4f40,cl_014,2026-05-11 15:00:00,119.25,CAD,paid
po_dbe1f2b6f252,cl_014,2026-05-12 15:00:00,145.80,CAD,paid
po_e1715d8511b7,cl_014,2026-05-13 15:00:00,109.25,CAD,paid
po_30b160c6a020,cl_014,2026-05-14 15:00:00,109.25,CAD,paid
po_8f25d34983ae,cl_014,2026-05-15 15:00:00,368.35,CAD,paid
po_467b8cd87ec5,cl_014,2026-05-18 15:00:00,92.23,CAD,paid
po_2775ece2c9ae,cl_014,2026-05-19 15:00:00,109.25,CAD,paid
po_0c898a6ba96d,cl_014,2026-05-20 15:00:00,155.54,CAD,paid
po_5c707c947a95,cl_014,2026-05-22 15:00:00,106.84,CAD,paid
po_2b50c13faba1,cl_014,2026-05-25 15:00:00,155.54,CAD,paid
po_555bf0b9ca67,cl_014,2026-05-26 15:00:00,92.23,CAD,paid
po_5acf466ce215,cl_014,2026-06-01 15:00:00,344.86,CAD,paid
po_846966e7f700,cl_014,2026-06-02 15:00:00,179.59,CAD,paid
po_77b6283b259a,cl_014,2026-06-03 15:00:00,251.29,CAD,paid
po_fad0e284ad54,cl_014,2026-06-04 15:00:00,160.11,CAD,paid
po_31235a665bfa,cl_014,2026-06-08 15:00:00,119.25,CAD,paid
po_b5217dc46e76,cl_014,2026-06-09 15:00:00,126.31,CAD,paid
po_605b8941b8ac,cl_014,2026-06-11 15:00:00,262.38,CAD,paid
po_eb055fcb051f,cl_014,2026-06-12 15:00:00,92.23,CAD,paid
po_1d2046de10cc,cl_014,2026-06-15 15:00:00,106.84,CAD,paid
po_a1ae5baa235e,cl_014,2026-06-16 15:00:00,353.62,CAD,paid
po_1a64ad120e13,cl_014,2026-06-17 15:00:00,72.75,CAD,paid
po_6a13def50278,cl_014,2026-06-18 15:00:00,194.20,CAD,paid
po_7efddc98b6ce,cl_014,2026-06-22 15:00:00,288.74,CAD,paid
po_a25f43afabef,cl_014,2026-06-23 15:00:00,249.22,CAD,paid
po_4c68a3bd2731,cl_014,2026-06-24 15:00:00,87.36,CAD,paid
po_af06509257d9,cl_014,2026-06-26 15:00:00,184.75,CAD,paid
po_9ebc15919b30,cl_014,2026-06-29 15:00:00,115.50,CAD,paid
po_87219e80f305,cl_014,2026-06-30 15:00:00,183.60,CAD,paid
po_8f022ff2ec55,cl_014,2026-07-01 15:00:00,86.55,CAD,paid
po_72e8edc98534,cl_014,2026-07-02 15:00:00,92.23,CAD,paid
po_504d8a3045ec,cl_014,2026-07-03 15:00:00,105.85,CAD,paid
po_120de410955b,cl_014,2026-07-06 15:00:00,92.23,CAD,paid
po_8407cdf7298a,cl_014,2026-07-07 15:00:00,199.06,CAD,paid
po_8a7557963892,cl_014,2026-07-10 15:00:00,162.00,CAD,paid
po_f0c31cdaea7c,cl_014,2026-07-13 15:00:00,233.16,CAD,paid
po_dd97d5ee0c1c,cl_014,2026-07-14 15:00:00,145.80,CAD,paid
po_dc6964891b56,cl_014,2026-07-15 15:00:00,164.24,CAD,paid
po_880b62c57f8e,cl_014,2026-07-16 15:00:00,119.25,CAD,paid
po_6c48a2124e78,cl_014,2026-07-17 15:00:00,147.00,CAD,paid
po_9c14f4c18599,cl_014,2026-07-20 15:00:00,159.24,CAD,paid
po_b26cc7cca2ca,cl_014,2026-07-22 15:00:00,241.48,CAD,paid
po_89e7c4c17626,cl_014,2026-07-23 15:00:00,94.25,CAD,paid
po_ba13a9e04094,cl_014,2026-07-24 15:00:00,92.23,CAD,paid
po_fbe1c96e5fdc,cl_014,2026-07-28 15:00:00,203.93,CAD,paid
po_f9d307815a93,cl_014,2026-07-29 15:00:00,92.23,CAD,paid
po_40a5fea43062,cl_014,2026-07-30 15:00:00,285.44,CAD,paid
po_d685a43df394,cl_014,2026-07-31 15:00:00,92.23,CAD,paid
po_aabf789934b2,cl_014,2026-08-04 15:00:00,92.23,CAD,paid
po_6b4f695ede1d,cl_014,2026-08-05 15:00:00,155.54,CAD,paid
po_974729573a2f,cl_014,2026-08-06 15:00:00,223.41,CAD,paid
po_453cb384024e,cl_014,2026-08-07 15:00:00,109.25,CAD,paid
po_53375e97f36c,cl_014,2026-08-10 15:00:00,72.75,CAD,paid
po_2e4fae3e741a,cl_014,2026-08-11 15:00:00,210.83,CAD,paid
po_4e4a492cbd22,cl_014,2026-08-12 15:00:00,178.60,CAD,paid
po_a4268e0b3000,cl_014,2026-08-13 15:00:00,111.70,CAD,paid
po_07eb472fa4cf,cl_014,2026-08-14 15:00:00,262.37,CAD,paid
po_e1b46b090391,cl_014,2026-08-17 15:00:00,72.75,CAD,paid
po_426b4b06936b,cl_014,2026-08-18 15:00:00,74.25,CAD,paid
po_48cf13dbf442,cl_014,2026-08-19 15:00:00,368.14,CAD,paid
po_e58ad2a1e7b1,cl_014,2026-08-20 15:00:00,194.20,CAD,paid
po_7ebeced40ca9,cl_014,2026-08-21 15:00:00,92.23,CAD,paid
po_2c0e573782d2,cl_014,2026-08-24 15:00:00,145.80,CAD,paid
po_7b2100a9a495,cl_014,2026-08-25 15:00:00,292.46,CAD,paid
po_6d5c023ac5c1,cl_014,2026-08-31 15:00:00,181.48,CAD,paid
po_3d922f17fd02,cl_014,2026-09-01 15:00:00,134.24,CAD,paid
po_4098c0c6a1cc,cl_014,2026-09-02 15:00:00,72.75,CAD,paid
po_1b30a17ca94b,cl_014,2026-09-04 15:00:00,105.85,CAD,paid
po_39fe4a476cde,cl_014,2026-09-08 15:00:00,155.54,CAD,paid
po_c1e90620408d,cl_014,2026-09-09 15:00:00,199.06,CAD,paid
po_d1b5170f188f,cl_014,2026-09-11 15:00:00,290.82,CAD,paid
po_19dc48ad990f,cl_014,2026-09-14 15:00:00,201.48,CAD,paid
po_7a2858718ebf,cl_014,2026-09-15 15:00:00,174.72,CAD,paid
po_8de24dc360f4,cl_014,2026-09-16 15:00:00,252.34,CAD,paid
po_9a85490d9897,cl_014,2026-09-18 15:00:00,155.54,CAD,paid
po_3c138adeea19,cl_014,2026-09-22 15:00:00,72.75,CAD,paid
po_214b353b60c4,cl_014,2026-09-23 15:00:00,222.34,CAD,paid
po_9534aeef8a6f,cl_014,2026-09-24 15:00:00,275.73,CAD,paid
po_8ad2512e06a4,cl_014,2026-09-28 15:00:00,87.36,CAD,paid
po_1c91e5b43177,cl_014,2026-09-29 15:00:00,330.25,CAD,paid
po_26338602d543,cl_014,2026-09-30 15:00:00,87.36,CAD,paid
po_87dba09ef44e,cl_015,2026-04-03 15:00:00,257.50,CAD,paid
po_1e173556281e,cl_015,2026-04-06 15:00:00,390.99,CAD,paid
po_e4a9fdcb67f6,cl_015,2026-04-07 15:00:00,429.29,CAD,paid
po_06d89eb087c0,cl_015,2026-04-08 15:00:00,145.80,CAD,paid
po_7f447c04b2df,cl_015,2026-04-09 15:00:00,238.02,CAD,paid
po_96dc476cea31,cl_015,2026-04-10 15:00:00,285.33,CAD,paid
po_ccab987784ff,cl_015,2026-04-13 15:00:00,131.15,CAD,paid
po_3e690a65df8c,cl_015,2026-04-14 15:00:00,621.56,CAD,paid
po_9a431599cd9f,cl_015,2026-04-15 15:00:00,316.98,CAD,paid
po_32c6a8ceff71,cl_015,2026-04-16 15:00:00,388.68,CAD,paid
po_83fa5fd7b63a,cl_015,2026-04-17 15:00:00,94.25,CAD,paid
po_99bbe9941b59,cl_015,2026-04-20 15:00:00,226.09,CAD,paid
po_de994661c945,cl_015,2026-04-21 15:00:00,313.56,CAD,paid
po_9a8a27f27fef,cl_015,2026-04-22 15:00:00,507.94,CAD,paid
po_914407ee3de2,cl_015,2026-04-23 15:00:00,455.59,CAD,paid
po_d281e99d2edb,cl_015,2026-04-24 15:00:00,296.17,CAD,paid
po_36af50a16e21,cl_015,2026-04-27 15:00:00,246.32,CAD,paid
po_7b8a46f71a71,cl_015,2026-04-28 15:00:00,261.30,CAD,paid
po_ac46581c3608,cl_015,2026-04-29 15:00:00,340.58,CAD,paid
po_e7e23e2b1737,cl_015,2026-04-30 15:00:00,485.75,CAD,paid
po_c23b2920ad7a,cl_015,2026-05-01 15:00:00,378.95,CAD,paid
po_41f06dff03ef,cl_015,2026-05-04 15:00:00,358.05,CAD,paid
po_2f042816a7ea,cl_015,2026-05-05 15:00:00,242.90,CAD,paid
po_44646fae444f,cl_015,2026-05-07 15:00:00,434.25,CAD,paid
po_ff56c925697c,cl_015,2026-05-08 15:00:00,92.23,CAD,paid
po_3a1098f2cfc9,cl_015,2026-05-11 15:00:00,352.14,CAD,paid
po_a8da98247d37,cl_015,2026-05-12 15:00:00,126.61,CAD,paid
po_ebc6e39b55d8,cl_015,2026-05-13 15:00:00,432.52,CAD,paid
po_55707d72d9c0,cl_015,2026-05-14 15:00:00,228.29,CAD,paid
po_49880851aed9,cl_015,2026-05-18 15:00:00,210.83,CAD,paid
po_386c2bf5d71d,cl_015,2026-05-19 15:00:00,450.04,CAD,paid
po_9004fb7a2e18,cl_015,2026-05-20 15:00:00,320.51,CAD,paid
po_669cbd104382,cl_015,2026-05-21 15:00:00,260.94,CAD,paid
po_bcfb3bf6a8c6,cl_015,2026-05-22 15:00:00,403.00,CAD,paid
po_1d89cbbb5e3f,cl_015,2026-05-25 15:00:00,74.25,CAD,paid
po_2f1855360ace,cl_015,2026-05-26 15:00:00,265.05,CAD,paid
po_3c931ace23b3,cl_015,2026-05-27 15:00:00,360.73,CAD,paid
po_b3a985a32b14,cl_015,2026-05-28 15:00:00,257.63,CAD,paid
po_0534aae96520,cl_015,2026-05-29 15:00:00,456.56,CAD,paid
po_0b154348f190,cl_015,2026-06-01 15:00:00,486.06,CAD,paid
po_c30797c5dedb,cl_015,2026-06-02 15:00:00,388.70,CAD,paid
po_e37fb6b7877e,cl_015,2026-06-03 15:00:00,220.95,CAD,paid
po_e0ad6b136f7b,cl_015,2026-06-04 15:00:00,370.90,CAD,paid
po_989c83f4310f,cl_015,2026-06-05 15:00:00,238.03,CAD,paid
po_41ffcf39b5b0,cl_015,2026-06-08 15:00:00,323.15,CAD,paid
po_abd64f234ae7,cl_015,2026-06-09 15:00:00,748.62,CAD,paid
po_3aefe2e9d37e,cl_015,2026-06-11 15:00:00,310.77,CAD,paid
po_7d5877b68505,cl_015,2026-06-12 15:00:00,526.57,CAD,paid
po_6fa98d582ae6,cl_015,2026-06-15 15:00:00,436.02,CAD,paid
po_b5058ae82518,cl_015,2026-06-16 15:00:00,307.93,CAD,paid
po_f5268cd6aa28,cl_015,2026-06-17 15:00:00,262.38,CAD,paid
po_86ceddc773ec,cl_015,2026-06-18 15:00:00,94.25,CAD,paid
po_e78463fa6222,cl_015,2026-06-19 15:00:00,186.48,CAD,paid
po_56be85b048a1,cl_015,2026-06-22 15:00:00,92.23,CAD,paid
po_1face13fdbaa,cl_015,2026-06-23 15:00:00,116.58,CAD,paid
po_ec45ed144a6f,cl_015,2026-06-24 15:00:00,279.62,CAD,paid
po_feb64a39c2ad,cl_015,2026-06-25 15:00:00,738.14,CAD,paid
po_32bdcd8a421d,cl_015,2026-06-26 15:00:00,281.56,CAD,paid
po_d770331b98e9,cl_015,2026-06-30 15:00:00,437.10,CAD,paid
po_d119d1f391ee,cl_015,2026-07-01 15:00:00,116.58,CAD,paid
po_23941167982e,cl_015,2026-07-02 15:00:00,72.75,CAD,paid
po_c5efc0993e9a,cl_015,2026-07-03 15:00:00,262.38,CAD,paid
po_93c868a5b3e4,cl_015,2026-07-06 15:00:00,176.82,CAD,paid
po_cd5555af79ab,cl_015,2026-07-07 15:00:00,444.60,CAD,paid
po_fb4f7e3c1b55,cl_015,2026-07-09 15:00:00,283.06,CAD,paid
po_6e9b37da5c34,cl_015,2026-07-10 15:00:00,109.25,CAD,paid
po_bab62f6d314d,cl_015,2026-07-13 15:00:00,64.46,CAD,paid
po_6833780df2d6,cl_015,2026-07-14 15:00:00,649.10,CAD,paid
po_3186d44d1440,cl_015,2026-07-15 15:00:00,272.12,CAD,paid
po_09f397959ae9,cl_015,2026-07-16 15:00:00,332.28,CAD,paid
po_ae1ff1c10ade,cl_015,2026-07-17 15:00:00,184.46,CAD,paid
po_ac6a06a84568,cl_015,2026-07-20 15:00:00,55.80,CAD,paid
po_f3e00525e487,cl_015,2026-07-21 15:00:00,584.39,CAD,paid
po_b2e38dfbcd46,cl_015,2026-07-22 15:00:00,260.73,CAD,paid
po_1b902b439a3c,cl_015,2026-07-23 15:00:00,294.07,CAD,paid
po_f47797a17c9a,cl_015,2026-07-24 15:00:00,305.05,CAD,paid
po_2eec2178d3d9,cl_015,2026-07-27 15:00:00,116.58,CAD,paid
po_f7158786a5dd,cl_015,2026-07-28 15:00:00,478.73,CAD,paid
po_346962fe108f,cl_015,2026-07-29 15:00:00,164.98,CAD,paid
po_6718ba7c6cc7,cl_015,2026-07-30 15:00:00,284.02,CAD,paid
po_7534872e2ec2,cl_015,2026-07-31 15:00:00,199.07,CAD,paid
po_028300780b8e,cl_015,2026-08-03 15:00:00,625.77,CAD,paid
po_30e8fe809505,cl_015,2026-08-04 15:00:00,354.61,CAD,paid
po_a29b923836c4,cl_015,2026-08-05 15:00:00,211.48,CAD,paid
po_226d2b5ef242,cl_015,2026-08-06 15:00:00,497.89,CAD,paid
po_862283499ad3,cl_015,2026-08-10 15:00:00,199.07,CAD,paid
po_815f7746fe6a,cl_015,2026-08-11 15:00:00,745.77,CAD,paid
po_657a3267b687,cl_015,2026-08-12 15:00:00,330.24,CAD,paid
po_acb5109c9902,cl_015,2026-08-14 15:00:00,92.23,CAD,paid
po_e2eaf557473b,cl_015,2026-08-17 15:00:00,359.30,CAD,paid
po_1a87955f6a79,cl_015,2026-08-18 15:00:00,515.02,CAD,paid
po_a60b9e8f2026,cl_015,2026-08-19 15:00:00,166.48,CAD,paid
po_61a32dd4bfd8,cl_015,2026-08-20 15:00:00,181.09,CAD,paid
po_f33dde8e7fb5,cl_015,2026-08-24 15:00:00,483.60,CAD,paid
po_2cf7b4b8eea2,cl_015,2026-08-25 15:00:00,423.69,CAD,paid
po_c54931257f81,cl_015,2026-08-26 15:00:00,342.72,CAD,paid
po_8f62d86cd7a3,cl_015,2026-08-27 15:00:00,145.80,CAD,paid
po_615d37d987af,cl_015,2026-08-28 15:00:00,465.87,CAD,paid
po_3d55026a90df,cl_015,2026-08-31 15:00:00,148.50,CAD,paid
po_4219292f00e1,cl_015,2026-09-01 15:00:00,353.26,CAD,paid
po_dc29b5def5a3,cl_015,2026-09-02 15:00:00,341.24,CAD,paid
po_a959febac96d,cl_015,2026-09-03 15:00:00,319.83,CAD,paid
po_3b21e14481d7,cl_015,2026-09-04 15:00:00,240.42,CAD,paid
po_b3518a5ca390,cl_015,2026-09-07 15:00:00,106.84,CAD,paid
po_42c8d74244ab,cl_015,2026-09-08 15:00:00,216.08,CAD,paid
po_05a563627c51,cl_015,2026-09-09 15:00:00,293.32,CAD,paid
po_b1d88a98b07b,cl_015,2026-09-10 15:00:00,497.26,CAD,paid
po_2633ab7d3fc8,cl_015,2026-09-11 15:00:00,485.78,CAD,paid
po_006126232f14,cl_015,2026-09-14 15:00:00,553.68,CAD,paid
po_67a8da5445fc,cl_015,2026-09-15 15:00:00,663.71,CAD,paid
po_bb0eaa420ec7,cl_015,2026-09-16 15:00:00,505.27,CAD,paid
po_d65b8f1e548b,cl_015,2026-09-17 15:00:00,407.60,CAD,paid
po_47b11d7df4de,cl_015,2026-09-18 15:00:00,451.79,CAD,paid
po_fd9f3b802a5a,cl_015,2026-09-21 15:00:00,520.81,CAD,paid
po_802de4b14f12,cl_015,2026-09-22 15:00:00,207.69,CAD,paid
po_d0e4652f7c5f,cl_015,2026-09-23 15:00:00,454.11,CAD,paid
po_363585f82c35,cl_015,2026-09-24 15:00:00,170.75,CAD,paid
po_e61f37ac68b0,cl_015,2026-09-25 15:00:00,72.75,CAD,paid
po_1eba5c696935,cl_015,2026-09-28 15:00:00,396.28,CAD,paid
po_d77b40f4a9dc,cl_015,2026-09-29 15:00:00,301.03,CAD,paid
po_d4337ce995bb,cl_015,2026-09-30 15:00:00,346.89,CAD,paid
po_5a3f5af7f4e4,cl_015,2026-10-01 15:00:00,530.90,CAD,paid
po_cd4e9d96c857,cl_015,2026-10-02 15:00:00,461.51,CAD,paid
po_62bd1fff17d7,cl_016,2026-04-03 15:00:00,164.98,CAD,paid
po_254906183003,cl_016,2026-04-06 15:00:00,223.41,CAD,paid
po_b92425e4961c,cl_016,2026-04-08 15:00:00,184.45,CAD,paid
po_e104fcc12593,cl_016,2026-04-09 15:00:00,160.11,CAD,paid
po_c5589ffde749,cl_016,2026-04-10 15:00:00,212.69,CAD,paid
po_aa58478d7d37,cl_016,2026-04-13 15:00:00,222.20,CAD,paid
po_1db26288e22f,cl_016,2026-04-14 15:00:00,92.23,CAD,paid
po_da8e2f3b4060,cl_016,2026-04-15 15:00:00,276.98,CAD,paid
po_71168da0732d,cl_016,2026-04-16 15:00:00,179.59,CAD,paid
po_59778274c012,cl_016,2026-04-17 15:00:00,86.77,CAD,paid
po_bd7ec9dda8ef,cl_016,2026-04-20 15:00:00,155.54,CAD,paid
po_d5365e1d27af,cl_016,2026-04-21 15:00:00,257.21,CAD,paid
po_a80ef57661c2,cl_016,2026-04-23 15:00:00,72.75,CAD,paid
po_76b46065566e,cl_016,2026-04-24 15:00:00,246.33,CAD,paid
po_1a03823801b0,cl_016,2026-04-27 15:00:00,105.85,CAD,paid
po_0b0eaf3861e0,cl_016,2026-04-28 15:00:00,212.69,CAD,paid
po_20cbe455ae04,cl_016,2026-04-29 15:00:00,377.98,CAD,paid
po_9c337be1e2ca,cl_016,2026-04-30 15:00:00,262.38,CAD,paid
po_624852b68a5f,cl_016,2026-05-01 15:00:00,146.54,CAD,paid
po_7e2bf58220bd,cl_016,2026-05-04 15:00:00,94.25,CAD,paid
po_55d712503c3d,cl_016,2026-05-05 15:00:00,296.17,CAD,paid
po_85175a99c3f1,cl_016,2026-05-06 15:00:00,119.25,CAD,paid
po_75104cbd94ec,cl_016,2026-05-07 15:00:00,92.23,CAD,paid
po_a2c391e931e7,cl_016,2026-05-08 15:00:00,184.46,CAD,paid
po_95d538779c7f,cl_016,2026-05-11 15:00:00,174.71,CAD,paid
po_fa6eeba715f4,cl_016,2026-05-12 15:00:00,376.99,CAD,paid
po_be4dce5c5310,cl_016,2026-05-13 15:00:00,213.68,CAD,paid
po_a7872d969963,cl_016,2026-05-14 15:00:00,159.25,CAD,paid
po_03a93936e1c0,cl_016,2026-05-15 15:00:00,72.75,CAD,paid
po_83f7d226c173,cl_016,2026-05-18 15:00:00,181.61,CAD,paid
po_5a4b300820c1,cl_016,2026-05-19 15:00:00,423.65,CAD,paid
po_3ae793a1f5a2,cl_016,2026-05-20 15:00:00,397.65,CAD,paid
po_5b5000508189,cl_016,2026-05-21 15:00:00,207.73,CAD,paid
po_6b5b85e93ff9,cl_016,2026-05-22 15:00:00,222.00,CAD,paid
po_36057dbf4431,cl_016,2026-05-25 15:00:00,83.03,CAD,paid
po_194f763f2016,cl_016,2026-05-26 15:00:00,277.93,CAD,paid
po_8e4ddee4aec3,cl_016,2026-05-27 15:00:00,149.25,CAD,paid
po_1b93722875c0,cl_016,2026-05-28 15:00:00,315.94,CAD,paid
po_a182e80b642c,cl_016,2026-05-29 15:00:00,193.21,CAD,paid
po_c7e3372e712a,cl_016,2026-06-01 15:00:00,339.99,CAD,paid
po_c21f63625257,cl_016,2026-06-02 15:00:00,92.23,CAD,paid
po_b6b4619a5b85,cl_016,2026-06-03 15:00:00,155.54,CAD,paid
po_106928e3c668,cl_016,2026-06-04 15:00:00,246.33,CAD,paid
po_ee7a191de566,cl_016,2026-06-05 15:00:00,238.03,CAD,paid
po_618b4165da79,cl_016,2026-06-08 15:00:00,87.36,CAD,paid
po_8329b7ab9352,cl_016,2026-06-09 15:00:00,303.70,CAD,paid
po_51ec4a4fbe8e,cl_016,2026-06-10 15:00:00,203.94,CAD,paid
po_3e32e1e353b4,cl_016,2026-06-11 15:00:00,341.09,CAD,paid
po_91419c585bcb,cl_016,2026-06-12 15:00:00,179.59,CAD,paid
po_be798ef7b38a,cl_016,2026-06-15 15:00:00,267.24,CAD,paid
po_dd7a658bb2bb,cl_016,2026-06-16 15:00:00,223.42,CAD,paid
po_6cec18391c57,cl_016,2026-06-17 15:00:00,176.21,CAD,paid
po_469faacd9bce,cl_016,2026-06-18 15:00:00,-164.99,CAD,paid
po_b40f67414db0,cl_016,2026-06-19 15:00:00,262.37,CAD,paid
po_42c03ca496d9,cl_016,2026-06-22 15:00:00,262.38,CAD,paid
po_7ec343ffabdf,cl_016,2026-06-24 15:00:00,179.59,CAD,paid
po_2848c972299e,cl_016,2026-06-25 15:00:00,199.07,CAD,paid
po_1049357eb820,cl_016,2026-06-29 15:00:00,149.25,CAD,paid
po_b02cd639b576,cl_016,2026-06-30 15:00:00,205.44,CAD,paid
po_b24ea516782b,cl_016,2026-07-01 15:00:00,106.84,CAD,paid
po_1d3dd948325c,cl_016,2026-07-02 15:00:00,199.07,CAD,paid
po_1b9233b7aa8e,cl_016,2026-07-03 15:00:00,173.91,CAD,paid
po_541141310bd8,cl_016,2026-07-06 15:00:00,106.84,CAD,paid
po_2db156c3edc7,cl_016,2026-07-07 15:00:00,547.28,CAD,paid
po_fb1165fb3619,cl_016,2026-07-09 15:00:00,121.44,CAD,paid
po_bb6b55474ac9,cl_016,2026-07-10 15:00:00,106.84,CAD,paid
po_a163c2e0dba3,cl_016,2026-07-14 15:00:00,270.69,CAD,paid
po_1d0ca0e448c0,cl_016,2026-07-15 15:00:00,201.09,CAD,paid
po_435d58bcf05e,cl_016,2026-07-16 15:00:00,179.59,CAD,paid
po_7d1fc8c1e83b,cl_016,2026-07-17 15:00:00,21.19,CAD,paid
po_e49b82969c98,cl_016,2026-07-20 15:00:00,186.48,CAD,paid
po_57b5713f6ee9,cl_016,2026-07-21 15:00:00,364.05,CAD,paid
po_1a1d74a02006,cl_016,2026-07-22 15:00:00,183.60,CAD,paid
po_fb700ca6f40e,cl_016,2026-07-23 15:00:00,164.98,CAD,paid
po_defafc5ab93e,cl_016,2026-07-27 15:00:00,72.75,CAD,paid
po_9a00e2f592cc,cl_016,2026-07-28 15:00:00,162.00,CAD,paid
po_d330f097a1a6,cl_016,2026-07-29 15:00:00,255.05,CAD,paid
po_4fc2bc3ae3f7,cl_016,2026-07-30 15:00:00,87.36,CAD,paid
po_0a17907ed7f2,cl_016,2026-07-31 15:00:00,218.54,CAD,paid
po_02f9a6c53b67,cl_016,2026-08-03 15:00:00,358.25,CAD,paid
po_0740c9c179f7,cl_016,2026-08-04 15:00:00,264.78,CAD,paid
po_f5dee45ca1a4,cl_016,2026-08-05 15:00:00,92.23,CAD,paid
po_144e3ae6bb7f,cl_016,2026-08-06 15:00:00,106.84,CAD,paid
po_f51a7deb6271,cl_016,2026-08-07 15:00:00,504.97,CAD,paid
po_8e30b86ad525,cl_016,2026-08-10 15:00:00,184.46,CAD,paid
po_9927498a98ab,cl_016,2026-08-11 15:00:00,177.92,CAD,paid
po_2852bb44a22a,cl_016,2026-08-12 15:00:00,247.77,CAD,paid
po_04d586d57b2d,cl_016,2026-08-14 15:00:00,262.38,CAD,paid
po_20b6ce7d451c,cl_016,2026-08-17 15:00:00,201.60,CAD,paid
po_63bb43ed9a6c,cl_016,2026-08-18 15:00:00,241.46,CAD,paid
po_deda9d7e94bf,cl_016,2026-08-19 15:00:00,237.28,CAD,paid
po_89144502e019,cl_016,2026-08-20 15:00:00,111.70,CAD,paid
po_93cb700a597b,cl_016,2026-08-21 15:00:00,155.54,CAD,paid
po_072a8333403f,cl_016,2026-08-24 15:00:00,199.07,CAD,paid
po_ef55e37a4191,cl_016,2026-08-25 15:00:00,310.78,CAD,paid
po_2621305dcfbe,cl_016,2026-08-26 15:00:00,131.18,CAD,paid
po_edeb31e0a699,cl_016,2026-08-27 15:00:00,260.94,CAD,paid
po_2f3b56e74fb7,cl_016,2026-08-28 15:00:00,199.07,CAD,paid
po_2cbdff5026da,cl_016,2026-08-31 15:00:00,251.48,CAD,paid
po_a8dc8565ef15,cl_016,2026-09-01 15:00:00,354.20,CAD,paid
po_b9b5fbb80d54,cl_016,2026-09-02 15:00:00,393.57,CAD,paid
po_e838e9fea3e9,cl_016,2026-09-03 15:00:00,355.55,CAD,paid
po_4ec3a9eb935a,cl_016,2026-09-04 15:00:00,145.80,CAD,paid
po_05579b0fad3d,cl_016,2026-09-07 15:00:00,190.79,CAD,paid
po_181b1d34f672,cl_016,2026-09-08 15:00:00,148.83,CAD,paid
po_72d5b13716f7,cl_016,2026-09-09 15:00:00,317.66,CAD,paid
po_799bdf4e64bd,cl_016,2026-09-10 15:00:00,439.12,CAD,paid
po_05167ba4ba87,cl_016,2026-09-11 15:00:00,109.25,CAD,paid
po_96722dfd2d8b,cl_016,2026-09-14 15:00:00,92.23,CAD,paid
po_cbd42d9cfb6c,cl_016,2026-09-15 15:00:00,407.88,CAD,paid
po_2eab28d8dbf4,cl_016,2026-09-16 15:00:00,92.23,CAD,paid
po_38e9b1a1485f,cl_016,2026-09-18 15:00:00,354.61,CAD,paid
po_2284d2b6814e,cl_016,2026-09-21 15:00:00,180.56,CAD,paid
po_754b8c2890eb,cl_016,2026-09-23 15:00:00,236.61,CAD,paid
po_acea371e5a80,cl_016,2026-09-24 15:00:00,92.23,CAD,paid
po_48151f12b919,cl_016,2026-09-25 15:00:00,198.08,CAD,paid
po_e785ced2e251,cl_016,2026-09-28 15:00:00,179.59,CAD,paid
po_8c16930f6129,cl_016,2026-09-29 15:00:00,116.58,CAD,paid
po_18fa37e3da08,cl_016,2026-09-30 15:00:00,347.28,CAD,paid
po_886d932ec120,cl_016,2026-10-01 15:00:00,223.41,CAD,paid
po_86913ce82c19,cl_017,2026-04-03 15:00:00,201.48,CAD,paid
po_47efc3e12f75,cl_017,2026-04-06 15:00:00,335.11,CAD,paid
po_fb1a0c8e9a09,cl_017,2026-04-07 15:00:00,557.13,CAD,paid
po_5c763991d209,cl_017,2026-04-08 15:00:00,250.17,CAD,paid
po_2a3da617f929,cl_017,2026-04-10 15:00:00,333.01,CAD,paid
po_efad3129c3f9,cl_017,2026-04-13 15:00:00,106.84,CAD,paid
po_79d620caa0b9,cl_017,2026-04-14 15:00:00,539.07,CAD,paid
po_69cfc8c4154d,cl_017,2026-04-15 15:00:00,254.65,CAD,paid
po_e5fbc36147d9,cl_017,2026-04-16 15:00:00,478.46,CAD,paid
po_9691f7e8577b,cl_017,2026-04-17 15:00:00,377.80,CAD,paid
po_d62a2e4b6683,cl_017,2026-04-21 15:00:00,106.84,CAD,paid
po_255db96f5132,cl_017,2026-04-22 15:00:00,164.30,CAD,paid
po_1923f2d1c99a,cl_017,2026-04-23 15:00:00,305.91,CAD,paid
po_57ace3bd1049,cl_017,2026-04-24 15:00:00,311.98,CAD,paid
po_e7e1268fe182,cl_017,2026-04-27 15:00:00,334.42,CAD,paid
po_c7ec993f22a2,cl_017,2026-04-28 15:00:00,401.02,CAD,paid
po_871f7c33bd62,cl_017,2026-04-29 15:00:00,481.14,CAD,paid
po_5bf0af48a8de,cl_017,2026-04-30 15:00:00,445.19,CAD,paid
po_d8a7b944039c,cl_017,2026-05-01 15:00:00,378.96,CAD,paid
po_fe2ba13ff68d,cl_017,2026-05-04 15:00:00,87.36,CAD,paid
po_458a0ade9275,cl_017,2026-05-05 15:00:00,418.47,CAD,paid
po_762297960e52,cl_017,2026-05-06 15:00:00,304.92,CAD,paid
po_beb1532dd62e,cl_017,2026-05-07 15:00:00,106.84,CAD,paid
po_d2b3d9cb2669,cl_017,2026-05-08 15:00:00,301.04,CAD,paid
po_2fe09914d6ee,cl_017,2026-05-11 15:00:00,301.04,CAD,paid
po_d977a0e2f929,cl_017,2026-05-12 15:00:00,771.37,CAD,paid
po_2bd27dad2fc5,cl_017,2026-05-13 15:00:00,106.84,CAD,paid
po_4fdd612848b1,cl_017,2026-05-14 15:00:00,476.06,CAD,paid
po_a1ed3f303cda,cl_017,2026-05-15 15:00:00,119.25,CAD,paid
po_604600d2f7d6,cl_017,2026-05-18 15:00:00,268.84,CAD,paid
po_4a6c8f9a3e0b,cl_017,2026-05-19 15:00:00,587.76,CAD,paid
po_7647b79f5bd9,cl_017,2026-05-20 15:00:00,223.41,CAD,paid
po_cfa0f11f5990,cl_017,2026-05-21 15:00:00,91.37,CAD,paid
po_dfcd883de5ff,cl_017,2026-05-22 15:00:00,378.66,CAD,paid
po_ca4d80604d21,cl_017,2026-05-25 15:00:00,201.48,CAD,paid
po_c9985e54848a,cl_017,2026-05-26 15:00:00,575.18,CAD,paid
po_d9d544661e7f,cl_017,2026-05-27 15:00:00,409.89,CAD,paid
po_799d0e2df995,cl_017,2026-05-28 15:00:00,310.77,CAD,paid
po_8b9d8d1c7e1c,cl_017,2026-05-29 15:00:00,361.49,CAD,paid
po_e194ac96f892,cl_017,2026-06-02 15:00:00,860.91,CAD,paid
po_2adc88ad38d6,cl_017,2026-06-03 15:00:00,437.09,CAD,paid
po_59fcd6da8157,cl_017,2026-06-04 15:00:00,624.34,CAD,paid
po_0795b4aacd77,cl_017,2026-06-05 15:00:00,240.05,CAD,paid
po_6bbd441e5b57,cl_017,2026-06-08 15:00:00,303.45,CAD,paid
po_82e3921a08dc,cl_017,2026-06-09 15:00:00,399.58,CAD,paid
po_47099bc18e72,cl_017,2026-06-10 15:00:00,106.84,CAD,paid
po_b2215e8f7179,cl_017,2026-06-11 15:00:00,385.33,CAD,paid
po_1e4f09533f1d,cl_017,2026-06-12 15:00:00,372.66,CAD,paid
po_9d9ac30c080e,cl_017,2026-06-15 15:00:00,305.90,CAD,paid
po_3c8b75d88456,cl_017,2026-06-16 15:00:00,994.40,CAD,paid
po_2e6f4ef7b436,cl_017,2026-06-17 15:00:00,205.82,CAD,paid
po_1252c688376b,cl_017,2026-06-18 15:00:00,262.37,CAD,paid
po_f54cc97b0455,cl_017,2026-06-19 15:00:00,284.35,CAD,paid
po_2d313cf365f7,cl_017,2026-06-23 15:00:00,432.22,CAD,paid
po_68b30eb673f3,cl_017,2026-06-24 15:00:00,213.68,CAD,paid
po_d94ed12c1f7e,cl_017,2026-06-25 15:00:00,247.47,CAD,paid
po_db4595a42605,cl_017,2026-06-26 15:00:00,261.39,CAD,paid
po_bd606690f1c5,cl_017,2026-06-29 15:00:00,94.25,CAD,paid
po_2ba5b78842f5,cl_017,2026-06-30 15:00:00,674.83,CAD,paid
po_eb9aae69680b,cl_017,2026-07-01 15:00:00,72.07,CAD,paid
po_f8a46615c0ed,cl_017,2026-07-02 15:00:00,149.25,CAD,paid
po_a42dc76c9faa,cl_017,2026-07-03 15:00:00,96.19,CAD,paid
po_a2f2107f0f9e,cl_017,2026-07-06 15:00:00,154.10,CAD,paid
po_b2e10d6e1846,cl_017,2026-07-07 15:00:00,782.70,CAD,paid
po_87d5be660057,cl_017,2026-07-08 15:00:00,179.59,CAD,paid
po_06de1d84822e,cl_017,2026-07-09 15:00:00,769.92,CAD,paid
po_87a53af29b3e,cl_017,2026-07-10 15:00:00,222.00,CAD,paid
po_7d8374e1d035,cl_017,2026-07-13 15:00:00,106.84,CAD,paid
po_ed18206bed21,cl_017,2026-07-14 15:00:00,387.96,CAD,paid
po_dae42ec65a1c,cl_017,2026-07-15 15:00:00,265.10,CAD,paid
po_29e3e7585768,cl_017,2026-07-16 15:00:00,358.79,CAD,paid
po_980f8838b773,cl_017,2026-07-17 15:00:00,306.94,CAD,paid
po_af90ecfbca5f,cl_017,2026-07-20 15:00:00,72.75,CAD,paid
po_a3aa25bb26a9,cl_017,2026-07-21 15:00:00,471.18,CAD,paid
po_6bb7ebde4608,cl_017,2026-07-22 15:00:00,370.94,CAD,paid
po_656c966ffd74,cl_017,2026-07-23 15:00:00,44.60,CAD,paid
po_c7a6d67bc17f,cl_017,2026-07-24 15:00:00,397.27,CAD,paid
po_3f623bd49be5,cl_017,2026-07-27 15:00:00,145.80,CAD,paid
po_783f8ba77455,cl_017,2026-07-28 15:00:00,106.84,CAD,paid
po_6383f7a7d5ef,cl_017,2026-07-29 15:00:00,252.64,CAD,paid
po_b9faf5f6e215,cl_017,2026-07-30 15:00:00,300.18,CAD,paid
po_5140147b655a,cl_017,2026-07-31 15:00:00,288.83,CAD,paid
po_25136217bfaa,cl_017,2026-08-03 15:00:00,16.84,CAD,paid
po_471aff2582e9,cl_017,2026-08-04 15:00:00,415.23,CAD,paid
po_375809c0e3ea,cl_017,2026-08-05 15:00:00,364.33,CAD,paid
po_005d35384673,cl_017,2026-08-06 15:00:00,510.14,CAD,paid
po_9bf37f528253,cl_017,2026-08-07 15:00:00,186.48,CAD,paid
po_965f53fd0c28,cl_017,2026-08-10 15:00:00,92.23,CAD,paid
po_88a18e31d79e,cl_017,2026-08-11 15:00:00,1147.00,CAD,paid
po_3f362b3143f7,cl_017,2026-08-12 15:00:00,217.73,CAD,paid
po_4fb856eca3c9,cl_017,2026-08-13 15:00:00,92.23,CAD,paid
po_ee24e3386ad8,cl_017,2026-08-14 15:00:00,243.50,CAD,paid
po_17f05c47ac7e,cl_017,2026-08-17 15:00:00,491.02,CAD,paid
po_c656ebb4dddd,cl_017,2026-08-18 15:00:00,291.30,CAD,paid
po_ec2c9732a9d5,cl_017,2026-08-19 15:00:00,392.35,CAD,paid
po_1c66e0326572,cl_017,2026-08-20 15:00:00,74.25,CAD,paid
po_36337d0251d9,cl_017,2026-08-21 15:00:00,281.38,CAD,paid
po_591727886501,cl_017,2026-08-24 15:00:00,249.78,CAD,paid
po_265889a57aad,cl_017,2026-08-25 15:00:00,125.74,CAD,paid
po_2e0a98541271,cl_017,2026-08-26 15:00:00,439.11,CAD,paid
po_2447628a7bb2,cl_017,2026-08-27 15:00:00,359.04,CAD,paid
po_ecfad372402e,cl_017,2026-08-28 15:00:00,251.48,CAD,paid
po_37686a24a931,cl_017,2026-08-31 15:00:00,415.48,CAD,paid
po_ca3e55a7ca93,cl_017,2026-09-01 15:00:00,510.15,CAD,paid
po_fdd1f81e3291,cl_017,2026-09-02 15:00:00,170.14,CAD,paid
po_6277d8cdf441,cl_017,2026-09-03 15:00:00,630.44,CAD,paid
po_57ad44181e28,cl_017,2026-09-04 15:00:00,4.99,CAD,paid
po_0a55e920abeb,cl_017,2026-09-07 15:00:00,275.83,CAD,paid
po_bd8258eed39e,cl_017,2026-09-08 15:00:00,456.87,CAD,paid
po_79d0c7a27657,cl_017,2026-09-09 15:00:00,424.59,CAD,paid
po_c97bbe9615bd,cl_017,2026-09-10 15:00:00,149.25,CAD,paid
po_dd65b5a4839c,cl_017,2026-09-11 15:00:00,178.78,CAD,paid
po_3bd7e459ac6d,cl_017,2026-09-14 15:00:00,210.83,CAD,paid
po_efbaf19e4f79,cl_017,2026-09-15 15:00:00,688.93,CAD,paid
po_3b016b7618b2,cl_017,2026-09-16 15:00:00,502.82,CAD,paid
po_2ac7094ce965,cl_017,2026-09-17 15:00:00,203.50,CAD,paid
po_e69cccfb4f46,cl_017,2026-09-18 15:00:00,426.49,CAD,paid
po_8713eb4e9856,cl_017,2026-09-21 15:00:00,344.98,CAD,paid
po_ba623b290e7e,cl_017,2026-09-22 15:00:00,622.03,CAD,paid
po_620b26cc7c16,cl_017,2026-09-23 15:00:00,89.25,CAD,paid
po_d1094bf3c804,cl_017,2026-09-25 15:00:00,321.71,CAD,paid
po_9b1d33bd5815,cl_017,2026-09-28 15:00:00,562.43,CAD,paid
po_a2ee5bca08c4,cl_017,2026-09-29 15:00:00,547.01,CAD,paid
po_24991e438372,cl_017,2026-09-30 15:00:00,304.92,CAD,paid
po_f48478e13bb7,cl_017,2026-10-01 15:00:00,199.07,CAD,paid
po_5b46c8dbc0a0,cl_017,2026-10-02 15:00:00,268.84,CAD,paid
po_075e9ba29652,cl_018,2026-04-03 15:00:00,92.23,CAD,paid
po_20a2e4234601,cl_018,2026-04-06 15:00:00,378.96,CAD,paid
po_f5e451d995bd,cl_018,2026-04-07 15:00:00,371.63,CAD,paid
po_4e40d06d9c09,cl_018,2026-04-08 15:00:00,92.23,CAD,paid
po_d08e1ed4e4fa,cl_018,2026-04-09 15:00:00,163.44,CAD,paid
po_9139f11f6714,cl_018,2026-04-10 15:00:00,364.35,CAD,paid
po_78c2550ac071,cl_018,2026-04-13 15:00:00,139.23,CAD,paid
po_29d3963b84f8,cl_018,2026-04-14 15:00:00,485.58,CAD,paid
po_34c8060e890d,cl_018,2026-04-15 15:00:00,155.54,CAD,paid
po_95ab28450e08,cl_018,2026-04-16 15:00:00,396.06,CAD,paid
po_82b18fcad30b,cl_018,2026-04-17 15:00:00,314.23,CAD,paid
po_836a1e7f34eb,cl_018,2026-04-20 15:00:00,72.75,CAD,paid
po_957b05a4b8c3,cl_018,2026-04-21 15:00:00,501.66,CAD,paid
po_ce0614440128,cl_018,2026-04-22 15:00:00,116.57,CAD,paid
po_f96c659601c5,cl_018,2026-04-23 15:00:00,92.23,CAD,paid
po_737b1c2a98de,cl_018,2026-04-27 15:00:00,223.42,CAD,paid
po_d8e2af28d6e3,cl_018,2026-04-28 15:00:00,314.23,CAD,paid
po_81836195870b,cl_018,2026-05-01 15:00:00,179.59,CAD,paid
po_12781839c8b5,cl_018,2026-05-04 15:00:00,113.35,CAD,paid
po_f6796c88af9a,cl_018,2026-05-05 15:00:00,363.19,CAD,paid
po_efc4eddfcf83,cl_018,2026-05-06 15:00:00,371.85,CAD,paid
po_ebdd2e4fdd1f,cl_018,2026-05-07 15:00:00,416.82,CAD,paid
po_fe5108249fd6,cl_018,2026-05-08 15:00:00,223.42,CAD,paid
po_9ff365164243,cl_018,2026-05-11 15:00:00,105.85,CAD,paid
po_90f1763cc2d2,cl_018,2026-05-12 15:00:00,252.64,CAD,paid
po_0d404e531917,cl_018,2026-05-13 15:00:00,184.46,CAD,paid
po_27aeeb37cce0,cl_018,2026-05-14 15:00:00,223.41,CAD,paid
po_eaace0cff2e5,cl_018,2026-05-15 15:00:00,109.25,CAD,paid
po_2b3a0a5dfe1c,cl_018,2026-05-18 15:00:00,247.77,CAD,paid
po_307e9c203e41,cl_018,2026-05-19 15:00:00,456.56,CAD,paid
po_6e6b623b7554,cl_018,2026-05-20 15:00:00,160.11,CAD,paid
po_a9625289f5a4,cl_018,2026-05-21 15:00:00,296.16,CAD,paid
po_30b5f1b738d8,cl_018,2026-05-22 15:00:00,276.98,CAD,paid
po_6269604c605d,cl_018,2026-05-25 15:00:00,92.23,CAD,paid
po_ed27643b9c89,cl_018,2026-05-26 15:00:00,270.68,CAD,paid
po_860377622320,cl_018,2026-05-27 15:00:00,87.36,CAD,paid
po_361a3d0e7399,cl_018,2026-05-29 15:00:00,424.90,CAD,paid
po_8ada6f975749,cl_018,2026-06-01 15:00:00,325.38,CAD,paid
po_94b29ca2c52b,cl_018,2026-06-02 15:00:00,218.55,CAD,paid
po_b4361a89f912,cl_018,2026-06-03 15:00:00,301.34,CAD,paid
po_e17fc7824be8,cl_018,2026-06-04 15:00:00,288.74,CAD,paid
po_cfd3a94ffdb0,cl_018,2026-06-05 15:00:00,108.89,CAD,paid
po_2fd3fe294505,cl_018,2026-06-08 15:00:00,155.54,CAD,paid
po_2e29016da8bf,cl_018,2026-06-09 15:00:00,497.42,CAD,paid
po_42feecb1f7b5,cl_018,2026-06-10 15:00:00,141.61,CAD,paid
po_81d742417a5d,cl_018,2026-06-11 15:00:00,92.23,CAD,paid
po_e2046a52e468,cl_018,2026-06-12 15:00:00,106.83,CAD,paid
po_308ba3c67d8f,cl_018,2026-06-15 15:00:00,115.50,CAD,paid
po_dd2df5a59e52,cl_018,2026-06-16 15:00:00,329.39,CAD,paid
po_f6943b2ab9a5,cl_018,2026-06-17 15:00:00,265.96,CAD,paid
po_ff5deb6eaf54,cl_018,2026-06-18 15:00:00,155.54,CAD,paid
po_374451bab335,cl_018,2026-06-22 15:00:00,308.32,CAD,paid
po_1e70bc4defd6,cl_018,2026-06-23 15:00:00,310.78,CAD,paid
po_09ec67fa2ba5,cl_018,2026-06-24 15:00:00,304.79,CAD,paid
po_f9d8b34dd1ff,cl_018,2026-06-25 15:00:00,72.75,CAD,paid
po_9e40ea1b571e,cl_018,2026-06-26 15:00:00,164.98,CAD,paid
po_43c3d4682151,cl_018,2026-06-29 15:00:00,179.59,CAD,paid
po_2c5235b56af4,cl_018,2026-06-30 15:00:00,415.58,CAD,paid
po_8a09b3e8905f,cl_018,2026-07-01 15:00:00,198.21,CAD,paid
po_79f61ff2c21b,cl_018,2026-07-02 15:00:00,293.32,CAD,paid
po_fb531d14fa9a,cl_018,2026-07-03 15:00:00,513.84,CAD,paid
po_efae94d008a6,cl_018,2026-07-07 15:00:00,346.28,CAD,paid
po_eb196f333daf,cl_018,2026-07-08 15:00:00,178.91,CAD,paid
po_f9ac3bd92b3b,cl_018,2026-07-09 15:00:00,360.68,CAD,paid
po_f77682852194,cl_018,2026-07-10 15:00:00,236.68,CAD,paid
po_6c4fb0612c97,cl_018,2026-07-13 15:00:00,145.80,CAD,paid
po_c88a455330b3,cl_018,2026-07-14 15:00:00,570.96,CAD,paid
po_21a83ceee14e,cl_018,2026-07-15 15:00:00,92.23,CAD,paid
po_6b71b08d24c9,cl_018,2026-07-16 15:00:00,169.54,CAD,paid
po_7ea4e61e9283,cl_018,2026-07-20 15:00:00,277.85,CAD,paid
po_5ccc16c709f6,cl_018,2026-07-21 15:00:00,400.55,CAD,paid
po_ce0894448143,cl_018,2026-07-22 15:00:00,184.46,CAD,paid
po_86465be4da28,cl_018,2026-07-23 15:00:00,487.88,CAD,paid
po_5d14719469eb,cl_018,2026-07-24 15:00:00,347.13,CAD,paid
po_b409b86035a2,cl_018,2026-07-27 15:00:00,179.59,CAD,paid
po_175e0df22a0f,cl_018,2026-07-28 15:00:00,291.29,CAD,paid
po_8a372a97ccf3,cl_018,2026-07-30 15:00:00,271.82,CAD,paid
po_fda04e15bf55,cl_018,2026-07-31 15:00:00,276.98,CAD,paid
po_21da80c93c68,cl_018,2026-08-03 15:00:00,72.75,CAD,paid
po_7216cba5b421,cl_018,2026-08-04 15:00:00,155.54,CAD,paid
po_16ecb7a272fa,cl_018,2026-08-05 15:00:00,164.98,CAD,paid
po_5024b7bf9261,cl_018,2026-08-06 15:00:00,393.55,CAD,paid
po_92bc9c0b2000,cl_018,2026-08-07 15:00:00,194.20,CAD,paid
po_8e87f6cd0e21,cl_018,2026-08-10 15:00:00,164.98,CAD,paid
po_1f71efcc2c83,cl_018,2026-08-11 15:00:00,495.24,CAD,paid
po_48afc11b022e,cl_018,2026-08-12 15:00:00,218.55,CAD,paid
po_b1ea7251faa6,cl_018,2026-08-14 15:00:00,99.24,CAD,paid
po_fb9cb8944e71,cl_018,2026-08-17 15:00:00,382.57,CAD,paid
po_023c460b4b61,cl_018,2026-08-18 15:00:00,442.55,CAD,paid
po_15680368a5f4,cl_018,2026-08-19 15:00:00,254.36,CAD,paid
po_0beb338d58a3,cl_018,2026-08-20 15:00:00,92.23,CAD,paid
po_7ed62d3fde2a,cl_018,2026-08-21 15:00:00,178.91,CAD,paid
po_cde74e31c5bc,cl_018,2026-08-24 15:00:00,216.30,CAD,paid
po_0f8fd29fa522,cl_018,2026-08-25 15:00:00,281.56,CAD,paid
po_dc607895811e,cl_018,2026-08-26 15:00:00,342.02,CAD,paid
po_691f36d4ff48,cl_018,2026-08-27 15:00:00,199.07,CAD,paid
po_310a8bf2322c,cl_018,2026-08-28 15:00:00,199.07,CAD,paid
po_e724565530a9,cl_018,2026-08-31 15:00:00,74.25,CAD,paid
po_323a49151d7e,cl_018,2026-09-01 15:00:00,304.79,CAD,paid
po_1fc61a6d69e8,cl_018,2026-09-02 15:00:00,155.54,CAD,paid
po_8bb098c1e1c8,cl_018,2026-09-03 15:00:00,257.21,CAD,paid
po_bb62f941c32e,cl_018,2026-09-04 15:00:00,179.58,CAD,paid
po_389de7ec45ad,cl_018,2026-09-07 15:00:00,92.23,CAD,paid
po_90ba78c56d8c,cl_018,2026-09-08 15:00:00,208.81,CAD,paid
po_ccfc3cd7328d,cl_018,2026-09-09 15:00:00,208.80,CAD,paid
po_9a6bbbf4c0cf,cl_018,2026-09-10 15:00:00,109.25,CAD,paid
po_faf1a92d34bd,cl_018,2026-09-14 15:00:00,179.59,CAD,paid
po_503c204eaa91,cl_018,2026-09-15 15:00:00,198.43,CAD,paid
po_b88443bad66c,cl_018,2026-09-17 15:00:00,437.09,CAD,paid
po_7d4abb566555,cl_018,2026-09-18 15:00:00,268.17,CAD,paid
po_9908c13bf58e,cl_018,2026-09-21 15:00:00,159.30,CAD,paid
po_fee6e8957bf2,cl_018,2026-09-22 15:00:00,581.90,CAD,paid
po_76164df2970a,cl_018,2026-09-23 15:00:00,116.58,CAD,paid
po_87b164b43b52,cl_018,2026-09-24 15:00:00,512.17,CAD,paid
po_70a5907f4796,cl_018,2026-09-25 15:00:00,290.44,CAD,paid
po_290dfec28405,cl_018,2026-09-28 15:00:00,94.25,CAD,paid
po_966758ef5d6c,cl_018,2026-09-29 15:00:00,116.58,CAD,paid
po_7b873bcb8dde,cl_018,2026-09-30 15:00:00,164.30,CAD,paid
po_70384e291a48,cl_018,2026-10-01 15:00:00,233.16,CAD,paid
po_754e2b15cb7d,cl_018,2026-10-02 15:00:00,322.54,CAD,paid
po_c96e0722c329,cl_019,2026-04-03 15:00:00,94.25,CAD,paid
po_77d2aadf9bb8,cl_019,2026-04-06 15:00:00,547.16,CAD,paid
po_c607ee0087ab,cl_019,2026-04-07 15:00:00,203.93,CAD,paid
po_8555614bde6a,cl_019,2026-04-09 15:00:00,769.53,CAD,paid
po_3025e84962fe,cl_019,2026-04-10 15:00:00,347.80,CAD,paid
po_c0decf534d7b,cl_019,2026-04-13 15:00:00,528.33,CAD,paid
po_70f821b3d0c3,cl_019,2026-04-14 15:00:00,924.78,CAD,paid
po_b4394150c73c,cl_019,2026-04-15 15:00:00,278.71,CAD,paid
po_4e33c7947266,cl_019,2026-04-16 15:00:00,495.24,CAD,paid
po_d69942bf7d19,cl_019,2026-04-17 15:00:00,309.43,CAD,paid
po_c4072aca70d5,cl_019,2026-04-20 15:00:00,201.09,CAD,paid
po_6db0bd78321d,cl_019,2026-04-21 15:00:00,225.48,CAD,paid
po_d6511cf10396,cl_019,2026-04-22 15:00:00,417.62,CAD,paid
po_e83a1c890fb2,cl_019,2026-04-23 15:00:00,259.23,CAD,paid
po_f6da05d89e4d,cl_019,2026-04-24 15:00:00,249.79,CAD,paid
po_46d0fba64d88,cl_019,2026-04-27 15:00:00,228.29,CAD,paid
po_acf76cb62312,cl_019,2026-04-28 15:00:00,183.60,CAD,paid
po_deb07cc69aea,cl_019,2026-04-29 15:00:00,164.24,CAD,paid
po_4b7e640a799b,cl_019,2026-04-30 15:00:00,291.97,CAD,paid
po_7e2db4588d4f,cl_019,2026-05-01 15:00:00,430.88,CAD,paid
po_ff149da50a8a,cl_019,2026-05-04 15:00:00,345.90,CAD,paid
po_fe43dc13d0cd,cl_019,2026-05-05 15:00:00,378.65,CAD,paid
po_3634f7f3025e,cl_019,2026-05-06 15:00:00,367.14,CAD,paid
po_e602ffe89bc0,cl_019,2026-05-07 15:00:00,393.25,CAD,paid
po_089e5f3531a7,cl_019,2026-05-08 15:00:00,422.49,CAD,paid
po_202cc71d2c98,cl_019,2026-05-11 15:00:00,184.46,CAD,paid
po_162439b8b946,cl_019,2026-05-12 15:00:00,473.28,CAD,paid
po_5a91044cbaea,cl_019,2026-05-13 15:00:00,443.56,CAD,paid
po_9fca4be7fbe4,cl_019,2026-05-14 15:00:00,116.58,CAD,paid
po_b74bcd6eb551,cl_019,2026-05-15 15:00:00,296.16,CAD,paid
po_2b4f90180d49,cl_019,2026-05-18 15:00:00,437.10,CAD,paid
po_8c46442b832a,cl_019,2026-05-19 15:00:00,-49.75,CAD,paid
po_7652cda0f8a8,cl_019,2026-05-20 15:00:00,482.29,CAD,paid
po_435b8934e902,cl_019,2026-05-21 15:00:00,223.41,CAD,paid
po_c8fe19e60081,cl_019,2026-05-22 15:00:00,335.28,CAD,paid
po_130625b724d0,cl_019,2026-05-25 15:00:00,194.20,CAD,paid
po_28df3c45d720,cl_019,2026-05-26 15:00:00,507.39,CAD,paid
po_11af7507c443,cl_019,2026-05-27 15:00:00,538.20,CAD,paid
po_072461b0ceb1,cl_019,2026-05-28 15:00:00,301.04,CAD,paid
po_41bbd213f494,cl_019,2026-05-29 15:00:00,305.91,CAD,paid
po_316fc70952d3,cl_019,2026-06-01 15:00:00,298.18,CAD,paid
po_ae57b84b0d55,cl_019,2026-06-02 15:00:00,203.94,CAD,paid
po_d38a6e86ecb0,cl_019,2026-06-03 15:00:00,571.51,CAD,paid
po_a685c85cc535,cl_019,2026-06-04 15:00:00,311.08,CAD,paid
po_5a3b2f957c50,cl_019,2026-06-05 15:00:00,264.39,CAD,paid
po_827a7e560576,cl_019,2026-06-08 15:00:00,271.01,CAD,paid
po_8f45602edae4,cl_019,2026-06-09 15:00:00,203.94,CAD,paid
po_5812480c6ded,cl_019,2026-06-10 15:00:00,574.52,CAD,paid
po_184b61d78e5f,cl_019,2026-06-11 15:00:00,72.75,CAD,paid
po_de0084ed107b,cl_019,2026-06-12 15:00:00,347.27,CAD,paid
po_f6d8b3631d70,cl_019,2026-06-15 15:00:00,588.37,CAD,paid
po_8c0964818501,cl_019,2026-06-16 15:00:00,325.29,CAD,paid
po_a449e198044d,cl_019,2026-06-17 15:00:00,476.03,CAD,paid
po_08dfab29c0c5,cl_019,2026-06-18 15:00:00,523.60,CAD,paid
po_60e937698866,cl_019,2026-06-19 15:00:00,256.25,CAD,paid
po_0717feb1cf4b,cl_019,2026-06-22 15:00:00,291.30,CAD,paid
po_c5dbfc6b047c,cl_019,2026-06-23 15:00:00,470.03,CAD,paid
po_1e160a81827a,cl_019,2026-06-24 15:00:00,400.67,CAD,paid
po_807dc5466454,cl_019,2026-06-25 15:00:00,437.09,CAD,paid
po_dd820f10be94,cl_019,2026-06-26 15:00:00,625.86,CAD,paid
po_99770abf5f3d,cl_019,2026-06-29 15:00:00,689.25,CAD,paid
po_d1eaa40077e0,cl_019,2026-06-30 15:00:00,325.76,CAD,paid
po_b9e6caac3514,cl_019,2026-07-01 15:00:00,251.95,CAD,paid
po_b7ba83e6f4c9,cl_019,2026-07-02 15:00:00,295.48,CAD,paid
po_790bb0d2f9be,cl_019,2026-07-03 15:00:00,304.06,CAD,paid
po_7dc011855d75,cl_019,2026-07-06 15:00:00,565.05,CAD,paid
po_f2475eb2c03d,cl_019,2026-07-07 15:00:00,203.93,CAD,paid
po_a752be81557a,cl_019,2026-07-08 15:00:00,601.17,CAD,paid
po_0d1998ec3770,cl_019,2026-07-10 15:00:00,413.46,CAD,paid
po_038a392e2638,cl_019,2026-07-13 15:00:00,301.34,CAD,paid
po_4b4883ebc3d3,cl_019,2026-07-14 15:00:00,257.66,CAD,paid
po_5a667444741c,cl_019,2026-07-15 15:00:00,287.49,CAD,paid
po_655d396edf33,cl_019,2026-07-16 15:00:00,92.23,CAD,paid
po_b8129ce79c96,cl_019,2026-07-17 15:00:00,563.40,CAD,paid
po_577168a2f9c0,cl_019,2026-07-20 15:00:00,600.93,CAD,paid
po_9c37e332a360,cl_019,2026-07-21 15:00:00,392.41,CAD,paid
po_33670c40e5f0,cl_019,2026-07-22 15:00:00,424.89,CAD,paid
po_854a380db4bf,cl_019,2026-07-23 15:00:00,481.36,CAD,paid
po_acbe3a2677d4,cl_019,2026-07-24 15:00:00,393.20,CAD,paid
po_3dbc0cab9d78,cl_019,2026-07-27 15:00:00,72.75,CAD,paid
po_28aac125ae15,cl_019,2026-07-28 15:00:00,471.58,CAD,paid
po_3ffb73e95faa,cl_019,2026-07-30 15:00:00,548.80,CAD,paid
po_9d728b963439,cl_019,2026-07-31 15:00:00,205.80,CAD,paid
po_4e0427aa808a,cl_019,2026-08-03 15:00:00,495.23,CAD,paid
po_716aa501af62,cl_019,2026-08-04 15:00:00,391.23,CAD,paid
po_4686684b2bfa,cl_019,2026-08-05 15:00:00,380.50,CAD,paid
po_9f24bc8fa9cc,cl_019,2026-08-06 15:00:00,292.79,CAD,paid
po_1c1292d462e6,cl_019,2026-08-07 15:00:00,216.09,CAD,paid
po_c9e5aa6dd423,cl_019,2026-08-10 15:00:00,251.48,CAD,paid
po_cf28645f082f,cl_019,2026-08-11 15:00:00,633.99,CAD,paid
po_a2880fe486db,cl_019,2026-08-12 15:00:00,116.58,CAD,paid
po_172d4be2f20f,cl_019,2026-08-13 15:00:00,167.00,CAD,paid
po_678d53563a7b,cl_019,2026-08-14 15:00:00,291.60,CAD,paid
po_ef14034a2fea,cl_019,2026-08-17 15:00:00,307.46,CAD,paid
po_cde0f9ca2a82,cl_019,2026-08-18 15:00:00,537.41,CAD,paid
po_201516ef4ef5,cl_019,2026-08-19 15:00:00,491.97,CAD,paid
po_7bdf0c9e3c07,cl_019,2026-08-20 15:00:00,249.79,CAD,paid
po_a5a5ae9d0c9e,cl_019,2026-08-21 15:00:00,345.86,CAD,paid
po_aa71953a467e,cl_019,2026-08-24 15:00:00,410.55,CAD,paid
po_bb8429dfd2f5,cl_019,2026-08-25 15:00:00,692.12,CAD,paid
po_3f118b032d4e,cl_019,2026-08-26 15:00:00,233.16,CAD,paid
po_db421039c31a,cl_019,2026-08-27 15:00:00,238.02,CAD,paid
po_1da076c063bc,cl_019,2026-08-28 15:00:00,325.09,CAD,paid
po_7cf3ff9b742a,cl_019,2026-08-31 15:00:00,516.74,CAD,paid
po_d90b6b9f8e6a,cl_019,2026-09-01 15:00:00,534.19,CAD,paid
po_2e1c5f221f1c,cl_019,2026-09-02 15:00:00,403.31,CAD,paid
po_73cee711913a,cl_019,2026-09-03 15:00:00,78.50,CAD,paid
po_61188d4ff913,cl_019,2026-09-04 15:00:00,968.48,CAD,paid
po_fec4fe105e89,cl_019,2026-09-07 15:00:00,116.58,CAD,paid
po_2fbb2018a48c,cl_019,2026-09-08 15:00:00,164.30,CAD,paid
po_05ee253d3060,cl_019,2026-09-09 15:00:00,305.91,CAD,paid
po_5b1d4109c883,cl_019,2026-09-10 15:00:00,522.00,CAD,paid
po_a7b9c8448226,cl_019,2026-09-11 15:00:00,232.18,CAD,paid
po_8918d5cc4d42,cl_019,2026-09-14 15:00:00,194.20,CAD,paid
po_a31950f5ecc5,cl_019,2026-09-15 15:00:00,94.25,CAD,paid
po_9f2495a951e7,cl_019,2026-09-16 15:00:00,349.44,CAD,paid
po_1d273b0d759c,cl_019,2026-09-17 15:00:00,337.84,CAD,paid
po_d52c9291eb83,cl_019,2026-09-18 15:00:00,291.30,CAD,paid
po_05d8ef807505,cl_019,2026-09-21 15:00:00,111.70,CAD,paid
po_b6355f5a868e,cl_019,2026-09-22 15:00:00,737.45,CAD,paid
po_83d1f296403d,cl_019,2026-09-23 15:00:00,325.38,CAD,paid
po_274fe4d5308b,cl_019,2026-09-24 15:00:00,145.80,CAD,paid
po_e6dd4829c75b,cl_019,2026-09-25 15:00:00,100.56,CAD,paid
po_88416111ac93,cl_019,2026-09-28 15:00:00,159.23,CAD,paid
po_e4ef621affc5,cl_019,2026-09-29 15:00:00,450.85,CAD,paid
po_2856a68f5459,cl_019,2026-09-30 15:00:00,322.61,CAD,paid
po_9796a57d144f,cl_019,2026-10-01 15:00:00,595.00,CAD,paid
po_af4586ef35fa,cl_019,2026-10-02 15:00:00,416.92,CAD,paid
po_3011cf890ca1,cl_020,2026-04-03 15:00:00,225.43,CAD,paid
po_e8e19fb66050,cl_020,2026-04-06 15:00:00,393.27,CAD,paid
po_e0eabfb35e9f,cl_020,2026-04-07 15:00:00,427.65,CAD,paid
po_9ba370791391,cl_020,2026-04-08 15:00:00,562.73,CAD,paid
po_109cdbcc72db,cl_020,2026-04-09 15:00:00,383.52,CAD,paid
po_a674f2e97787,cl_020,2026-04-10 15:00:00,471.19,CAD,paid
po_c55ed4bb9c8b,cl_020,2026-04-13 15:00:00,311.08,CAD,paid
po_e0af9de55380,cl_020,2026-04-14 15:00:00,74.25,CAD,paid
po_6c5e68195ac3,cl_020,2026-04-15 15:00:00,166.48,CAD,paid
po_8be8c75cb516,cl_020,2026-04-16 15:00:00,357.02,CAD,paid
po_dcb4e472306d,cl_020,2026-04-17 15:00:00,372.61,CAD,paid
po_19a8bfa01b0a,cl_020,2026-04-20 15:00:00,485.49,CAD,paid
po_94a0542fc5fd,cl_020,2026-04-21 15:00:00,271.81,CAD,paid
po_08d53093736b,cl_020,2026-04-22 15:00:00,367.01,CAD,paid
po_1b3f66c419fa,cl_020,2026-04-23 15:00:00,384.30,CAD,paid
po_69f1f02fba2c,cl_020,2026-04-24 15:00:00,320.52,CAD,paid
po_5d9c2f14f4de,cl_020,2026-04-27 15:00:00,412.74,CAD,paid
po_dae9fbb9c2eb,cl_020,2026-04-28 15:00:00,459.21,CAD,paid
po_7f07407a8ff0,cl_020,2026-04-29 15:00:00,121.44,CAD,paid
po_fc8b0ba1720d,cl_020,2026-04-30 15:00:00,532.85,CAD,paid
po_c8984a0406e9,cl_020,2026-05-01 15:00:00,460.09,CAD,paid
po_43e9de5e51d3,cl_020,2026-05-04 15:00:00,199.06,CAD,paid
po_dd9401e3b73e,cl_020,2026-05-05 15:00:00,358.32,CAD,paid
po_79d204e4c1fe,cl_020,2026-05-06 15:00:00,242.90,CAD,paid
po_f18a17683cd0,cl_020,2026-05-07 15:00:00,441.41,CAD,paid
po_dc65f31a8898,cl_020,2026-05-08 15:00:00,-95.09,CAD,paid
po_5995f239d775,cl_020,2026-05-11 15:00:00,433.39,CAD,paid
po_ee0be6d31106,cl_020,2026-05-12 15:00:00,486.47,CAD,paid
po_af9d3a72494c,cl_020,2026-05-13 15:00:00,584.05,CAD,paid
po_ced23cb88d48,cl_020,2026-05-14 15:00:00,561.26,CAD,paid
po_36b0282bacf5,cl_020,2026-05-15 15:00:00,434.25,CAD,paid
po_a901f3d35125,cl_020,2026-05-18 15:00:00,166.48,CAD,paid
po_78556b69f2e3,cl_020,2026-05-19 15:00:00,178.73,CAD,paid
po_e3775753bf1a,cl_020,2026-05-20 15:00:00,247.77,CAD,paid
po_68cca2dc7788,cl_020,2026-05-21 15:00:00,510.74,CAD,paid
po_7d920088be7a,cl_020,2026-05-22 15:00:00,325.39,CAD,paid
po_8335b22973c6,cl_020,2026-05-25 15:00:00,465.45,CAD,paid
po_ac49eb28c25e,cl_020,2026-05-26 15:00:00,466.31,CAD,paid
po_10742074c382,cl_020,2026-05-28 15:00:00,74.25,CAD,paid
po_46f822bfca97,cl_020,2026-05-29 15:00:00,399.00,CAD,paid
po_bba4fca2514a,cl_020,2026-06-02 15:00:00,537.71,CAD,paid
po_109305e27a3f,cl_020,2026-06-03 15:00:00,369.12,CAD,paid
po_d7044e7ef0bf,cl_020,2026-06-04 15:00:00,164.12,CAD,paid
po_799649351d4a,cl_020,2026-06-05 15:00:00,72.75,CAD,paid
po_4bc85aaa9c27,cl_020,2026-06-08 15:00:00,379.69,CAD,paid
po_29c682d976ac,cl_020,2026-06-09 15:00:00,446.84,CAD,paid
po_a62c3f040b37,cl_020,2026-06-10 15:00:00,271.82,CAD,paid
po_26f6892bcd99,cl_020,2026-06-11 15:00:00,164.98,CAD,paid
po_73ac6349ad99,cl_020,2026-06-12 15:00:00,437.10,CAD,paid
po_7f8a0f97dc97,cl_020,2026-06-15 15:00:00,149.24,CAD,paid
po_5397906762d4,cl_020,2026-06-16 15:00:00,778.82,CAD,paid
po_b1d01ca0dc92,cl_020,2026-06-17 15:00:00,106.84,CAD,paid
po_1050c603f152,cl_020,2026-06-18 15:00:00,72.75,CAD,paid
po_ba0f91ce4dba,cl_020,2026-06-19 15:00:00,518.24,CAD,paid
po_7d9fa2e54e0b,cl_020,2026-06-22 15:00:00,551.39,CAD,paid
po_32d54c1394ba,cl_020,2026-06-23 15:00:00,367.64,CAD,paid
po_2284adfea965,cl_020,2026-06-24 15:00:00,134.24,CAD,paid
po_bc86e7e8ad43,cl_020,2026-06-25 15:00:00,315.65,CAD,paid
po_37ca1fb7d33f,cl_020,2026-06-26 15:00:00,241.48,CAD,paid
po_1488a342e33c,cl_020,2026-06-29 15:00:00,276.98,CAD,paid
po_66cb45ead62d,cl_020,2026-06-30 15:00:00,238.03,CAD,paid
po_a7ce11ef1e33,cl_020,2026-07-01 15:00:00,196.61,CAD,paid
po_42a5f38ce1bd,cl_020,2026-07-03 15:00:00,696.76,CAD,paid
po_d2b4b8eafcd1,cl_020,2026-07-06 15:00:00,223.42,CAD,paid
po_00387a979202,cl_020,2026-07-07 15:00:00,270.86,CAD,paid
po_7c1ecfe8ebe5,cl_020,2026-07-08 15:00:00,266.12,CAD,paid
po_03b18005ff8c,cl_020,2026-07-09 15:00:00,314.96,CAD,paid
po_a4958dddb93b,cl_020,2026-07-10 15:00:00,614.27,CAD,paid
po_a5e31eed466b,cl_020,2026-07-13 15:00:00,888.00,CAD,paid
po_01ff04045b38,cl_020,2026-07-14 15:00:00,563.06,CAD,paid
po_85bbf8c07387,cl_020,2026-07-15 15:00:00,274.23,CAD,paid
po_685381b5622d,cl_020,2026-07-16 15:00:00,318.06,CAD,paid
po_50ea8345325c,cl_020,2026-07-17 15:00:00,92.23,CAD,paid
po_0683609971a5,cl_020,2026-07-20 15:00:00,334.15,CAD,paid
po_607adac98e3b,cl_020,2026-07-21 15:00:00,497.41,CAD,paid
po_706c7d3e7bb8,cl_020,2026-07-22 15:00:00,421.14,CAD,paid
po_d5d49ed4ce22,cl_020,2026-07-23 15:00:00,471.24,CAD,paid
po_f52f0bd75353,cl_020,2026-07-24 15:00:00,94.25,CAD,paid
po_b2c0ac89b38f,cl_020,2026-07-27 15:00:00,199.06,CAD,paid
po_947cd45b4a60,cl_020,2026-07-28 15:00:00,249.12,CAD,paid
po_b5d16324c08c,cl_020,2026-07-29 15:00:00,579.91,CAD,paid
po_7c4b82e49257,cl_020,2026-07-30 15:00:00,416.57,CAD,paid
po_fb5288733229,cl_020,2026-07-31 15:00:00,361.30,CAD,paid
po_365858bb4999,cl_020,2026-08-03 15:00:00,387.72,CAD,paid
po_2a711c06693f,cl_020,2026-08-04 15:00:00,258.06,CAD,paid
po_4cc9774d1f1e,cl_020,2026-08-05 15:00:00,72.75,CAD,paid
po_eef6ebfa8fd7,cl_020,2026-08-06 15:00:00,377.31,CAD,paid
po_f6f9317010de,cl_020,2026-08-07 15:00:00,144.44,CAD,paid
po_9d58f7d19350,cl_020,2026-08-10 15:00:00,277.90,CAD,paid
po_fc3a233e889d,cl_020,2026-08-11 15:00:00,745.10,CAD,paid
po_cd1dabc4c26a,cl_020,2026-08-12 15:00:00,411.62,CAD,paid
po_fb65b0e01c0a,cl_020,2026-08-13 15:00:00,332.67,CAD,paid
po_e94ddd737409,cl_020,2026-08-14 15:00:00,487.91,CAD,paid
po_6beb454e1f5d,cl_020,2026-08-17 15:00:00,423.98,CAD,paid
po_7325cc8c6fff,cl_020,2026-08-19 15:00:00,225.43,CAD,paid
po_cc4b3589cce7,cl_020,2026-08-20 15:00:00,521.61,CAD,paid
po_b0741e81030e,cl_020,2026-08-21 15:00:00,164.98,CAD,paid
po_489885926967,cl_020,2026-08-24 15:00:00,402.44,CAD,paid
po_925c435aa781,cl_020,2026-08-25 15:00:00,361.07,CAD,paid
po_4d9c9ef2faf5,cl_020,2026-08-26 15:00:00,92.23,CAD,paid
po_e5c142705fdd,cl_020,2026-08-27 15:00:00,491.90,CAD,paid
po_572b25a2e71c,cl_020,2026-08-28 15:00:00,281.56,CAD,paid
po_f2db52e1e9ee,cl_020,2026-08-31 15:00:00,145.80,CAD,paid
po_284ccbf6d143,cl_020,2026-09-01 15:00:00,711.38,CAD,paid
po_8aba2958c581,cl_020,2026-09-02 15:00:00,442.96,CAD,paid
po_7b6e270652c4,cl_020,2026-09-03 15:00:00,250.82,CAD,paid
po_9eef144ae9e2,cl_020,2026-09-04 15:00:00,106.84,CAD,paid
po_42f0c8ff5965,cl_020,2026-09-07 15:00:00,86.55,CAD,paid
po_500adf7a2eed,cl_020,2026-09-08 15:00:00,644.79,CAD,paid
po_bb2306359b8b,cl_020,2026-09-09 15:00:00,502.20,CAD,paid
po_2326d54bb76f,cl_020,2026-09-10 15:00:00,474.89,CAD,paid
po_0d44ff88ece7,cl_020,2026-09-11 15:00:00,222.34,CAD,paid
po_061c91f28b7b,cl_020,2026-09-14 15:00:00,377.77,CAD,paid
po_60606ed8d6a1,cl_020,2026-09-15 15:00:00,98.50,CAD,paid
po_2800c0e94651,cl_020,2026-09-16 15:00:00,390.42,CAD,paid
po_801bba159e09,cl_020,2026-09-17 15:00:00,72.75,CAD,paid
po_5450a5c332d7,cl_020,2026-09-18 15:00:00,308.70,CAD,paid
po_6959f16e4011,cl_020,2026-09-21 15:00:00,309.80,CAD,paid
po_6f4a8a61f1ac,cl_020,2026-09-22 15:00:00,509.84,CAD,paid
po_27df6f37a6e4,cl_020,2026-09-23 15:00:00,179.59,CAD,paid
po_690bb2dc15f1,cl_020,2026-09-24 15:00:00,105.85,CAD,paid
po_faee8529d0e4,cl_020,2026-09-25 15:00:00,431.27,CAD,paid
po_48e395d119d8,cl_020,2026-09-28 15:00:00,92.23,CAD,paid
po_3530f2929a5c,cl_020,2026-09-29 15:00:00,332.66,CAD,paid
po_e429dd046e51,cl_020,2026-09-30 15:00:00,505.27,CAD,paid
po_5bf9fbbca79f,cl_020,2026-10-01 15:00:00,592.92,CAD,paid
po_34c9a1d86446,cl_021,2026-04-03 15:00:00,213.68,CAD,paid
po_bc04cc2ab4e8,cl_021,2026-04-06 15:00:00,106.84,CAD,paid
po_d3e1461621ee,cl_021,2026-04-07 15:00:00,392.70,CAD,paid
po_d1cb0ce17599,cl_021,2026-04-08 15:00:00,286.43,CAD,paid
po_ddf6bbdf7096,cl_021,2026-04-09 15:00:00,91.37,CAD,paid
po_4146e7c41a65,cl_021,2026-04-10 15:00:00,161.99,CAD,paid
po_289a423ddd48,cl_021,2026-04-13 15:00:00,149.25,CAD,paid
po_e32bc7f65061,cl_021,2026-04-14 15:00:00,92.23,CAD,paid
po_f98737b46c2c,cl_021,2026-04-15 15:00:00,92.23,CAD,paid
po_320fd7451dce,cl_021,2026-04-16 15:00:00,208.80,CAD,paid
po_acd8dec06810,cl_021,2026-04-17 15:00:00,-81.79,CAD,paid
po_d3b90dee4e3a,cl_021,2026-04-20 15:00:00,306.94,CAD,paid
po_beaa21b0ab9b,cl_021,2026-04-21 15:00:00,246.91,CAD,paid
po_f88fadb22276,cl_021,2026-04-22 15:00:00,89.25,CAD,paid
po_97cfa96d4416,cl_021,2026-04-23 15:00:00,109.25,CAD,paid
po_a458504bb704,cl_021,2026-04-24 15:00:00,262.38,CAD,paid
po_fbe5e25c51a5,cl_021,2026-04-27 15:00:00,92.23,CAD,paid
po_7cbb6265712a,cl_021,2026-04-28 15:00:00,194.20,CAD,paid
po_91d74c22d5cd,cl_021,2026-04-29 15:00:00,72.75,CAD,paid
po_43a4b637c886,cl_021,2026-04-30 15:00:00,183.50,CAD,paid
po_c7493fdf0d15,cl_021,2026-05-04 15:00:00,223.42,CAD,paid
po_16a9be295c1c,cl_021,2026-05-05 15:00:00,548.79,CAD,paid
po_e38595d2ca87,cl_021,2026-05-06 15:00:00,199.07,CAD,paid
po_39ea556b2bf8,cl_021,2026-05-07 15:00:00,262.38,CAD,paid
po_20771e13637d,cl_021,2026-05-08 15:00:00,378.95,CAD,paid
po_b61cf23cf43d,cl_021,2026-05-11 15:00:00,145.80,CAD,paid
po_60f5cb6dc477,cl_021,2026-05-12 15:00:00,266.94,CAD,paid
po_bc7402f3bb7c,cl_021,2026-05-13 15:00:00,225.83,CAD,paid
po_124bc1de8877,cl_021,2026-05-14 15:00:00,182.00,CAD,paid
po_3f52ac475292,cl_021,2026-05-18 15:00:00,296.16,CAD,paid
po_d5f339797f4c,cl_021,2026-05-19 15:00:00,271.14,CAD,paid
po_c59e4054e537,cl_021,2026-05-20 15:00:00,106.84,CAD,paid
po_35310d124fc7,cl_021,2026-05-21 15:00:00,92.23,CAD,paid
po_72492f47c7b7,cl_021,2026-05-22 15:00:00,186.48,CAD,paid
po_e493d4671eab,cl_021,2026-05-26 15:00:00,320.51,CAD,paid
po_a69de8ac4437,cl_021,2026-05-27 15:00:00,145.79,CAD,paid
po_9a78883424f4,cl_021,2026-05-28 15:00:00,233.16,CAD,paid
po_21031349cb22,cl_021,2026-05-29 15:00:00,199.07,CAD,paid
po_467fecaee1d4,cl_021,2026-06-01 15:00:00,369.22,CAD,paid
po_73a24a32350a,cl_021,2026-06-02 15:00:00,374.09,CAD,paid
po_a90eedd71550,cl_021,2026-06-03 15:00:00,198.50,CAD,paid
po_2da743a9cdce,cl_021,2026-06-04 15:00:00,290.31,CAD,paid
po_599fe7c4c137,cl_021,2026-06-08 15:00:00,155.54,CAD,paid
po_a51fa13c0dac,cl_021,2026-06-09 15:00:00,116.58,CAD,paid
po_381f625ca142,cl_021,2026-06-10 15:00:00,238.03,CAD,paid
po_463584a6d41c,cl_021,2026-06-11 15:00:00,155.54,CAD,paid
po_34d467dad51c,cl_021,2026-06-15 15:00:00,92.23,CAD,paid
po_f160fa433ab9,cl_021,2026-06-16 15:00:00,364.05,CAD,paid
po_cad8b9b5cc26,cl_021,2026-06-17 15:00:00,287.82,CAD,paid
po_f707f80dbf69,cl_021,2026-06-18 15:00:00,208.81,CAD,paid
po_f07aff9d9105,cl_021,2026-06-19 15:00:00,92.23,CAD,paid
po_328fa473591f,cl_021,2026-06-22 15:00:00,92.23,CAD,paid
po_5f06603ca070,cl_021,2026-06-23 15:00:00,328.40,CAD,paid
po_7e2a1ae17e9f,cl_021,2026-06-24 15:00:00,184.46,CAD,paid
po_9f0608d0919b,cl_021,2026-06-25 15:00:00,249.79,CAD,paid
po_c68318eabf99,cl_021,2026-06-30 15:00:00,181.32,CAD,paid
po_0b1da92ab99f,cl_021,2026-07-01 15:00:00,72.75,CAD,paid
po_f1c9f7179f9b,cl_021,2026-07-02 15:00:00,92.23,CAD,paid
po_6c2362fd879f,cl_021,2026-07-03 15:00:00,74.25,CAD,paid
po_f83fd94beca9,cl_021,2026-07-06 15:00:00,92.23,CAD,paid
po_ad17d4201d24,cl_021,2026-07-07 15:00:00,94.33,CAD,paid
po_ca5101bd070d,cl_021,2026-07-08 15:00:00,74.25,CAD,paid
po_066c9bb7628e,cl_021,2026-07-09 15:00:00,291.30,CAD,paid
po_3449f498e2e3,cl_021,2026-07-10 15:00:00,268.82,CAD,paid
po_3cd0e08aeb89,cl_021,2026-07-13 15:00:00,176.61,CAD,paid
po_2a3bb84bc459,cl_021,2026-07-14 15:00:00,291.30,CAD,paid
po_9fe3c0a56c81,cl_021,2026-07-15 15:00:00,72.75,CAD,paid
po_4f1d51c304d4,cl_021,2026-07-16 15:00:00,168.57,CAD,paid
po_9f9529129a41,cl_021,2026-07-17 15:00:00,184.46,CAD,paid
po_017b246bd538,cl_021,2026-07-20 15:00:00,228.49,CAD,paid
po_47c968496998,cl_021,2026-07-21 15:00:00,445.97,CAD,paid
po_540b3b6159f9,cl_021,2026-07-22 15:00:00,91.37,CAD,paid
po_c58996a6506d,cl_021,2026-07-24 15:00:00,92.23,CAD,paid
po_967672b3aa44,cl_021,2026-07-27 15:00:00,116.58,CAD,paid
po_9b40c3a531b0,cl_021,2026-07-28 15:00:00,59.21,CAD,paid
po_0c68aae3001b,cl_021,2026-07-29 15:00:00,72.75,CAD,paid
po_2c264d79ff9f,cl_021,2026-07-31 15:00:00,168.50,CAD,paid
po_edebaba5c40a,cl_021,2026-08-03 15:00:00,106.84,CAD,paid
po_ff7133c66334,cl_021,2026-08-04 15:00:00,106.84,CAD,paid
po_f1efda1b3695,cl_021,2026-08-06 15:00:00,183.60,CAD,paid
po_9b413872fea6,cl_021,2026-08-07 15:00:00,87.36,CAD,paid
po_e55ed951f066,cl_021,2026-08-10 15:00:00,249.79,CAD,paid
po_fd506246a7e7,cl_021,2026-08-11 15:00:00,257.21,CAD,paid
po_e97da98f14c4,cl_021,2026-08-12 15:00:00,116.58,CAD,paid
po_e2ba51963de1,cl_021,2026-08-13 15:00:00,131.18,CAD,paid
po_3799f2cbe1f4,cl_021,2026-08-14 15:00:00,364.35,CAD,paid
po_5432b904c7bf,cl_021,2026-08-18 15:00:00,334.14,CAD,paid
po_ac2f4c3d99b5,cl_021,2026-08-19 15:00:00,106.84,CAD,paid
po_81172efc0644,cl_021,2026-08-20 15:00:00,240.05,CAD,paid
po_1d33e0406351,cl_021,2026-08-21 15:00:00,166.48,CAD,paid
po_3207dbe8a3d6,cl_021,2026-08-25 15:00:00,133.96,CAD,paid
po_691fc5592d9e,cl_021,2026-08-26 15:00:00,144.45,CAD,paid
po_72ed2ed27a69,cl_021,2026-08-27 15:00:00,343.52,CAD,paid
po_b6d1cd2a7663,cl_021,2026-08-28 15:00:00,373.79,CAD,paid
po_fa112f00f2a5,cl_021,2026-08-31 15:00:00,196.61,CAD,paid
po_a6b7feb6372f,cl_021,2026-09-01 15:00:00,286.43,CAD,paid
po_3d888ead4d60,cl_021,2026-09-02 15:00:00,164.98,CAD,paid
po_f054618d3ab7,cl_021,2026-09-03 15:00:00,260.01,CAD,paid
po_d174d3733741,cl_021,2026-09-04 15:00:00,89.25,CAD,paid
po_e18a691a4dce,cl_021,2026-09-07 15:00:00,106.84,CAD,paid
po_1b19116b92d1,cl_021,2026-09-08 15:00:00,223.41,CAD,paid
po_381eb0200141,cl_021,2026-09-09 15:00:00,87.36,CAD,paid
po_cdd40207b5af,cl_021,2026-09-10 15:00:00,371.94,CAD,paid
po_9d0d6f0dbfba,cl_021,2026-09-11 15:00:00,208.81,CAD,paid
po_f203a24b0cd5,cl_021,2026-09-14 15:00:00,198.21,CAD,paid
po_10fd69ffb01f,cl_021,2026-09-15 15:00:00,387.59,CAD,paid
po_a6d66721e643,cl_021,2026-09-16 15:00:00,203.94,CAD,paid
po_c6d56f6d02bc,cl_021,2026-09-17 15:00:00,116.58,CAD,paid
po_325b20c9242c,cl_021,2026-09-18 15:00:00,106.84,CAD,paid
po_2b473c1315b7,cl_021,2026-09-21 15:00:00,87.36,CAD,paid
po_fd6d87e99869,cl_021,2026-09-22 15:00:00,246.61,CAD,paid
po_25adfc71fdd0,cl_021,2026-09-23 15:00:00,155.54,CAD,paid
po_84b5b7afbecf,cl_021,2026-09-24 15:00:00,216.09,CAD,paid
po_ec2e2827ee8f,cl_021,2026-09-25 15:00:00,285.28,CAD,paid
po_e8a14c746d9b,cl_021,2026-09-28 15:00:00,106.84,CAD,paid
po_833c528e6cf9,cl_021,2026-09-29 15:00:00,329.40,CAD,paid
po_94d0218237d6,cl_021,2026-09-30 15:00:00,111.70,CAD,paid
po_186ed116444b,cl_021,2026-10-01 15:00:00,273.32,CAD,paid
po_78e6c6067bf7,cl_021,2026-10-02 15:00:00,193.50,CAD,paid
po_910e9a8282ba,cl_022,2026-04-03 14:00:00,72.75,CAD,paid
po_ff2696521fef,cl_022,2026-04-06 14:00:00,179.59,CAD,paid
po_5815f2a69f3d,cl_022,2026-04-07 14:00:00,638.36,CAD,paid
po_91070cf90869,cl_022,2026-04-08 14:00:00,345.04,CAD,paid
po_1505e6f7c613,cl_022,2026-04-13 14:00:00,164.98,CAD,paid
po_d6c8ee51e8d9,cl_022,2026-04-14 14:00:00,226.17,CAD,paid
po_5596e1443cf5,cl_022,2026-04-15 14:00:00,357.02,CAD,paid
po_37fba505fe6d,cl_022,2026-04-16 14:00:00,-3.16,CAD,paid
po_85301a7597e0,cl_022,2026-04-17 14:00:00,225.83,CAD,paid
po_39fd66639a02,cl_022,2026-04-20 14:00:00,338.89,CAD,paid
po_aecc5694f977,cl_022,2026-04-21 14:00:00,440.61,CAD,paid
po_41dd468383fd,cl_022,2026-04-22 14:00:00,72.75,CAD,paid
po_216cc0f98b21,cl_022,2026-04-24 14:00:00,272.12,CAD,paid
po_373504abe332,cl_022,2026-04-27 14:00:00,109.25,CAD,paid
po_eff7dc5f9cae,cl_022,2026-04-28 14:00:00,72.75,CAD,paid
po_7b38642bb7da,cl_022,2026-04-29 14:00:00,286.25,CAD,paid
po_394e814a59c2,cl_022,2026-04-30 14:00:00,299.22,CAD,paid
po_a64f3883ef18,cl_022,2026-05-01 14:00:00,237.73,CAD,paid
po_8d399be1839c,cl_022,2026-05-04 14:00:00,147.00,CAD,paid
po_d94339472397,cl_022,2026-05-05 14:00:00,216.08,CAD,paid
po_6884cdd39170,cl_022,2026-05-06 14:00:00,92.23,CAD,paid
po_861b4463e807,cl_022,2026-05-07 14:00:00,383.12,CAD,paid
po_153e5890675c,cl_022,2026-05-11 14:00:00,87.36,CAD,paid
po_7fdad7daf901,cl_022,2026-05-12 14:00:00,543.94,CAD,paid
po_fff770088e5b,cl_022,2026-05-14 14:00:00,179.59,CAD,paid
po_0672fc917743,cl_022,2026-05-15 14:00:00,203.93,CAD,paid
po_bfb50c88ac7f,cl_022,2026-05-18 14:00:00,364.34,CAD,paid
po_177b93dd6082,cl_022,2026-05-19 14:00:00,381.36,CAD,paid
po_5a62bd4bc3e7,cl_022,2026-05-20 14:00:00,60.14,CAD,paid
po_a31f86e0ad46,cl_022,2026-05-21 14:00:00,184.46,CAD,paid
po_50f37baf6926,cl_022,2026-05-22 14:00:00,326.82,CAD,paid
po_a86ac0dd2d12,cl_022,2026-05-25 14:00:00,208.80,CAD,paid
po_9cff165818d7,cl_022,2026-05-26 14:00:00,449.24,CAD,paid
po_aa96d07bc715,cl_022,2026-05-27 14:00:00,91.37,CAD,paid
po_3b855025dd2d,cl_022,2026-05-28 14:00:00,106.84,CAD,paid
po_846c8b8e15a5,cl_022,2026-05-29 14:00:00,263.57,CAD,paid
po_53c5c5bc4c88,cl_022,2026-06-01 14:00:00,199.07,CAD,paid
po_9f8efa78c571,cl_022,2026-06-02 14:00:00,72.75,CAD,paid
po_172eaf32fe15,cl_022,2026-06-04 14:00:00,519.59,CAD,paid
po_f8870103e657,cl_022,2026-06-05 14:00:00,199.07,CAD,paid
po_92a92c120946,cl_022,2026-06-08 14:00:00,283.37,CAD,paid
po_6b252e557253,cl_022,2026-06-09 14:00:00,524.75,CAD,paid
po_dcfb2b9a0c8e,cl_022,2026-06-10 14:00:00,174.72,CAD,paid
po_0c2bff6bc616,cl_022,2026-06-11 14:00:00,146.32,CAD,paid
po_984ae9b6b848,cl_022,2026-06-12 14:00:00,186.48,CAD,paid
po_2a660aebe7ad,cl_022,2026-06-15 14:00:00,519.89,CAD,paid
po_dca213dd6983,cl_022,2026-06-16 14:00:00,544.35,CAD,paid
po_d4bf22dc4f91,cl_022,2026-06-17 14:00:00,293.32,CAD,paid
po_b51546aedcd4,cl_022,2026-06-19 14:00:00,144.45,CAD,paid
po_8febd4608ad9,cl_022,2026-06-22 14:00:00,337.83,CAD,paid
po_12756bc98e39,cl_022,2026-06-23 14:00:00,524.46,CAD,paid
po_6b6047e6ca1f,cl_022,2026-06-24 14:00:00,310.77,CAD,paid
po_e7166536010d,cl_022,2026-06-25 14:00:00,238.03,CAD,paid
po_9aa6c2ea54b2,cl_022,2026-06-26 14:00:00,410.29,CAD,paid
po_bae9e3c6185a,cl_022,2026-06-29 14:00:00,315.65,CAD,paid
po_ff965331e894,cl_022,2026-06-30 14:00:00,166.45,CAD,paid
po_99db26703db7,cl_022,2026-07-01 14:00:00,106.84,CAD,paid
po_1e0624f2f659,cl_022,2026-07-02 14:00:00,72.75,CAD,paid
po_506f546b76d3,cl_022,2026-07-03 14:00:00,106.84,CAD,paid
po_95c9aef1f2f7,cl_022,2026-07-06 14:00:00,181.47,CAD,paid
po_a002739cd0d8,cl_022,2026-07-07 14:00:00,-160.00,CAD,paid
po_71068ff466b3,cl_022,2026-07-08 14:00:00,253.50,CAD,paid
po_1068d536a1a4,cl_022,2026-07-09 14:00:00,281.56,CAD,paid
po_92c23d8735af,cl_022,2026-07-10 14:00:00,247.77,CAD,paid
po_84f1f295c12e,cl_022,2026-07-13 14:00:00,431.15,CAD,paid
po_e58e9582898f,cl_022,2026-07-14 14:00:00,1107.00,CAD,paid
po_d038d0d70d82,cl_022,2026-07-15 14:00:00,109.46,CAD,paid
po_19dd96ca6d35,cl_022,2026-07-16 14:00:00,109.25,CAD,paid
po_102f6fa7eb9e,cl_022,2026-07-17 14:00:00,246.91,CAD,paid
po_f4b4631f7ed2,cl_022,2026-07-20 14:00:00,106.84,CAD,paid
po_de100b1f0903,cl_022,2026-07-21 14:00:00,340.80,CAD,paid
po_0a4159b26bf0,cl_022,2026-07-22 14:00:00,199.07,CAD,paid
po_de8fd484f29d,cl_022,2026-07-23 14:00:00,278.71,CAD,paid
po_bc4204942bf1,cl_022,2026-07-24 14:00:00,223.41,CAD,paid
po_c64fd80da254,cl_022,2026-07-27 14:00:00,161.26,CAD,paid
po_4b60c54043c5,cl_022,2026-07-28 14:00:00,439.38,CAD,paid
po_5776edfe9bdb,cl_022,2026-07-29 14:00:00,72.75,CAD,paid
po_18b8d3152475,cl_022,2026-07-30 14:00:00,116.58,CAD,paid
po_ccdbf7ec654a,cl_022,2026-07-31 14:00:00,236.19,CAD,paid
po_5c414e2eb9da,cl_022,2026-08-03 14:00:00,426.37,CAD,paid
po_563e7bc81b10,cl_022,2026-08-04 14:00:00,303.29,CAD,paid
po_0f4c4ac07259,cl_022,2026-08-05 14:00:00,74.25,CAD,paid
po_441098c9a538,cl_022,2026-08-07 14:00:00,270.83,CAD,paid
po_04b747168a1d,cl_022,2026-08-11 14:00:00,349.73,CAD,paid
po_eb91f17037d0,cl_022,2026-08-12 14:00:00,179.88,CAD,paid
po_c4b0dfb883ec,cl_022,2026-08-13 14:00:00,223.41,CAD,paid
po_07d076b92076,cl_022,2026-08-14 14:00:00,213.67,CAD,paid
po_5b03b92580e0,cl_022,2026-08-17 14:00:00,262.75,CAD,paid
po_638f5d1a1599,cl_022,2026-08-18 14:00:00,740.93,CAD,paid
po_db02d259ce23,cl_022,2026-08-19 14:00:00,92.23,CAD,paid
po_7d531c0eac38,cl_022,2026-08-21 14:00:00,111.70,CAD,paid
po_1fe51f2ccc91,cl_022,2026-08-24 14:00:00,194.49,CAD,paid
po_f6aec1e7cd40,cl_022,2026-08-25 14:00:00,682.70,CAD,paid
po_a91a38575937,cl_022,2026-08-26 14:00:00,338.57,CAD,paid
po_f2fe723793bb,cl_022,2026-08-27 14:00:00,94.25,CAD,paid
po_221d15525ec6,cl_022,2026-08-28 14:00:00,521.60,CAD,paid
po_85d764084f3f,cl_022,2026-08-31 14:00:00,279.06,CAD,paid
po_a55a0d471d58,cl_022,2026-09-01 14:00:00,288.22,CAD,paid
po_e34ed3cd8f72,cl_022,2026-09-02 14:00:00,252.63,CAD,paid
po_3c1a45b076d4,cl_022,2026-09-03 14:00:00,365.39,CAD,paid
po_6d9fa78f65fc,cl_022,2026-09-04 14:00:00,286.43,CAD,paid
po_53903b21321d,cl_022,2026-09-07 14:00:00,442.39,CAD,paid
po_3f59acce8444,cl_022,2026-09-08 14:00:00,378.66,CAD,paid
po_06801600769a,cl_022,2026-09-09 14:00:00,331.09,CAD,paid
po_24840c19e56e,cl_022,2026-09-10 14:00:00,94.25,CAD,paid
po_fb9a1b87ea6c,cl_022,2026-09-11 14:00:00,338.84,CAD,paid
po_64bb6fd1b7ee,cl_022,2026-09-14 14:00:00,264.75,CAD,paid
po_b3828d9cdba0,cl_022,2026-09-15 14:00:00,319.25,CAD,paid
po_fc6c4a5bcaca,cl_022,2026-09-16 14:00:00,262.38,CAD,paid
po_1647b2de032d,cl_022,2026-09-17 14:00:00,233.50,CAD,paid
po_20c3a0190042,cl_022,2026-09-18 14:00:00,213.68,CAD,paid
po_2db93e995d4f,cl_022,2026-09-21 14:00:00,155.54,CAD,paid
po_fe6efc358ac1,cl_022,2026-09-22 14:00:00,830.37,CAD,paid
po_05567f9d2ebc,cl_022,2026-09-23 14:00:00,228.50,CAD,paid
po_d68e052c4ea7,cl_022,2026-09-24 14:00:00,181.47,CAD,paid
po_f50c7cb29880,cl_022,2026-09-25 14:00:00,260.73,CAD,paid
po_26e4c12d37f4,cl_022,2026-09-28 14:00:00,470.33,CAD,paid
po_8ee1ec870cf9,cl_022,2026-09-29 14:00:00,299.10,CAD,paid
po_7d0b6e9e45bc,cl_022,2026-09-30 14:00:00,218.55,CAD,paid
po_1a1978473ed4,cl_022,2026-10-01 14:00:00,463.85,CAD,paid
po_a91b13fbae5e,cl_022,2026-10-02 14:00:00,298.06,CAD,paid
po_7336d80d5835,cl_023,2026-04-03 14:00:00,199.07,CAD,paid
po_1eef6b3c6c4b,cl_023,2026-04-06 14:00:00,505.33,CAD,paid
po_9ef382f8114c,cl_023,2026-04-07 14:00:00,237.17,CAD,paid
po_3e0bf2b57ac5,cl_023,2026-04-08 14:00:00,116.58,CAD,paid
po_9544ea494ab2,cl_023,2026-04-09 14:00:00,94.25,CAD,paid
po_8ebba7dbeabe,cl_023,2026-04-13 14:00:00,305.90,CAD,paid
po_4922e1d53c46,cl_023,2026-04-15 14:00:00,494.31,CAD,paid
po_1c0560d90873,cl_023,2026-04-16 14:00:00,344.87,CAD,paid
po_bc7831b0d416,cl_023,2026-04-17 14:00:00,323.04,CAD,paid
po_ed9c25910614,cl_023,2026-04-20 14:00:00,72.75,CAD,paid
po_00e5b8a18e68,cl_023,2026-04-21 14:00:00,91.37,CAD,paid
po_a4c1bd1fb008,cl_023,2026-04-22 14:00:00,350.03,CAD,paid
po_521e25977c9a,cl_023,2026-04-23 14:00:00,235.58,CAD,paid
po_f231ecaaa13c,cl_023,2026-04-24 14:00:00,106.84,CAD,paid
po_499c1362fea5,cl_023,2026-04-27 14:00:00,206.34,CAD,paid
po_9ac5ce827361,cl_023,2026-04-28 14:00:00,240.26,CAD,paid
po_29c2d05eb280,cl_023,2026-04-29 14:00:00,314.34,CAD,paid
po_0185def9f0c6,cl_023,2026-05-01 14:00:00,218.83,CAD,paid
po_ad2163e2affc,cl_023,2026-05-04 14:00:00,371.63,CAD,paid
po_76b36ed872cf,cl_023,2026-05-05 14:00:00,457.71,CAD,paid
po_442956390dd1,cl_023,2026-05-06 14:00:00,228.29,CAD,paid
po_f7dd9729f45b,cl_023,2026-05-07 14:00:00,179.59,CAD,paid
po_cfad1aafafd0,cl_023,2026-05-08 14:00:00,217.57,CAD,paid
po_fa05359358fc,cl_023,2026-05-11 14:00:00,297.15,CAD,paid
po_99aad97edc5a,cl_023,2026-05-12 14:00:00,73.60,CAD,paid
po_bfc2bd571e89,cl_023,2026-05-13 14:00:00,91.37,CAD,paid
po_150ee17063e5,cl_023,2026-05-14 14:00:00,354.61,CAD,paid
po_9d2a2b155bc3,cl_023,2026-05-15 14:00:00,34.25,CAD,paid
po_f28150f37dd2,cl_023,2026-05-18 14:00:00,236.68,CAD,paid
po_933ba5163bf7,cl_023,2026-05-19 14:00:00,359.48,CAD,paid
po_642a8087a428,cl_023,2026-05-20 14:00:00,457.40,CAD,paid
po_cb464842d576,cl_023,2026-05-21 14:00:00,201.09,CAD,paid
po_4d478a2b5b9a,cl_023,2026-05-22 14:00:00,201.09,CAD,paid
po_2039b9b55670,cl_023,2026-05-25 14:00:00,223.42,CAD,paid
po_33e1d53566ad,cl_023,2026-05-26 14:00:00,164.30,CAD,paid
po_35dfaaadfbe6,cl_023,2026-05-27 14:00:00,348.30,CAD,paid
po_1515ba7590ef,cl_023,2026-05-28 14:00:00,242.89,CAD,paid
po_4ed7afb4fb0d,cl_023,2026-05-29 14:00:00,144.82,CAD,paid
po_e6b157d16285,cl_023,2026-06-01 14:00:00,236.81,CAD,paid
po_0fbd636878d3,cl_023,2026-06-02 14:00:00,266.08,CAD,paid
po_ba7360980d09,cl_023,2026-06-03 14:00:00,184.46,CAD,paid
po_b6ce0f8d9341,cl_023,2026-06-04 14:00:00,119.12,CAD,paid
po_fcca4c3f75bf,cl_023,2026-06-05 14:00:00,164.98,CAD,paid
po_54b6de3c851b,cl_023,2026-06-08 14:00:00,183.60,CAD,paid
po_7a72f4651c54,cl_023,2026-06-09 14:00:00,252.34,CAD,paid
po_7447a06a2b0c,cl_023,2026-06-10 14:00:00,323.17,CAD,paid
po_9a3f9c10efd4,cl_023,2026-06-11 14:00:00,91.37,CAD,paid
po_df36083c9d2e,cl_023,2026-06-15 14:00:00,232.86,CAD,paid
po_bb4e9a0c1c0d,cl_023,2026-06-16 14:00:00,281.85,CAD,paid
po_490941e5c435,cl_023,2026-06-17 14:00:00,342.01,CAD,paid
po_b163e5e31cc8,cl_023,2026-06-18 14:00:00,131.18,CAD,paid
po_0dcdac8268a5,cl_023,2026-06-19 14:00:00,106.84,CAD,paid
po_b63dc988e8f4,cl_023,2026-06-22 14:00:00,456.58,CAD,paid
po_6f0075d0ab3e,cl_023,2026-06-24 14:00:00,266.09,CAD,paid
po_2ad885a7ea5e,cl_023,2026-06-25 14:00:00,500.41,CAD,paid
po_049f9b64c5ce,cl_023,2026-06-26 14:00:00,250.80,CAD,paid
po_03e7a0d238ad,cl_023,2026-06-29 14:00:00,458.29,CAD,paid
po_de1f5fd5003c,cl_023,2026-06-30 14:00:00,54.78,CAD,paid
po_bc436a722eeb,cl_023,2026-07-01 14:00:00,189.33,CAD,paid
po_31f60921892b,cl_023,2026-07-02 14:00:00,116.58,CAD,paid
po_d22bf0d9facc,cl_023,2026-07-03 14:00:00,241.48,CAD,paid
po_501523b6f608,cl_023,2026-07-06 14:00:00,106.84,CAD,paid
po_7272324b3cce,cl_023,2026-07-07 14:00:00,184.45,CAD,paid
po_c42053f9933d,cl_023,2026-07-08 14:00:00,301.04,CAD,paid
po_0aad1062e7d4,cl_023,2026-07-09 14:00:00,194.19,CAD,paid
po_2db10e5f6860,cl_023,2026-07-10 14:00:00,92.23,CAD,paid
po_8f4f1ced1dee,cl_023,2026-07-14 14:00:00,145.80,CAD,paid
po_7d042e4ac168,cl_023,2026-07-16 14:00:00,106.84,CAD,paid
po_ffbcb7e7d53f,cl_023,2026-07-17 14:00:00,291.29,CAD,paid
po_771ecb14eb00,cl_023,2026-07-20 14:00:00,293.71,CAD,paid
po_dc8bae6386bf,cl_023,2026-07-21 14:00:00,235.82,CAD,paid
po_d9d4334ce342,cl_023,2026-07-22 14:00:00,358.13,CAD,paid
po_df9ac1902adc,cl_023,2026-07-23 14:00:00,480.93,CAD,paid
po_d3841902f737,cl_023,2026-07-24 14:00:00,101.96,CAD,paid
po_bc1641338111,cl_023,2026-07-27 14:00:00,159.24,CAD,paid
po_2aec8c55bc53,cl_023,2026-07-28 14:00:00,304.73,CAD,paid
po_ada7b9060310,cl_023,2026-07-29 14:00:00,72.75,CAD,paid
po_ae6a75e61e26,cl_023,2026-07-30 14:00:00,174.24,CAD,paid
po_efefff149328,cl_023,2026-07-31 14:00:00,238.02,CAD,paid
po_43c70c323e4d,cl_023,2026-08-03 14:00:00,311.08,CAD,paid
po_977834def9ee,cl_023,2026-08-04 14:00:00,432.22,CAD,paid
po_728402711da4,cl_023,2026-08-05 14:00:00,91.37,CAD,paid
po_ceec575c8e9b,cl_023,2026-08-06 14:00:00,184.46,CAD,paid
po_bfb14a7f7617,cl_023,2026-08-07 14:00:00,401.87,CAD,paid
po_cb6f12e4e1bc,cl_023,2026-08-10 14:00:00,109.25,CAD,paid
po_d17d1ef877b6,cl_023,2026-08-11 14:00:00,267.24,CAD,paid
po_986045ac2fd7,cl_023,2026-08-12 14:00:00,281.55,CAD,paid
po_8e2a32620b4c,cl_023,2026-08-13 14:00:00,743.29,CAD,paid
po_e9440f9794fa,cl_023,2026-08-14 14:00:00,275.82,CAD,paid
po_e3c751fa3b39,cl_023,2026-08-17 14:00:00,72.75,CAD,paid
po_caa1987cec85,cl_023,2026-08-18 14:00:00,303.06,CAD,paid
po_17afd50d90c4,cl_023,2026-08-19 14:00:00,92.23,CAD,paid
po_68691550a1d0,cl_023,2026-08-20 14:00:00,155.54,CAD,paid
po_04168e88d458,cl_023,2026-08-21 14:00:00,246.33,CAD,paid
po_731e7dc68b8c,cl_023,2026-08-24 14:00:00,637.95,CAD,paid
po_98bd9c097f3d,cl_023,2026-08-25 14:00:00,116.58,CAD,paid
po_f3411be31317,cl_023,2026-08-26 14:00:00,212.37,CAD,paid
po_a0385bf1a313,cl_023,2026-08-27 14:00:00,644.92,CAD,paid
po_f7add1ab8409,cl_023,2026-08-28 14:00:00,179.59,CAD,paid
po_75d94f66d5ed,cl_023,2026-08-31 14:00:00,256.35,CAD,paid
po_e682608f5338,cl_023,2026-09-01 14:00:00,198.21,CAD,paid
po_3aa9ccde7a3d,cl_023,2026-09-02 14:00:00,131.18,CAD,paid
po_d3dc02a889f8,cl_023,2026-09-03 14:00:00,286.72,CAD,paid
po_837db6bae3bf,cl_023,2026-09-04 14:00:00,89.25,CAD,paid
po_a565be9f7ad2,cl_023,2026-09-07 14:00:00,194.20,CAD,paid
po_47c773a2d0aa,cl_023,2026-09-08 14:00:00,320.42,CAD,paid
po_d0facfa65211,cl_023,2026-09-10 14:00:00,199.07,CAD,paid
po_e48cad08c49e,cl_023,2026-09-11 14:00:00,-160.00,CAD,paid
po_0918a8df0abb,cl_023,2026-09-14 14:00:00,527.95,CAD,paid
po_6d9881c3cc90,cl_023,2026-09-16 14:00:00,160.11,CAD,paid
po_cde9716d5faa,cl_023,2026-09-17 14:00:00,307.41,CAD,paid
po_2aa83074d70c,cl_023,2026-09-18 14:00:00,413.78,CAD,paid
po_3f83e1deacb1,cl_023,2026-09-21 14:00:00,271.37,CAD,paid
po_033b7296484a,cl_023,2026-09-22 14:00:00,388.39,CAD,paid
po_cecac51a0cfe,cl_023,2026-09-23 14:00:00,252.64,CAD,paid
po_95d1dbc8a59c,cl_023,2026-09-24 14:00:00,448.08,CAD,paid
po_b5d4b048fd29,cl_023,2026-09-25 14:00:00,192.51,CAD,paid
po_bbf1834d0c83,cl_023,2026-09-28 14:00:00,218.50,CAD,paid
po_4962ddbac475,cl_023,2026-09-29 14:00:00,184.46,CAD,paid
po_17f87b5e975b,cl_023,2026-09-30 14:00:00,72.07,CAD,paid
po_30bfb7b3c149,cl_023,2026-10-01 14:00:00,145.80,CAD,paid
po_5a24bdb07845,cl_023,2026-10-02 14:00:00,274.23,CAD,paid
po_f9684a4d7a58,cl_023,2026-10-05 14:00:00,155.54,CAD,paid
po_09c80baee0f5,cl_024,2026-04-03 13:00:00,329.00,CAD,paid
po_47bb11628df1,cl_024,2026-04-06 13:00:00,377.88,CAD,paid
po_3e21e798de31,cl_024,2026-04-07 13:00:00,534.79,CAD,paid
po_4b1dfe4966b9,cl_024,2026-04-08 13:00:00,87.36,CAD,paid
po_7d726ffca090,cl_024,2026-04-09 13:00:00,383.07,CAD,paid
po_37e482bc6d14,cl_024,2026-04-10 13:00:00,271.82,CAD,paid
po_970214dfec11,cl_024,2026-04-13 13:00:00,327.40,CAD,paid
po_2a826438a634,cl_024,2026-04-14 13:00:00,608.97,CAD,paid
po_7d662d06b845,cl_024,2026-04-15 13:00:00,270.79,CAD,paid
po_874e2cd88c01,cl_024,2026-04-16 13:00:00,276.69,CAD,paid
po_3ebdb243b073,cl_024,2026-04-17 13:00:00,286.43,CAD,paid
po_3ae132b06bdb,cl_024,2026-04-20 13:00:00,429.76,CAD,paid
po_cd3a3b4cfa8b,cl_024,2026-04-21 13:00:00,-17.76,CAD,paid
po_51c320b991dd,cl_024,2026-04-22 13:00:00,460.45,CAD,paid
po_7806059b99ca,cl_024,2026-04-23 13:00:00,217.87,CAD,paid
po_950fcdea3756,cl_024,2026-04-24 13:00:00,489.02,CAD,paid
po_49df1db4a572,cl_024,2026-04-27 13:00:00,238.03,CAD,paid
po_7ed224bf5d9f,cl_024,2026-04-28 13:00:00,261.30,CAD,paid
po_1dbfa49a8b03,cl_024,2026-04-29 13:00:00,317.46,CAD,paid
po_d8ae253ae1c4,cl_024,2026-04-30 13:00:00,92.23,CAD,paid
po_52e2c54334b5,cl_024,2026-05-01 13:00:00,72.75,CAD,paid
po_1a144acb543e,cl_024,2026-05-04 13:00:00,160.11,CAD,paid
po_ff7a8da88852,cl_024,2026-05-05 13:00:00,706.46,CAD,paid
po_e32e473b2b3e,cl_024,2026-05-06 13:00:00,72.75,CAD,paid
po_649bda80d460,cl_024,2026-05-07 13:00:00,584.61,CAD,paid
po_07b2b90f031d,cl_024,2026-05-08 13:00:00,354.29,CAD,paid
po_d7250f6dfee2,cl_024,2026-05-11 13:00:00,370.62,CAD,paid
po_7cfa4ef0fc02,cl_024,2026-05-12 13:00:00,477.89,CAD,paid
po_942454a9e531,cl_024,2026-05-13 13:00:00,377.95,CAD,paid
po_312bc045ed8f,cl_024,2026-05-14 13:00:00,258.71,CAD,paid
po_635c13b24b50,cl_024,2026-05-15 13:00:00,179.59,CAD,paid
po_7f3e3e3693cc,cl_024,2026-05-18 13:00:00,48.41,CAD,paid
po_584788a3f123,cl_024,2026-05-19 13:00:00,654.77,CAD,paid
po_caa2d5f71921,cl_024,2026-05-20 13:00:00,314.75,CAD,paid
po_0da857e9b8d6,cl_024,2026-05-21 13:00:00,106.84,CAD,paid
po_952acf4f51f5,cl_024,2026-05-22 13:00:00,372.27,CAD,paid
po_e000d4049a7a,cl_024,2026-05-25 13:00:00,422.78,CAD,paid
po_ed8982a8a489,cl_024,2026-05-26 13:00:00,641.77,CAD,paid
po_fa469c60a9b0,cl_024,2026-05-27 13:00:00,216.79,CAD,paid
po_15ec02d1876c,cl_024,2026-05-28 13:00:00,72.75,CAD,paid
po_f9a8f35e010c,cl_024,2026-05-29 13:00:00,502.04,CAD,paid
po_0100f779ccbc,cl_024,2026-06-01 13:00:00,340.20,CAD,paid
po_eb23a7b7cb27,cl_024,2026-06-02 13:00:00,349.73,CAD,paid
po_1e714f79b345,cl_024,2026-06-03 13:00:00,215.69,CAD,paid
po_7f1cfc49cccb,cl_024,2026-06-04 13:00:00,199.07,CAD,paid
po_c00092d04259,cl_024,2026-06-05 13:00:00,302.46,CAD,paid
po_d051bca895e4,cl_024,2026-06-08 13:00:00,286.42,CAD,paid
po_b0676083ad5a,cl_024,2026-06-09 13:00:00,306.61,CAD,paid
po_dd90feacf644,cl_024,2026-06-10 13:00:00,179.59,CAD,paid
po_b523d3943f37,cl_024,2026-06-11 13:00:00,258.71,CAD,paid
po_dd33f27dabd5,cl_024,2026-06-12 13:00:00,554.66,CAD,paid
po_e89388fcc199,cl_024,2026-06-15 13:00:00,463.29,CAD,paid
po_71b7278f5e6d,cl_024,2026-06-16 13:00:00,640.05,CAD,paid
po_f7a481e4b546,cl_024,2026-06-17 13:00:00,184.45,CAD,paid
po_f73f34569bae,cl_024,2026-06-18 13:00:00,72.75,CAD,paid
po_bd255c56061d,cl_024,2026-06-19 13:00:00,164.98,CAD,paid
po_54c646022377,cl_024,2026-06-22 13:00:00,427.87,CAD,paid
po_1d3afb9718d3,cl_024,2026-06-23 13:00:00,449.51,CAD,paid
po_5b558fae5f54,cl_024,2026-06-24 13:00:00,620.47,CAD,paid
po_68254d479d1f,cl_024,2026-06-25 13:00:00,354.61,CAD,paid
po_5215db16841a,cl_024,2026-06-26 13:00:00,492.39,CAD,paid
po_1409623cfc27,cl_024,2026-06-29 13:00:00,276.98,CAD,paid
po_03562939eec6,cl_024,2026-06-30 13:00:00,112.37,CAD,paid
po_d904aba30391,cl_024,2026-07-01 13:00:00,309.64,CAD,paid
po_aa05c3b70565,cl_024,2026-07-02 13:00:00,205.83,CAD,paid
po_fa0f835cc124,cl_024,2026-07-03 13:00:00,654.87,CAD,paid
po_bc4dcae47c05,cl_024,2026-07-06 13:00:00,92.23,CAD,paid
po_f34b146d592f,cl_024,2026-07-07 13:00:00,853.85,CAD,paid
po_187ce0ee0ef6,cl_024,2026-07-08 13:00:00,395.67,CAD,paid
po_34631aed168b,cl_024,2026-07-09 13:00:00,257.21,CAD,paid
po_756283ee3a30,cl_024,2026-07-10 13:00:00,441.96,CAD,paid
po_f256f9d93208,cl_024,2026-07-13 13:00:00,109.25,CAD,paid
po_0b556016c03d,cl_024,2026-07-14 13:00:00,452.90,CAD,paid
po_79e470897fe6,cl_024,2026-07-15 13:00:00,106.84,CAD,paid
po_345775bcd347,cl_024,2026-07-16 13:00:00,507.69,CAD,paid
po_29ff0aed77be,cl_024,2026-07-17 13:00:00,329.00,CAD,paid
po_55497ef1243d,cl_024,2026-07-20 13:00:00,366.07,CAD,paid
po_5f6e5225da38,cl_024,2026-07-21 13:00:00,424.89,CAD,paid
po_1bf4120f70af,cl_024,2026-07-22 13:00:00,688.30,CAD,paid
po_31664d3efff0,cl_024,2026-07-23 13:00:00,301.34,CAD,paid
po_479dee77468a,cl_024,2026-07-24 13:00:00,431.93,CAD,paid
po_50a4fb2e77e8,cl_024,2026-07-27 13:00:00,251.48,CAD,paid
po_72d3ac25e040,cl_024,2026-07-28 13:00:00,638.26,CAD,paid
po_cf1c547ab4ae,cl_024,2026-07-30 13:00:00,72.75,CAD,paid
po_9c3bc40450a3,cl_024,2026-07-31 13:00:00,164.98,CAD,paid
po_dd4fcb6ea2dc,cl_024,2026-08-03 13:00:00,437.47,CAD,paid
po_5d24724611f8,cl_024,2026-08-04 13:00:00,586.37,CAD,paid
po_db26e29983b7,cl_024,2026-08-05 13:00:00,11.84,CAD,paid
po_61ead98f93f4,cl_024,2026-08-06 13:00:00,407.88,CAD,paid
po_543213b3904a,cl_024,2026-08-07 13:00:00,435.26,CAD,paid
po_10bdd0f2ed73,cl_024,2026-08-10 13:00:00,427.66,CAD,paid
po_41799e07e7ee,cl_024,2026-08-11 13:00:00,555.70,CAD,paid
po_e7abafd1b1bc,cl_024,2026-08-12 13:00:00,119.25,CAD,paid
po_90c17ba26518,cl_024,2026-08-13 13:00:00,218.55,CAD,paid
po_3c7cdac81758,cl_024,2026-08-14 13:00:00,314.12,CAD,paid
po_f2985f06ffa7,cl_024,2026-08-17 13:00:00,252.64,CAD,paid
po_fa1ebf3e7071,cl_024,2026-08-18 13:00:00,647.85,CAD,paid
po_f46e7323b3dd,cl_024,2026-08-19 13:00:00,386.97,CAD,paid
po_40359589e7c8,cl_024,2026-08-20 13:00:00,432.22,CAD,paid
po_09623c1bc077,cl_024,2026-08-21 13:00:00,106.84,CAD,paid
po_b0b8b93c4be2,cl_024,2026-08-24 13:00:00,421.79,CAD,paid
po_54caf93ae6cf,cl_024,2026-08-25 13:00:00,641.45,CAD,paid
po_85d0e67d993f,cl_024,2026-08-26 13:00:00,249.79,CAD,paid
po_8cac3a363427,cl_024,2026-08-27 13:00:00,460.03,CAD,paid
po_8e7d6e2baf70,cl_024,2026-08-28 13:00:00,446.83,CAD,paid
po_25c506d71bf5,cl_024,2026-08-31 13:00:00,92.23,CAD,paid
po_d4b37ca06c39,cl_024,2026-09-01 13:00:00,422.73,CAD,paid
po_598caf624b3c,cl_024,2026-09-02 13:00:00,656.68,CAD,paid
po_466c0b3bec6d,cl_024,2026-09-03 13:00:00,553.98,CAD,paid
po_a31332a99c11,cl_024,2026-09-04 13:00:00,445.12,CAD,paid
po_8212f1811c50,cl_024,2026-09-07 13:00:00,223.42,CAD,paid
po_7445ba0a7ef2,cl_024,2026-09-08 13:00:00,775.03,CAD,paid
po_23ddb38c5da6,cl_024,2026-09-09 13:00:00,524.65,CAD,paid
po_a45fe43e55a6,cl_024,2026-09-10 13:00:00,357.01,CAD,paid
po_5bca742ffecc,cl_024,2026-09-11 13:00:00,608.89,CAD,paid
po_fb2831166c61,cl_024,2026-09-14 13:00:00,402.01,CAD,paid
po_77731e10fd10,cl_024,2026-09-15 13:00:00,554.92,CAD,paid
po_edcf053877ac,cl_024,2026-09-16 13:00:00,377.54,CAD,paid
po_a71346aed0b2,cl_024,2026-09-17 13:00:00,72.07,CAD,paid
po_1659a715efcc,cl_024,2026-09-18 13:00:00,301.04,CAD,paid
po_744a223669c0,cl_024,2026-09-21 13:00:00,106.84,CAD,paid
po_ac9a87647aa2,cl_024,2026-09-22 13:00:00,513.84,CAD,paid
po_abe9e6728626,cl_024,2026-09-23 13:00:00,186.48,CAD,paid
po_f82b983bbc9e,cl_024,2026-09-24 13:00:00,464.67,CAD,paid
po_3bf54ef6d7d6,cl_024,2026-09-25 13:00:00,354.60,CAD,paid
po_185ef46a0470,cl_024,2026-09-28 13:00:00,468.72,CAD,paid
po_673cd9de032a,cl_024,2026-09-29 13:00:00,1108.49,CAD,paid
po_ef3a140a9e58,cl_024,2026-09-30 13:00:00,623.10,CAD,paid
po_dcd6b108fe9e,cl_024,2026-10-01 13:00:00,199.07,CAD,paid
po_2fa75a678850,cl_024,2026-10-02 13:00:00,145.80,CAD,paid
po_6d8f00e2eddc,cl_024,2026-10-05 13:00:00,92.23,CAD,paid
po_081dd5fb6d4f,cl_025,2026-04-03 13:00:00,72.75,CAD,paid
po_47a766ad3d01,cl_025,2026-04-06 13:00:00,210.83,CAD,paid
po_c7cfdccbe0b0,cl_025,2026-04-07 13:00:00,429.38,CAD,paid
po_925d17628e21,cl_025,2026-04-08 13:00:00,184.46,CAD,paid
po_d7099a8d2643,cl_025,2026-04-09 13:00:00,252.34,CAD,paid
po_d5a6c76a0c52,cl_025,2026-04-10 13:00:00,145.80,CAD,paid
po_21b493779e03,cl_025,2026-04-13 13:00:00,192.40,CAD,paid
po_7d79c4313d4b,cl_025,2026-04-14 13:00:00,718.15,CAD,paid
po_bfbdda38acc8,cl_025,2026-04-15 13:00:00,319.51,CAD,paid
po_9a8dd0af3af4,cl_025,2026-04-16 13:00:00,330.26,CAD,paid
po_c945b8953a3f,cl_025,2026-04-17 13:00:00,480.84,CAD,paid
po_c04787a7c689,cl_025,2026-04-20 13:00:00,320.04,CAD,paid
po_6cdcbbd72041,cl_025,2026-04-21 13:00:00,447.88,CAD,paid
po_3a173d91d59a,cl_025,2026-04-22 13:00:00,931.48,CAD,paid
po_636b8305f2f6,cl_025,2026-04-23 13:00:00,301.34,CAD,paid
po_f25e01e5ca10,cl_025,2026-04-24 13:00:00,92.23,CAD,paid
po_42759092c843,cl_025,2026-04-27 13:00:00,555.18,CAD,paid
po_c7885551352b,cl_025,2026-04-28 13:00:00,491.86,CAD,paid
po_1597573b38dc,cl_025,2026-04-29 13:00:00,398.23,CAD,paid
po_9cbd6ee27ac7,cl_025,2026-04-30 13:00:00,678.43,CAD,paid
po_fa7c14bd252f,cl_025,2026-05-01 13:00:00,92.89,CAD,paid
po_256597d2762c,cl_025,2026-05-04 13:00:00,373.31,CAD,paid
po_fa3c85e2bc64,cl_025,2026-05-05 13:00:00,660.52,CAD,paid
po_ca76f7e71c53,cl_025,2026-05-06 13:00:00,518.79,CAD,paid
po_90df6e690e23,cl_025,2026-05-07 13:00:00,591.76,CAD,paid
po_7f426a82e24a,cl_025,2026-05-08 13:00:00,354.61,CAD,paid
po_19b84fc51a07,cl_025,2026-05-11 13:00:00,313.44,CAD,paid
po_9eaf064410ad,cl_025,2026-05-12 13:00:00,694.59,CAD,paid
po_0d62542b980a,cl_025,2026-05-13 13:00:00,482.16,CAD,paid
po_a7efb6239e2b,cl_025,2026-05-14 13:00:00,333.78,CAD,paid
po_5dc794fb603f,cl_025,2026-05-15 13:00:00,278.86,CAD,paid
po_9244c90f0089,cl_025,2026-05-18 13:00:00,310.10,CAD,paid
po_6fe37ed6e106,cl_025,2026-05-19 13:00:00,516.74,CAD,paid
po_6752236ea4be,cl_025,2026-05-20 13:00:00,208.81,CAD,paid
po_e6631c1d20b6,cl_025,2026-05-21 13:00:00,540.07,CAD,paid
po_b48f74d6cea3,cl_025,2026-05-22 13:00:00,485.80,CAD,paid
po_3656d57243c8,cl_025,2026-05-25 13:00:00,935.80,CAD,paid
po_6a7632d0e173,cl_025,2026-05-26 13:00:00,545.95,CAD,paid
po_180df08574ed,cl_025,2026-05-27 13:00:00,201.09,CAD,paid
po_09cbdfd1b45f,cl_025,2026-05-28 13:00:00,349.44,CAD,paid
po_1892f34edf45,cl_025,2026-05-29 13:00:00,199.07,CAD,paid
po_b380fc087603,cl_025,2026-06-01 13:00:00,460.46,CAD,paid
po_b690e456535e,cl_025,2026-06-02 13:00:00,625.44,CAD,paid
po_5a3e04efed60,cl_025,2026-06-03 13:00:00,271.14,CAD,paid
po_c2ab656ba797,cl_025,2026-06-04 13:00:00,174.72,CAD,paid
po_a5a5e7159418,cl_025,2026-06-05 13:00:00,415.42,CAD,paid
po_ae27bd061dd7,cl_025,2026-06-08 13:00:00,239.23,CAD,paid
po_1728beea0780,cl_025,2026-06-09 13:00:00,796.45,CAD,paid
po_3870b2a93f8e,cl_025,2026-06-10 13:00:00,276.98,CAD,paid
po_736040e3b1f9,cl_025,2026-06-11 13:00:00,348.32,CAD,paid
po_8f5b858bd444,cl_025,2026-06-12 13:00:00,307.46,CAD,paid
po_2db2f1de29a1,cl_025,2026-06-15 13:00:00,349.22,CAD,paid
po_951d9d733525,cl_025,2026-06-16 13:00:00,446.15,CAD,paid
po_41b12f06e026,cl_025,2026-06-17 13:00:00,330.26,CAD,paid
po_8097a6709403,cl_025,2026-06-18 13:00:00,321.47,CAD,paid
po_b3947e49ec0e,cl_025,2026-06-19 13:00:00,344.85,CAD,paid
po_8b44eef0c466,cl_025,2026-06-22 13:00:00,469.90,CAD,paid
po_c22b95f20e9c,cl_025,2026-06-23 13:00:00,344.86,CAD,paid
po_7cd1038688e2,cl_025,2026-06-24 13:00:00,428.37,CAD,paid
po_f32d1a64940e,cl_025,2026-06-25 13:00:00,879.59,CAD,paid
po_35456beca1c5,cl_025,2026-06-26 13:00:00,233.16,CAD,paid
po_0c9d46e1eb77,cl_025,2026-06-29 13:00:00,355.81,CAD,paid
po_28bd22e45ba8,cl_025,2026-06-30 13:00:00,354.61,CAD,paid
po_5e902abb2688,cl_025,2026-07-01 13:00:00,356.63,CAD,paid
po_4458a9900871,cl_025,2026-07-02 13:00:00,497.26,CAD,paid
po_a84b47230eb6,cl_025,2026-07-03 13:00:00,21.00,CAD,paid
po_c155bb1b630b,cl_025,2026-07-06 13:00:00,490.36,CAD,paid
po_d31eccbf1e3f,cl_025,2026-07-07 13:00:00,764.29,CAD,paid
po_c13243d8270a,cl_025,2026-07-08 13:00:00,622.55,CAD,paid
po_52a7884c8e92,cl_025,2026-07-09 13:00:00,123.55,CAD,paid
po_12aa926476e5,cl_025,2026-07-10 13:00:00,149.25,CAD,paid
po_26325702f7d7,cl_025,2026-07-13 13:00:00,667.36,CAD,paid
po_ff03efe5a863,cl_025,2026-07-14 13:00:00,717.98,CAD,paid
po_c97afbc6a4a7,cl_025,2026-07-15 13:00:00,687.69,CAD,paid
po_510ee40cb5d0,cl_025,2026-07-16 13:00:00,390.54,CAD,paid
po_8e6d4761c7ed,cl_025,2026-07-17 13:00:00,296.16,CAD,paid
po_f135c16e3eee,cl_025,2026-07-20 13:00:00,509.85,CAD,paid
po_3e4d48932853,cl_025,2026-07-21 13:00:00,782.47,CAD,paid
po_16be27f59ea2,cl_025,2026-07-22 13:00:00,266.09,CAD,paid
po_198a61f75489,cl_025,2026-07-23 13:00:00,332.27,CAD,paid
po_5073f37a1222,cl_025,2026-07-24 13:00:00,232.05,CAD,paid
po_e090aaee37d8,cl_025,2026-07-27 13:00:00,445.85,CAD,paid
po_c3228bd693c8,cl_025,2026-07-28 13:00:00,905.13,CAD,paid
po_fbbc837c4056,cl_025,2026-07-29 13:00:00,72.75,CAD,paid
po_84ae541c63ad,cl_025,2026-07-30 13:00:00,262.08,CAD,paid
po_da33c8e0a0d3,cl_025,2026-07-31 13:00:00,402.18,CAD,paid
po_15c34a448957,cl_025,2026-08-03 13:00:00,377.80,CAD,paid
po_bcbbbce345a2,cl_025,2026-08-04 13:00:00,73.15,CAD,paid
po_0cefb99a3336,cl_025,2026-08-05 13:00:00,155.54,CAD,paid
po_6f7ed4574844,cl_025,2026-08-06 13:00:00,1070.95,CAD,paid
po_8ae632726841,cl_025,2026-08-07 13:00:00,87.36,CAD,paid
po_cf8c994d714c,cl_025,2026-08-10 13:00:00,145.80,CAD,paid
po_22619a4cd842,cl_025,2026-08-11 13:00:00,368.13,CAD,paid
po_b15edcd8e295,cl_025,2026-08-12 13:00:00,550.83,CAD,paid
po_d7c1d7f22374,cl_025,2026-08-13 13:00:00,349.44,CAD,paid
po_e9da1884e956,cl_025,2026-08-14 13:00:00,211.48,CAD,paid
po_8e93ccee06ef,cl_025,2026-08-17 13:00:00,543.26,CAD,paid
po_dc94bf997278,cl_025,2026-08-18 13:00:00,725.93,CAD,paid
po_3011f6a66a3f,cl_025,2026-08-19 13:00:00,228.27,CAD,paid
po_d21cc0f973da,cl_025,2026-08-20 13:00:00,497.25,CAD,paid
po_8832f8d5177a,cl_025,2026-08-21 13:00:00,240.33,CAD,paid
po_693663d9aff1,cl_025,2026-08-24 13:00:00,179.59,CAD,paid
po_b8592866cfa9,cl_025,2026-08-26 13:00:00,87.36,CAD,paid
po_c26aeb6e4cf5,cl_025,2026-08-27 13:00:00,708.48,CAD,paid
po_40561e1bc2b2,cl_025,2026-08-28 13:00:00,485.50,CAD,paid
po_884e81291a28,cl_025,2026-08-31 13:00:00,543.94,CAD,paid
po_deaa370baace,cl_025,2026-09-01 13:00:00,643.48,CAD,paid
po_ee2fdb95e047,cl_025,2026-09-02 13:00:00,801.43,CAD,paid
po_ab2682aac213,cl_025,2026-09-03 13:00:00,523.90,CAD,paid
po_f7815511af6f,cl_025,2026-09-04 13:00:00,491.23,CAD,paid
po_e61f62fdcc8c,cl_025,2026-09-07 13:00:00,72.07,CAD,paid
po_2c53fa2bf167,cl_025,2026-09-08 13:00:00,766.49,CAD,paid
po_263df12e3778,cl_025,2026-09-09 13:00:00,478.81,CAD,paid
po_fea9d6dbd7e0,cl_025,2026-09-10 13:00:00,727.54,CAD,paid
po_9df0aaf9a69e,cl_025,2026-09-11 13:00:00,225.83,CAD,paid
po_bb27ba8c772c,cl_025,2026-09-14 13:00:00,258.53,CAD,paid
po_3c802079667a,cl_025,2026-09-15 13:00:00,567.99,CAD,paid
po_3da5665043a2,cl_025,2026-09-16 13:00:00,821.22,CAD,paid
po_68b59c3dbbf0,cl_025,2026-09-17 13:00:00,325.68,CAD,paid
po_e74830cda543,cl_025,2026-09-18 13:00:00,595.05,CAD,paid
po_391aee154757,cl_025,2026-09-21 13:00:00,451.65,CAD,paid
po_e788133245bb,cl_025,2026-09-22 13:00:00,1095.30,CAD,paid
po_65770cf3c526,cl_025,2026-09-23 13:00:00,469.76,CAD,paid
po_78cce8281be5,cl_025,2026-09-24 13:00:00,184.46,CAD,paid
po_70d3c24a324f,cl_025,2026-09-25 13:00:00,730.03,CAD,paid
po_cc78162accdb,cl_025,2026-09-28 13:00:00,405.33,CAD,paid
po_8c9f7fb3f543,cl_025,2026-09-29 13:00:00,574.41,CAD,paid
po_1558e32eff63,cl_025,2026-09-30 13:00:00,116.58,CAD,paid
po_6455de138f7e,cl_025,2026-10-01 13:00:00,461.35,CAD,paid
po_a264c6840cf1,cl_025,2026-10-02 13:00:00,497.65,CAD,paid
po_95a2097ed46f,cl_026,2026-04-03 13:00:00,115.50,CAD,paid
po_a488f9e84b82,cl_026,2026-04-06 13:00:00,164.12,CAD,paid
po_12abc6e719ae,cl_026,2026-04-07 13:00:00,662.07,CAD,paid
po_2ea837d98489,cl_026,2026-04-08 13:00:00,303.06,CAD,paid
po_97f4a4eb2d77,cl_026,2026-04-09 13:00:00,106.84,CAD,paid
po_93f4477f6afb,cl_026,2026-04-10 13:00:00,199.07,CAD,paid
po_9264451477f9,cl_026,2026-04-13 13:00:00,179.59,CAD,paid
po_9c0590a8cd18,cl_026,2026-04-14 13:00:00,273.84,CAD,paid
po_5dbcda6fc792,cl_026,2026-04-15 13:00:00,301.04,CAD,paid
po_1d48e78c813d,cl_026,2026-04-16 13:00:00,339.04,CAD,paid
po_bddb08272d0d,cl_026,2026-04-17 13:00:00,104.07,CAD,paid
po_f07801c0cc40,cl_026,2026-04-20 13:00:00,794.44,CAD,paid
po_8ad851cdb51f,cl_026,2026-04-21 13:00:00,343.89,CAD,paid
po_af1add401734,cl_026,2026-04-23 13:00:00,523.44,CAD,paid
po_ba8b1cc0ebb7,cl_026,2026-04-24 13:00:00,298.15,CAD,paid
po_a77feeb9fd79,cl_026,2026-04-27 13:00:00,364.35,CAD,paid
po_46df01621a17,cl_026,2026-04-28 13:00:00,536.66,CAD,paid
po_fff267eccbcc,cl_026,2026-04-29 13:00:00,92.23,CAD,paid
po_6111f3b7dcac,cl_026,2026-04-30 13:00:00,252.34,CAD,paid
po_d7c366fad970,cl_026,2026-05-01 13:00:00,189.33,CAD,paid
po_ee4f6367ca63,cl_026,2026-05-04 13:00:00,235.83,CAD,paid
po_fe742e53e340,cl_026,2026-05-05 13:00:00,552.24,CAD,paid
po_4592b2c60b0a,cl_026,2026-05-06 13:00:00,358.05,CAD,paid
po_29c1cd711a3d,cl_026,2026-05-07 13:00:00,119.25,CAD,paid
po_ce266c3c579c,cl_026,2026-05-08 13:00:00,288.03,CAD,paid
po_f4ec8b6d503e,cl_026,2026-05-11 13:00:00,319.35,CAD,paid
po_9c76cc1ab5cd,cl_026,2026-05-12 13:00:00,201.64,CAD,paid
po_e4ead8047ca9,cl_026,2026-05-13 13:00:00,116.58,CAD,paid
po_26a04ce0fcb9,cl_026,2026-05-14 13:00:00,296.16,CAD,paid
po_eba31f12ea1d,cl_026,2026-05-15 13:00:00,370.93,CAD,paid
po_301926fe4ed2,cl_026,2026-05-18 13:00:00,307.93,CAD,paid
po_6afcabaec2fc,cl_026,2026-05-19 13:00:00,281.55,CAD,paid
po_5a5f1d1a7ae3,cl_026,2026-05-20 13:00:00,347.90,CAD,paid
po_386351ce5a4f,cl_026,2026-05-21 13:00:00,72.75,CAD,paid
po_c7559071c1fb,cl_026,2026-05-22 13:00:00,184.46,CAD,paid
po_87ad09ea859d,cl_026,2026-05-25 13:00:00,399.64,CAD,paid
po_86fadd5553cf,cl_026,2026-05-26 13:00:00,558.84,CAD,paid
po_5f65f4144b49,cl_026,2026-05-27 13:00:00,222.43,CAD,paid
po_f8c273da8282,cl_026,2026-05-28 13:00:00,92.23,CAD,paid
po_57cecaaf556b,cl_026,2026-05-29 13:00:00,39.25,CAD,paid
po_e440ce6b0556,cl_026,2026-06-01 13:00:00,372.26,CAD,paid
po_5db572a40d79,cl_026,2026-06-02 13:00:00,910.83,CAD,paid
po_b27e161be216,cl_026,2026-06-03 13:00:00,546.69,CAD,paid
po_16acadc30994,cl_026,2026-06-04 13:00:00,471.26,CAD,paid
po_1341197442b1,cl_026,2026-06-05 13:00:00,94.25,CAD,paid
po_0d4ad7fdf19e,cl_026,2026-06-08 13:00:00,295.09,CAD,paid
po_0a10229b60d2,cl_026,2026-06-09 13:00:00,535.64,CAD,paid
po_074dec960419,cl_026,2026-06-10 13:00:00,305.91,CAD,paid
po_1664283e7555,cl_026,2026-06-11 13:00:00,290.44,CAD,paid
po_0d47ff31608d,cl_026,2026-06-12 13:00:00,23.50,CAD,paid
po_159de772845e,cl_026,2026-06-15 13:00:00,332.15,CAD,paid
po_edeb9e388fff,cl_026,2026-06-16 13:00:00,852.38,CAD,paid
po_5fd573e7c014,cl_026,2026-06-17 13:00:00,201.48,CAD,paid
po_f19d97b7a1d3,cl_026,2026-06-18 13:00:00,343.71,CAD,paid
po_ad18f557e3c3,cl_026,2026-06-19 13:00:00,216.09,CAD,paid
po_335230c9be41,cl_026,2026-06-22 13:00:00,265.05,CAD,paid
po_995ac00f5792,cl_026,2026-06-23 13:00:00,416.81,CAD,paid
po_80e1d8b5d18a,cl_026,2026-06-24 13:00:00,273.32,CAD,paid
po_3e4316e6ff26,cl_026,2026-06-25 13:00:00,450.70,CAD,paid
po_a57f6b8f30fc,cl_026,2026-06-26 13:00:00,272.12,CAD,paid
po_98781cad2719,cl_026,2026-06-29 13:00:00,207.73,CAD,paid
po_307f8e628022,cl_026,2026-06-30 13:00:00,427.36,CAD,paid
po_84f2dd8045eb,cl_026,2026-07-01 13:00:00,145.80,CAD,paid
po_64ff896badcc,cl_026,2026-07-02 13:00:00,306.20,CAD,paid
po_feb02698ea5a,cl_026,2026-07-03 13:00:00,528.71,CAD,paid
po_823dca157e97,cl_026,2026-07-06 13:00:00,131.38,CAD,paid
po_b94c63ebac37,cl_026,2026-07-07 13:00:00,641.04,CAD,paid
po_fd70e4971f61,cl_026,2026-07-08 13:00:00,444.69,CAD,paid
po_6c8b69959884,cl_026,2026-07-09 13:00:00,164.30,CAD,paid
po_961b0e2cf18a,cl_026,2026-07-10 13:00:00,223.41,CAD,paid
po_8a7c866455c2,cl_026,2026-07-13 13:00:00,516.73,CAD,paid
po_cf5e2aa7d77c,cl_026,2026-07-14 13:00:00,602.08,CAD,paid
po_06324f1e5688,cl_026,2026-07-15 13:00:00,285.57,CAD,paid
po_4451817c4c60,cl_026,2026-07-16 13:00:00,493.08,CAD,paid
po_ca926f6faab9,cl_026,2026-07-17 13:00:00,262.02,CAD,paid
po_9d9b73cef758,cl_026,2026-07-20 13:00:00,542.94,CAD,paid
po_48d736b88ce2,cl_026,2026-07-21 13:00:00,-45.75,CAD,paid
po_f65a56c25e11,cl_026,2026-07-22 13:00:00,421.04,CAD,paid
po_d72ba78b0067,cl_026,2026-07-23 13:00:00,475.76,CAD,paid
po_231ce3663e17,cl_026,2026-07-24 13:00:00,252.34,CAD,paid
po_92e7e62fa66d,cl_026,2026-07-27 13:00:00,179.58,CAD,paid
po_230fa4a064d1,cl_026,2026-07-28 13:00:00,293.32,CAD,paid
po_8dd7733ae67e,cl_026,2026-07-29 13:00:00,106.84,CAD,paid
po_41a1fb64025a,cl_026,2026-07-30 13:00:00,178.60,CAD,paid
po_f4062613ffcc,cl_026,2026-07-31 13:00:00,523.34,CAD,paid
po_7887de3bddb1,cl_026,2026-08-03 13:00:00,388.31,CAD,paid
po_6412ce817343,cl_026,2026-08-04 13:00:00,434.60,CAD,paid
po_a5a86b6341fd,cl_026,2026-08-05 13:00:00,219.07,CAD,paid
po_f79c3d3da9a8,cl_026,2026-08-06 13:00:00,179.59,CAD,paid
po_5d77c9540323,cl_026,2026-08-07 13:00:00,199.07,CAD,paid
po_45dc9cf13f81,cl_026,2026-08-10 13:00:00,199.87,CAD,paid
po_e1f9b98cd2ba,cl_026,2026-08-11 13:00:00,1027.63,CAD,paid
po_b8958507cbdb,cl_026,2026-08-12 13:00:00,184.46,CAD,paid
po_729a053cb125,cl_026,2026-08-13 13:00:00,710.28,CAD,paid
po_4d8cd4f065c0,cl_026,2026-08-14 13:00:00,646.99,CAD,paid
po_d1e81e04cc77,cl_026,2026-08-17 13:00:00,164.98,CAD,paid
po_18d4c0188db3,cl_026,2026-08-18 13:00:00,502.39,CAD,paid
po_b95c9353a5c6,cl_026,2026-08-19 13:00:00,729.11,CAD,paid
po_561efd6080bd,cl_026,2026-08-20 13:00:00,408.17,CAD,paid
po_f3c5731e206a,cl_026,2026-08-21 13:00:00,359.17,CAD,paid
po_9999715d4895,cl_026,2026-08-24 13:00:00,271.82,CAD,paid
po_650abe8d0308,cl_026,2026-08-25 13:00:00,737.15,CAD,paid
po_fd7c88efef69,cl_026,2026-08-26 13:00:00,539.35,CAD,paid
po_9892e9565cf3,cl_026,2026-08-27 13:00:00,199.07,CAD,paid
po_b5423029aad5,cl_026,2026-08-28 13:00:00,457.44,CAD,paid
po_6ac7ae8515c1,cl_026,2026-08-31 13:00:00,532.85,CAD,paid
po_1dc42c41cc1b,cl_026,2026-09-01 13:00:00,483.58,CAD,paid
po_f644a949b64f,cl_026,2026-09-02 13:00:00,194.20,CAD,paid
po_a69d8233d984,cl_026,2026-09-03 13:00:00,375.29,CAD,paid
po_c0f34b34703d,cl_026,2026-09-04 13:00:00,149.25,CAD,paid
po_1e6870783753,cl_026,2026-09-07 13:00:00,201.09,CAD,paid
po_1d927ae2a846,cl_026,2026-09-08 13:00:00,399.30,CAD,paid
po_a38f12376d21,cl_026,2026-09-09 13:00:00,451.58,CAD,paid
po_78317aac22c0,cl_026,2026-09-10 13:00:00,233.16,CAD,paid
po_dc1cd5d112f9,cl_026,2026-09-11 13:00:00,247.77,CAD,paid
po_8e82c8f3c78a,cl_026,2026-09-14 13:00:00,540.87,CAD,paid
po_7d13fc240375,cl_026,2026-09-15 13:00:00,387.92,CAD,paid
po_eacadf4148e0,cl_026,2026-09-16 13:00:00,116.58,CAD,paid
po_093654b5ecf3,cl_026,2026-09-17 13:00:00,297.75,CAD,paid
po_67f96a5bd0d0,cl_026,2026-09-18 13:00:00,240.43,CAD,paid
po_98bd69085ea0,cl_026,2026-09-21 13:00:00,238.02,CAD,paid
po_b8c4e7f77655,cl_026,2026-09-22 13:00:00,867.31,CAD,paid
po_baae604404f4,cl_026,2026-09-23 13:00:00,630.72,CAD,paid
po_6cddbe92d3a1,cl_026,2026-09-24 13:00:00,348.93,CAD,paid
po_50bb80d02568,cl_026,2026-09-25 13:00:00,105.85,CAD,paid
po_f9ba6338b44c,cl_026,2026-09-28 13:00:00,106.84,CAD,paid
po_091261e2d9ed,cl_026,2026-09-29 13:00:00,525.50,CAD,paid
po_cb5becb0ddcb,cl_026,2026-09-30 13:00:00,239.23,CAD,paid
po_f927b7b12612,cl_026,2026-10-01 13:00:00,516.85,CAD,paid
po_52bdf1a3eac1,cl_026,2026-10-02 13:00:00,164.30,CAD,paid
po_828797ec2bd4,cl_027,2026-04-03 13:00:00,546.53,CAD,paid
po_feea264340ee,cl_027,2026-04-06 13:00:00,264.79,CAD,paid
po_0dc284155b5d,cl_027,2026-04-07 13:00:00,587.08,CAD,paid
po_e3ced503ea60,cl_027,2026-04-08 13:00:00,109.25,CAD,paid
po_9dae1c8f392d,cl_027,2026-04-09 13:00:00,498.67,CAD,paid
po_428875f37bb7,cl_027,2026-04-10 13:00:00,275.73,CAD,paid
po_b15fa0849837,cl_027,2026-04-13 13:00:00,373.79,CAD,paid
po_f64e767abad4,cl_027,2026-04-14 13:00:00,703.47,CAD,paid
po_5a6fc4b38a48,cl_027,2026-04-15 13:00:00,271.82,CAD,paid
po_2b8dfd25f281,cl_027,2026-04-16 13:00:00,159.43,CAD,paid
po_2001d160c75d,cl_027,2026-04-17 13:00:00,153.84,CAD,paid
po_279d0d1b19df,cl_027,2026-04-20 13:00:00,546.34,CAD,paid
po_96d0ef7d6b50,cl_027,2026-04-21 13:00:00,873.64,CAD,paid
po_38890ed67653,cl_027,2026-04-22 13:00:00,235.22,CAD,paid
po_63b22c268bc4,cl_027,2026-04-23 13:00:00,247.77,CAD,paid
po_5efd4d3e9356,cl_027,2026-04-27 13:00:00,271.82,CAD,paid
po_6fbe04174c80,cl_027,2026-04-28 13:00:00,460.44,CAD,paid
po_c6578400aefd,cl_027,2026-04-29 13:00:00,340.00,CAD,paid
po_b8f979398202,cl_027,2026-05-01 13:00:00,261.51,CAD,paid
po_fcfe9c7dfda2,cl_027,2026-05-04 13:00:00,392.41,CAD,paid
po_84b3ebcb99c8,cl_027,2026-05-05 13:00:00,808.55,CAD,paid
po_7042823ef5bb,cl_027,2026-05-07 13:00:00,72.75,CAD,paid
po_348935770325,cl_027,2026-05-08 13:00:00,314.23,CAD,paid
po_ce8a4835e006,cl_027,2026-05-11 13:00:00,365.60,CAD,paid
po_2af2ef03559d,cl_027,2026-05-12 13:00:00,546.77,CAD,paid
po_0ff23fe03820,cl_027,2026-05-13 13:00:00,720.27,CAD,paid
po_5100fa591a57,cl_027,2026-05-14 13:00:00,410.63,CAD,paid
po_986cbf6975a5,cl_027,2026-05-15 13:00:00,189.33,CAD,paid
po_a5257136f35b,cl_027,2026-05-18 13:00:00,122.76,CAD,paid
po_ae8b7acd4937,cl_027,2026-05-19 13:00:00,680.87,CAD,paid
po_d85af29ad01a,cl_027,2026-05-20 13:00:00,308.32,CAD,paid
po_29afc9a460a2,cl_027,2026-05-21 13:00:00,329.10,CAD,paid
po_2d6160386874,cl_027,2026-05-22 13:00:00,343.71,CAD,paid
po_6248da34956c,cl_027,2026-05-25 13:00:00,322.93,CAD,paid
po_c7f69d964661,cl_027,2026-05-26 13:00:00,191.87,CAD,paid
po_34f5be7dc607,cl_027,2026-05-27 13:00:00,116.58,CAD,paid
po_91b02843d6ee,cl_027,2026-05-28 13:00:00,217.51,CAD,paid
po_8f34e743047c,cl_027,2026-05-29 13:00:00,466.61,CAD,paid
po_d9a52ca017c9,cl_027,2026-06-01 13:00:00,645.91,CAD,paid
po_7d324bc62d76,cl_027,2026-06-02 13:00:00,783.47,CAD,paid
po_87b0c12fb6e9,cl_027,2026-06-03 13:00:00,608.62,CAD,paid
po_408d49949c50,cl_027,2026-06-04 13:00:00,373.78,CAD,paid
po_48ff6aa0df73,cl_027,2026-06-05 13:00:00,494.58,CAD,paid
po_872e23e5e0be,cl_027,2026-06-08 13:00:00,179.59,CAD,paid
po_67f9911dc753,cl_027,2026-06-09 13:00:00,631.03,CAD,paid
po_1577af9cccec,cl_027,2026-06-10 13:00:00,329.29,CAD,paid
po_171961df57b5,cl_027,2026-06-11 13:00:00,216.09,CAD,paid
po_78ec5d34016e,cl_027,2026-06-12 13:00:00,109.25,CAD,paid
po_a7030b5e3ad2,cl_027,2026-06-15 13:00:00,92.23,CAD,paid
po_c55ac721ca42,cl_027,2026-06-16 13:00:00,534.45,CAD,paid
po_e9f24ce0d7ab,cl_027,2026-06-17 13:00:00,612.10,CAD,paid
po_78799958ca06,cl_027,2026-06-18 13:00:00,72.75,CAD,paid
po_df9511afa76f,cl_027,2026-06-19 13:00:00,378.66,CAD,paid
po_9cc9225563ac,cl_027,2026-06-23 13:00:00,410.29,CAD,paid
po_4d90f1568fcb,cl_027,2026-06-24 13:00:00,286.42,CAD,paid
po_61ffe831755d,cl_027,2026-06-25 13:00:00,302.85,CAD,paid
po_f0ecd5ec39ba,cl_027,2026-06-26 13:00:00,426.37,CAD,paid
po_1d9476eb6d6f,cl_027,2026-06-29 13:00:00,207.94,CAD,paid
po_1c8d5f08d765,cl_027,2026-06-30 13:00:00,182.00,CAD,paid
po_ac50390b79bd,cl_027,2026-07-01 13:00:00,145.80,CAD,paid
po_19e535e7f0d1,cl_027,2026-07-02 13:00:00,474.23,CAD,paid
po_7b8557135eb0,cl_027,2026-07-03 13:00:00,601.38,CAD,paid
po_1305a49f2ec8,cl_027,2026-07-06 13:00:00,291.30,CAD,paid
po_41e4790d2ff6,cl_027,2026-07-07 13:00:00,529.32,CAD,paid
po_742fa2f01d0b,cl_027,2026-07-08 13:00:00,451.71,CAD,paid
po_df42322d529c,cl_027,2026-07-09 13:00:00,591.64,CAD,paid
po_4e2b9286a600,cl_027,2026-07-13 13:00:00,369.22,CAD,paid
po_f9b11e19c67d,cl_027,2026-07-14 13:00:00,419.76,CAD,paid
po_61ce7d19a939,cl_027,2026-07-15 13:00:00,382.84,CAD,paid
po_b24531359f4a,cl_027,2026-07-16 13:00:00,106.84,CAD,paid
po_bdd75036d905,cl_027,2026-07-17 13:00:00,-118.12,CAD,paid
po_3c6b202228ca,cl_027,2026-07-20 13:00:00,465.88,CAD,paid
po_bf11ca6e11fe,cl_027,2026-07-21 13:00:00,471.10,CAD,paid
po_2ea758744958,cl_027,2026-07-22 13:00:00,184.46,CAD,paid
po_a88f37384253,cl_027,2026-07-23 13:00:00,638.74,CAD,paid
po_2d8895ba77b9,cl_027,2026-07-24 13:00:00,116.58,CAD,paid
po_74b737536121,cl_027,2026-07-27 13:00:00,380.29,CAD,paid
po_65fae51411fb,cl_027,2026-07-28 13:00:00,656.84,CAD,paid
po_95b48253d3de,cl_027,2026-07-29 13:00:00,226.09,CAD,paid
po_7738c8370745,cl_027,2026-07-30 13:00:00,222.34,CAD,paid
po_f48ac01c6192,cl_027,2026-07-31 13:00:00,199.07,CAD,paid
po_d59d25d45f30,cl_027,2026-08-03 13:00:00,642.48,CAD,paid
po_39f600efa29d,cl_027,2026-08-04 13:00:00,762.48,CAD,paid
po_d0e897bb058a,cl_027,2026-08-05 13:00:00,333.11,CAD,paid
po_411ee5edba4f,cl_027,2026-08-06 13:00:00,92.23,CAD,paid
po_79cd36698d23,cl_027,2026-08-07 13:00:00,599.01,CAD,paid
po_a2f80ab65054,cl_027,2026-08-11 13:00:00,777.62,CAD,paid
po_8635b12f9093,cl_027,2026-08-12 13:00:00,330.26,CAD,paid
po_02be2b735b8c,cl_027,2026-08-13 13:00:00,106.83,CAD,paid
po_d9284aa1c343,cl_027,2026-08-14 13:00:00,339.70,CAD,paid
po_9f76c14e77ec,cl_027,2026-08-17 13:00:00,193.21,CAD,paid
po_0651e8f0b26e,cl_027,2026-08-18 13:00:00,582.49,CAD,paid
po_423add1c13c5,cl_027,2026-08-19 13:00:00,276.69,CAD,paid
po_390694016f48,cl_027,2026-08-20 13:00:00,305.90,CAD,paid
po_83e4d77c9a71,cl_027,2026-08-21 13:00:00,251.41,CAD,paid
po_a00952c0c8bf,cl_027,2026-08-24 13:00:00,223.42,CAD,paid
po_44beb121f146,cl_027,2026-08-25 13:00:00,829.81,CAD,paid
po_6c3803dc84c5,cl_027,2026-08-26 13:00:00,74.25,CAD,paid
po_8d406cf7ab79,cl_027,2026-08-27 13:00:00,403.00,CAD,paid
po_83718d67cb9d,cl_027,2026-08-28 13:00:00,421.62,CAD,paid
po_e12f797774fc,cl_027,2026-08-31 13:00:00,179.59,CAD,paid
po_e88903f90468,cl_027,2026-09-01 13:00:00,402.21,CAD,paid
po_f941facad76d,cl_027,2026-09-02 13:00:00,784.59,CAD,paid
po_bc2d216cd4e8,cl_027,2026-09-03 13:00:00,394.77,CAD,paid
po_a83863a9e65e,cl_027,2026-09-04 13:00:00,72.75,CAD,paid
po_9f3b4d78f645,cl_027,2026-09-07 13:00:00,461.45,CAD,paid
po_babbd1788d6f,cl_027,2026-09-08 13:00:00,839.76,CAD,paid
po_79718d764be5,cl_027,2026-09-09 13:00:00,367.93,CAD,paid
po_74e45c3d3e3a,cl_027,2026-09-10 13:00:00,301.25,CAD,paid
po_24dbf9d70939,cl_027,2026-09-11 13:00:00,431.37,CAD,paid
po_5a58e83a1d2f,cl_027,2026-09-14 13:00:00,441.29,CAD,paid
po_bb2021d73fc7,cl_027,2026-09-15 13:00:00,655.38,CAD,paid
po_c08840b3c661,cl_027,2026-09-16 13:00:00,329.96,CAD,paid
po_2392eca832c0,cl_027,2026-09-17 13:00:00,402.57,CAD,paid
po_c042abaf06a3,cl_027,2026-09-18 13:00:00,262.37,CAD,paid
po_a05f4a7964ba,cl_027,2026-09-21 13:00:00,580.70,CAD,paid
po_26c224ae4dd4,cl_027,2026-09-22 13:00:00,589.89,CAD,paid
po_912e97f58df4,cl_027,2026-09-23 13:00:00,119.25,CAD,paid
po_c1bde5d54a99,cl_027,2026-09-24 13:00:00,320.52,CAD,paid
po_205d46598b74,cl_027,2026-09-25 13:00:00,164.98,CAD,paid
po_b856fa2fa450,cl_027,2026-09-28 13:00:00,201.48,CAD,paid
po_7d0334598a93,cl_027,2026-09-29 13:00:00,470.89,CAD,paid
po_b2de94ade9af,cl_027,2026-09-30 13:00:00,558.55,CAD,paid
po_42ce0e38f757,cl_027,2026-10-01 13:00:00,377.97,CAD,paid
po_e81fed6334a9,cl_027,2026-10-02 13:00:00,504.63,CAD,paid
po_fbaa8a067461,cl_027,2026-10-05 13:00:00,115.50,CAD,paid
po_af4bf2ca7951,cl_028,2026-04-03 13:00:00,402.05,CAD,paid
po_8e3e63c3e8b8,cl_028,2026-04-06 13:00:00,305.91,CAD,paid
po_2ea85e5f7c1a,cl_028,2026-04-07 13:00:00,199.07,CAD,paid
po_ab904b74ea4f,cl_028,2026-04-08 13:00:00,364.34,CAD,paid
po_d2c3dd140f3d,cl_028,2026-04-09 13:00:00,181.48,CAD,paid
po_f8ace31a345f,cl_028,2026-04-10 13:00:00,365.84,CAD,paid
po_8d474ab4d9c8,cl_028,2026-04-13 13:00:00,265.04,CAD,paid
po_509dae773a0b,cl_028,2026-04-14 13:00:00,452.44,CAD,paid
po_a327a8d8530d,cl_028,2026-04-15 13:00:00,92.23,CAD,paid
po_2f8662ab0659,cl_028,2026-04-16 13:00:00,394.32,CAD,paid
po_9f9228b32ce4,cl_028,2026-04-20 13:00:00,186.48,CAD,paid
po_5aedc3b152f6,cl_028,2026-04-21 13:00:00,454.11,CAD,paid
po_41e0955c68cf,cl_028,2026-04-22 13:00:00,201.48,CAD,paid
po_378df334a19b,cl_028,2026-04-24 13:00:00,145.80,CAD,paid
po_0f53b21aa55f,cl_028,2026-04-27 13:00:00,208.81,CAD,paid
po_c12d35c7da74,cl_028,2026-04-28 13:00:00,412.75,CAD,paid
po_10266a7843d8,cl_028,2026-04-29 13:00:00,72.75,CAD,paid
po_eda2cc25d561,cl_028,2026-04-30 13:00:00,339.99,CAD,paid
po_ab071315146e,cl_028,2026-05-01 13:00:00,663.71,CAD,paid
po_c871231f8f48,cl_028,2026-05-04 13:00:00,620.50,CAD,paid
po_e2193f2bfe57,cl_028,2026-05-05 13:00:00,595.26,CAD,paid
po_1c54198ca41d,cl_028,2026-05-06 13:00:00,296.17,CAD,paid
po_43d6ee6f8ac8,cl_028,2026-05-07 13:00:00,653.56,CAD,paid
po_cc628ccba150,cl_028,2026-05-08 13:00:00,72.75,CAD,paid
po_7f160314af7e,cl_028,2026-05-11 13:00:00,311.59,CAD,paid
po_5f0648cbcdec,cl_028,2026-05-12 13:00:00,513.67,CAD,paid
po_8253fdfdb94d,cl_028,2026-05-13 13:00:00,92.23,CAD,paid
po_e490ff40047b,cl_028,2026-05-14 13:00:00,218.55,CAD,paid
po_cc6d12f5ae72,cl_028,2026-05-15 13:00:00,72.75,CAD,paid
po_5318eef9f115,cl_028,2026-05-18 13:00:00,344.04,CAD,paid
po_dea4b536b5f3,cl_028,2026-05-19 13:00:00,786.61,CAD,paid
po_e53912f4ab2c,cl_028,2026-05-20 13:00:00,106.84,CAD,paid
po_398169884266,cl_028,2026-05-21 13:00:00,145.80,CAD,paid
po_6b1e3b336262,cl_028,2026-05-22 13:00:00,285.48,CAD,paid
po_3fce6e7784ca,cl_028,2026-05-25 13:00:00,262.38,CAD,paid
po_7b4ce730bbdc,cl_028,2026-05-26 13:00:00,499.23,CAD,paid
po_2830fc0d8567,cl_028,2026-05-27 13:00:00,541.21,CAD,paid
po_96a9d387f0c1,cl_028,2026-05-28 13:00:00,483.65,CAD,paid
po_88576b208669,cl_028,2026-05-29 13:00:00,119.25,CAD,paid
po_15f969085008,cl_028,2026-06-01 13:00:00,359.18,CAD,paid
po_e0f7bea1439f,cl_028,2026-06-02 13:00:00,549.23,CAD,paid
po_a0792961e477,cl_028,2026-06-03 13:00:00,226.09,CAD,paid
po_9846767f37fb,cl_028,2026-06-04 13:00:00,194.19,CAD,paid
po_7c2a0e0aa13a,cl_028,2026-06-05 13:00:00,218.54,CAD,paid
po_1caba26fe1d9,cl_028,2026-06-08 13:00:00,203.94,CAD,paid
po_6c640fbb277f,cl_028,2026-06-09 13:00:00,927.47,CAD,paid
po_76c814c355af,cl_028,2026-06-10 13:00:00,640.35,CAD,paid
po_cefd48867fd7,cl_028,2026-06-11 13:00:00,354.61,CAD,paid
po_9266bcd7e900,cl_028,2026-06-12 13:00:00,164.98,CAD,paid
po_f288d1c5d961,cl_028,2026-06-15 13:00:00,344.93,CAD,paid
po_4fb6a6549148,cl_028,2026-06-16 13:00:00,700.69,CAD,paid
po_ed65ca0a09b1,cl_028,2026-06-17 13:00:00,276.68,CAD,paid
po_1da5876ad5df,cl_028,2026-06-18 13:00:00,184.46,CAD,paid
po_ef59b542666d,cl_028,2026-06-22 13:00:00,105.85,CAD,paid
po_a3c2481b8208,cl_028,2026-06-23 13:00:00,613.84,CAD,paid
po_c28573727a73,cl_028,2026-06-24 13:00:00,250.43,CAD,paid
po_b8edc229eb65,cl_028,2026-06-25 13:00:00,208.81,CAD,paid
po_570d863409b4,cl_028,2026-06-26 13:00:00,226.47,CAD,paid
po_bf2638aa6797,cl_028,2026-06-29 13:00:00,109.25,CAD,paid
po_47821888fcf8,cl_028,2026-06-30 13:00:00,436.23,CAD,paid
po_9158e711de0c,cl_028,2026-07-01 13:00:00,164.12,CAD,paid
po_a708580d7e41,cl_028,2026-07-02 13:00:00,189.33,CAD,paid
po_580fcce74090,cl_028,2026-07-03 13:00:00,217.20,CAD,paid
po_76c4349d1606,cl_028,2026-07-06 13:00:00,388.39,CAD,paid
po_858d60b13941,cl_028,2026-07-07 13:00:00,374.09,CAD,paid
po_d4546fcdecdc,cl_028,2026-07-08 13:00:00,210.83,CAD,paid
po_0de18e62304c,cl_028,2026-07-10 13:00:00,147.00,CAD,paid
po_e64c7cc95be6,cl_028,2026-07-13 13:00:00,186.48,CAD,paid
po_23ead112e7f9,cl_028,2026-07-14 13:00:00,521.63,CAD,paid
po_57d44f4af5d1,cl_028,2026-07-15 13:00:00,241.25,CAD,paid
po_2cbab023c619,cl_028,2026-07-16 13:00:00,257.50,CAD,paid
po_45105e4d6a1b,cl_028,2026-07-17 13:00:00,454.38,CAD,paid
po_04f2e53584f3,cl_028,2026-07-20 13:00:00,503.02,CAD,paid
po_d85ab8890832,cl_028,2026-07-21 13:00:00,395.29,CAD,paid
po_5d9b544ddaf4,cl_028,2026-07-22 13:00:00,298.58,CAD,paid
po_080cc3297f34,cl_028,2026-07-23 13:00:00,166.48,CAD,paid
po_7498d177ee27,cl_028,2026-07-24 13:00:00,456.87,CAD,paid
po_8e5e374c3623,cl_028,2026-07-27 13:00:00,324.23,CAD,paid
po_43cdf532e137,cl_028,2026-07-28 13:00:00,485.80,CAD,paid
po_95e3a1b14fdb,cl_028,2026-07-29 13:00:00,285.44,CAD,paid
po_3c114afe46f0,cl_028,2026-07-30 13:00:00,262.38,CAD,paid
po_eeb9fb0eb61b,cl_028,2026-07-31 13:00:00,184.46,CAD,paid
po_3de811d81be1,cl_028,2026-08-03 13:00:00,72.75,CAD,paid
po_6e4b51493951,cl_028,2026-08-04 13:00:00,547.82,CAD,paid
po_505cb9e05418,cl_028,2026-08-05 13:00:00,293.71,CAD,paid
po_5701c1b3ad51,cl_028,2026-08-06 13:00:00,354.78,CAD,paid
po_005f588dc778,cl_028,2026-08-07 13:00:00,92.23,CAD,paid
po_66d66ff57f51,cl_028,2026-08-10 13:00:00,458.59,CAD,paid
po_e881d890b5a9,cl_028,2026-08-11 13:00:00,179.59,CAD,paid
po_7e34af46d395,cl_028,2026-08-12 13:00:00,429.35,CAD,paid
po_77cf1670a264,cl_028,2026-08-13 13:00:00,310.48,CAD,paid
po_d76f2b19924e,cl_028,2026-08-14 13:00:00,89.07,CAD,paid
po_256b7888e51f,cl_028,2026-08-17 13:00:00,194.19,CAD,paid
po_b13af27f7d0b,cl_028,2026-08-18 13:00:00,522.68,CAD,paid
po_b51ec2d2f7f8,cl_028,2026-08-19 13:00:00,271.82,CAD,paid
po_3eb9c422842c,cl_028,2026-08-20 13:00:00,149.25,CAD,paid
po_8726650ce1da,cl_028,2026-08-21 13:00:00,106.84,CAD,paid
po_f12435c995c0,cl_028,2026-08-24 13:00:00,272.33,CAD,paid
po_35874340c908,cl_028,2026-08-25 13:00:00,266.95,CAD,paid
po_162092041811,cl_028,2026-08-26 13:00:00,314.79,CAD,paid
po_ca76985bb9ab,cl_028,2026-08-27 13:00:00,273.32,CAD,paid
po_97e2ac1f9563,cl_028,2026-08-28 13:00:00,629.10,CAD,paid
po_2d2a7bc7ae08,cl_028,2026-08-31 13:00:00,484.93,CAD,paid
po_b9f0fcb231d0,cl_028,2026-09-01 13:00:00,434.46,CAD,paid
po_d36f83b2e48b,cl_028,2026-09-02 13:00:00,230.42,CAD,paid
po_c321743fad5a,cl_028,2026-09-03 13:00:00,395.58,CAD,paid
po_8e7b969378e8,cl_028,2026-09-04 13:00:00,367.02,CAD,paid
po_da47a0223b54,cl_028,2026-09-07 13:00:00,609.18,CAD,paid
po_3b67aa71e34a,cl_028,2026-09-08 13:00:00,199.18,CAD,paid
po_80567cd5bc96,cl_028,2026-09-09 13:00:00,155.54,CAD,paid
po_062879dde6a0,cl_028,2026-09-10 13:00:00,44.98,CAD,paid
po_e0d0a10384a6,cl_028,2026-09-11 13:00:00,84.72,CAD,paid
po_8d0d52233458,cl_028,2026-09-14 13:00:00,121.44,CAD,paid
po_646e2aa97946,cl_028,2026-09-15 13:00:00,673.01,CAD,paid
po_9bd3a1b5714a,cl_028,2026-09-16 13:00:00,387.18,CAD,paid
po_5f459878053e,cl_028,2026-09-18 13:00:00,194.19,CAD,paid
po_65918b409098,cl_028,2026-09-21 13:00:00,310.34,CAD,paid
po_b8acd0abadff,cl_028,2026-09-22 13:00:00,458.17,CAD,paid
po_bce756b13ea3,cl_028,2026-09-23 13:00:00,393.27,CAD,paid
po_80624fef710f,cl_028,2026-09-24 13:00:00,349.74,CAD,paid
po_27bcad300393,cl_028,2026-09-25 13:00:00,170.26,CAD,paid
po_623bdf469b4d,cl_028,2026-09-29 13:00:00,976.32,CAD,paid
po_d16919e83744,cl_028,2026-09-30 13:00:00,256.35,CAD,paid
po_477106cd4203,cl_028,2026-10-02 13:00:00,94.25,CAD,paid
po_e3189c69b215,cl_029,2026-04-03 13:00:00,184.46,CAD,paid
po_922ae60a39b4,cl_029,2026-04-06 13:00:00,211.48,CAD,paid
po_306701d67959,cl_029,2026-04-07 13:00:00,213.68,CAD,paid
po_11c362c5b99a,cl_029,2026-04-08 13:00:00,285.73,CAD,paid
po_c0a90c4caa46,cl_029,2026-04-09 13:00:00,106.84,CAD,paid
po_d0b82f8b6848,cl_029,2026-04-10 13:00:00,344.86,CAD,paid
po_cc10c59284b4,cl_029,2026-04-13 13:00:00,243.49,CAD,paid
po_63681227afcf,cl_029,2026-04-14 13:00:00,707.35,CAD,paid
po_3fcc6216acc4,cl_029,2026-04-15 13:00:00,94.25,CAD,paid
po_69d2bb04a9f9,cl_029,2026-04-16 13:00:00,247.77,CAD,paid
po_60ce4f5055f7,cl_029,2026-04-20 13:00:00,228.35,CAD,paid
po_a7a3e9bc75e8,cl_029,2026-04-21 13:00:00,210.83,CAD,paid
po_c8320bba2ed0,cl_029,2026-04-23 13:00:00,429.25,CAD,paid
po_330f6f12b543,cl_029,2026-04-24 13:00:00,72.75,CAD,paid
po_3b1baad8ed55,cl_029,2026-04-27 13:00:00,252.63,CAD,paid
po_7d4c3ce4ce86,cl_029,2026-04-28 13:00:00,83.94,CAD,paid
po_0aba9861669d,cl_029,2026-04-30 13:00:00,476.05,CAD,paid
po_fbc5a5a6b8ef,cl_029,2026-05-01 13:00:00,92.23,CAD,paid
po_805cc3aa0368,cl_029,2026-05-04 13:00:00,464.90,CAD,paid
po_fee18bef5cec,cl_029,2026-05-05 13:00:00,338.92,CAD,paid
po_3f8411801469,cl_029,2026-05-08 13:00:00,89.25,CAD,paid
po_e1d74632d06e,cl_029,2026-05-11 13:00:00,374.08,CAD,paid
po_5a7c5e24a99d,cl_029,2026-05-12 13:00:00,261.39,CAD,paid
po_a3324d756f6a,cl_029,2026-05-13 13:00:00,106.84,CAD,paid
po_e7cec150d068,cl_029,2026-05-14 13:00:00,164.98,CAD,paid
po_49502adcc350,cl_029,2026-05-18 13:00:00,239.23,CAD,paid
po_f0c2a6dea246,cl_029,2026-05-19 13:00:00,72.75,CAD,paid
po_ccbc45fb02db,cl_029,2026-05-20 13:00:00,217.19,CAD,paid
po_a8da043397a6,cl_029,2026-05-21 13:00:00,178.22,CAD,paid
po_a51a66d781a6,cl_029,2026-05-22 13:00:00,92.23,CAD,paid
po_b1d2fa7ce950,cl_029,2026-05-25 13:00:00,216.08,CAD,paid
po_d3b9d41f1324,cl_029,2026-05-26 13:00:00,106.84,CAD,paid
po_f6b95bc6e796,cl_029,2026-05-27 13:00:00,87.36,CAD,paid
po_8eee21a1bc40,cl_029,2026-05-28 13:00:00,39.47,CAD,paid
po_a0f18ce748a2,cl_029,2026-05-29 13:00:00,149.25,CAD,paid
po_5992f801cd81,cl_029,2026-06-01 13:00:00,285.08,CAD,paid
po_e1516226131c,cl_029,2026-06-02 13:00:00,271.63,CAD,paid
po_4b974761269f,cl_029,2026-06-03 13:00:00,106.84,CAD,paid
po_69c1511e84e7,cl_029,2026-06-04 13:00:00,72.75,CAD,paid
po_276853c98dd9,cl_029,2026-06-05 13:00:00,199.07,CAD,paid
po_942b1c0c2514,cl_029,2026-06-09 13:00:00,-49.37,CAD,paid
po_b7d2939ea68a,cl_029,2026-06-10 13:00:00,208.81,CAD,paid
po_8be6df75465d,cl_029,2026-06-11 13:00:00,111.70,CAD,paid
po_aaa311712433,cl_029,2026-06-12 13:00:00,362.94,CAD,paid
po_497e3592fb10,cl_029,2026-06-15 13:00:00,92.23,CAD,paid
po_3f7fa8ae8063,cl_029,2026-06-16 13:00:00,311.08,CAD,paid
po_18884ae4d738,cl_029,2026-06-17 13:00:00,92.23,CAD,paid
po_bb281632683c,cl_029,2026-06-18 13:00:00,72.75,CAD,paid
po_5836dc3fc8cf,cl_029,2026-06-19 13:00:00,335.13,CAD,paid
po_2c04421aa6ee,cl_029,2026-06-22 13:00:00,161.61,CAD,paid
po_a6d36bac0690,cl_029,2026-06-23 13:00:00,325.93,CAD,paid
po_8e9c8d4ab027,cl_029,2026-06-24 13:00:00,274.79,CAD,paid
po_4e535f0c57cf,cl_029,2026-06-25 13:00:00,228.29,CAD,paid
po_1cb0485e2bb4,cl_029,2026-06-29 13:00:00,106.84,CAD,paid
po_6f2791a7f674,cl_029,2026-06-30 13:00:00,93.68,CAD,paid
po_0f906d517f42,cl_029,2026-07-01 13:00:00,272.12,CAD,paid
po_52070ca20b47,cl_029,2026-07-02 13:00:00,194.20,CAD,paid
po_6de1947a3ca3,cl_029,2026-07-03 13:00:00,291.30,CAD,paid
po_3f4bc2e8bd76,cl_029,2026-07-06 13:00:00,43.36,CAD,paid
po_d384ecb432e3,cl_029,2026-07-07 13:00:00,204.79,CAD,paid
po_270437993189,cl_029,2026-07-08 13:00:00,74.25,CAD,paid
po_c10f7642a906,cl_029,2026-07-09 13:00:00,92.23,CAD,paid
po_4377531613fd,cl_029,2026-07-10 13:00:00,198.08,CAD,paid
po_fdc63a891b7a,cl_029,2026-07-14 13:00:00,635.80,CAD,paid
po_6685c4356b6e,cl_029,2026-07-15 13:00:00,274.79,CAD,paid
po_e86cf919c57a,cl_029,2026-07-16 13:00:00,183.60,CAD,paid
po_a2da26715afb,cl_029,2026-07-17 13:00:00,87.36,CAD,paid
po_28154b93317a,cl_029,2026-07-20 13:00:00,145.80,CAD,paid
po_d7f313f74178,cl_029,2026-07-21 13:00:00,239.74,CAD,paid
po_f7930c28de25,cl_029,2026-07-22 13:00:00,294.76,CAD,paid
po_6c9e25efbd3f,cl_029,2026-07-23 13:00:00,116.57,CAD,paid
po_934182dce59d,cl_029,2026-07-24 13:00:00,130.43,CAD,paid
po_3ffd0726e518,cl_029,2026-07-27 13:00:00,87.36,CAD,paid
po_20b8fd7f9cc7,cl_029,2026-07-28 13:00:00,92.23,CAD,paid
po_f331a28e8b03,cl_029,2026-07-29 13:00:00,325.38,CAD,paid
po_12171f686b62,cl_029,2026-07-30 13:00:00,106.84,CAD,paid
po_37493f66ee67,cl_029,2026-07-31 13:00:00,225.82,CAD,paid
po_c0b7a1cd7766,cl_029,2026-08-03 13:00:00,118.81,CAD,paid
po_6bde17841598,cl_029,2026-08-04 13:00:00,290.48,CAD,paid
po_dc58799e4b14,cl_029,2026-08-05 13:00:00,372.93,CAD,paid
po_b438a9525da9,cl_029,2026-08-07 13:00:00,109.25,CAD,paid
po_8c16cbe27db0,cl_029,2026-08-10 13:00:00,237.03,CAD,paid
po_86d51dc43a21,cl_029,2026-08-11 13:00:00,377.85,CAD,paid
po_c1e7748688f4,cl_029,2026-08-12 13:00:00,378.95,CAD,paid
po_44c75c4cc2ca,cl_029,2026-08-13 13:00:00,314.79,CAD,paid
po_440ac2f7036b,cl_029,2026-08-14 13:00:00,252.64,CAD,paid
po_4f0dfe497c04,cl_029,2026-08-17 13:00:00,274.23,CAD,paid
po_86db13eca54a,cl_029,2026-08-18 13:00:00,315.65,CAD,paid
po_7f609e34d43f,cl_029,2026-08-19 13:00:00,325.68,CAD,paid
po_e4a891ee7f46,cl_029,2026-08-20 13:00:00,155.54,CAD,paid
po_6450eb6dc714,cl_029,2026-08-21 13:00:00,199.07,CAD,paid
po_0c05eaba71e8,cl_029,2026-08-24 13:00:00,-184.99,CAD,paid
po_d61887311de4,cl_029,2026-08-25 13:00:00,255.29,CAD,paid
po_a6f2eb6ae839,cl_029,2026-08-26 13:00:00,94.25,CAD,paid
po_aa25be97c139,cl_029,2026-08-27 13:00:00,72.75,CAD,paid
po_a1c197e756fb,cl_029,2026-08-28 13:00:00,342.66,CAD,paid
po_fc8db34ecee0,cl_029,2026-08-31 13:00:00,74.25,CAD,paid
po_9a084af70526,cl_029,2026-09-01 13:00:00,325.39,CAD,paid
po_9d58921fcaee,cl_029,2026-09-02 13:00:00,220.05,CAD,paid
po_48303e18045e,cl_029,2026-09-03 13:00:00,72.75,CAD,paid
po_ea0335080550,cl_029,2026-09-04 13:00:00,355.19,CAD,paid
po_99f30d7b73a0,cl_029,2026-09-07 13:00:00,97.09,CAD,paid
po_4a5475cd8804,cl_029,2026-09-08 13:00:00,301.34,CAD,paid
po_bfb131cd53c3,cl_029,2026-09-10 13:00:00,164.98,CAD,paid
po_337e02d953bd,cl_029,2026-09-11 13:00:00,315.65,CAD,paid
po_3af3ddb32d0c,cl_029,2026-09-14 13:00:00,398.14,CAD,paid
po_439a8891bfc5,cl_029,2026-09-15 13:00:00,14.24,CAD,paid
po_a6233ceab818,cl_029,2026-09-16 13:00:00,378.66,CAD,paid
po_1ab260578fb2,cl_029,2026-09-17 13:00:00,182.00,CAD,paid
po_8e93efb58fba,cl_029,2026-09-18 13:00:00,74.25,CAD,paid
po_5294fe0f0346,cl_029,2026-09-22 13:00:00,257.50,CAD,paid
po_535bf42c37eb,cl_029,2026-09-23 13:00:00,106.84,CAD,paid
po_8b5f734fe3bd,cl_029,2026-09-24 13:00:00,327.28,CAD,paid
po_fb1f874949d2,cl_029,2026-09-25 13:00:00,252.63,CAD,paid
po_e4b9874a9106,cl_029,2026-09-28 13:00:00,220.04,CAD,paid
po_51a07238e4f6,cl_029,2026-09-29 13:00:00,522.18,CAD,paid
po_eddb3718714e,cl_029,2026-09-30 13:00:00,343.78,CAD,paid
po_ac9833fb8ab2,cl_029,2026-10-01 13:00:00,72.75,CAD,paid
po_3cdc4f9b052c,cl_030,2026-04-03 13:00:00,199.07,CAD,paid
po_ee4782695bc6,cl_030,2026-04-06 13:00:00,653.50,CAD,paid
po_ab5fe1db8866,cl_030,2026-04-07 13:00:00,479.58,CAD,paid
po_fff048acebbc,cl_030,2026-04-08 13:00:00,270.96,CAD,paid
po_d38dd5fabdcb,cl_030,2026-04-09 13:00:00,92.23,CAD,paid
po_e1fe7c387ddc,cl_030,2026-04-10 13:00:00,651.07,CAD,paid
po_681732b4c242,cl_030,2026-04-13 13:00:00,316.12,CAD,paid
po_4a38a8d39567,cl_030,2026-04-14 13:00:00,838.67,CAD,paid
po_e443e8594dcb,cl_030,2026-04-15 13:00:00,519.89,CAD,paid
po_b013775cde25,cl_030,2026-04-16 13:00:00,338.84,CAD,paid
po_9cbcff649c10,cl_030,2026-04-17 13:00:00,499.41,CAD,paid
po_590f814d0811,cl_030,2026-04-20 13:00:00,346.07,CAD,paid
po_e4d205f5b1e9,cl_030,2026-04-21 13:00:00,179.59,CAD,paid
po_64946f0837e4,cl_030,2026-04-22 13:00:00,198.08,CAD,paid
po_b59178e48fed,cl_030,2026-04-23 13:00:00,-3.16,CAD,paid
po_812e9ca222df,cl_030,2026-04-24 13:00:00,307.45,CAD,paid
po_fa946e6ab6b4,cl_030,2026-04-27 13:00:00,340.00,CAD,paid
po_5b186bcff3f9,cl_030,2026-04-28 13:00:00,333.69,CAD,paid
po_49552615ac41,cl_030,2026-04-29 13:00:00,487.52,CAD,paid
po_8f4641955398,cl_030,2026-04-30 13:00:00,448.86,CAD,paid
po_c5291140397a,cl_030,2026-05-01 13:00:00,670.68,CAD,paid
po_7e9055d160c0,cl_030,2026-05-04 13:00:00,364.34,CAD,paid
po_4368ca12ab0f,cl_030,2026-05-05 13:00:00,414.90,CAD,paid
po_c300df88d2e7,cl_030,2026-05-06 13:00:00,106.84,CAD,paid
po_7b34ecd8ddb4,cl_030,2026-05-07 13:00:00,260.82,CAD,paid
po_b7d2b5d79022,cl_030,2026-05-08 13:00:00,409.21,CAD,paid
po_1f432ca9271a,cl_030,2026-05-11 13:00:00,399.21,CAD,paid
po_648a0e99d44e,cl_030,2026-05-12 13:00:00,403.00,CAD,paid
po_43067b354da8,cl_030,2026-05-13 13:00:00,307.45,CAD,paid
po_c300ba78ec10,cl_030,2026-05-14 13:00:00,435.93,CAD,paid
po_f700a1be3a1b,cl_030,2026-05-15 13:00:00,276.69,CAD,paid
po_a19cf818a475,cl_030,2026-05-18 13:00:00,495.54,CAD,paid
po_cf6188dc61d9,cl_030,2026-05-19 13:00:00,542.94,CAD,paid
po_3dd3429d90e8,cl_030,2026-05-20 13:00:00,274.23,CAD,paid
po_3cd72fda8881,cl_030,2026-05-21 13:00:00,356.41,CAD,paid
po_1365fbbdbcd7,cl_030,2026-05-22 13:00:00,482.62,CAD,paid
po_3b133bbaf2f4,cl_030,2026-05-25 13:00:00,371.63,CAD,paid
po_e30fb15c9904,cl_030,2026-05-26 13:00:00,348.30,CAD,paid
po_40edc6efcd1d,cl_030,2026-05-27 13:00:00,92.23,CAD,paid
po_e5eeff68140e,cl_030,2026-05-28 13:00:00,452.44,CAD,paid
po_00b364824d3c,cl_030,2026-05-29 13:00:00,260.73,CAD,paid
po_d5a95f088d25,cl_030,2026-06-01 13:00:00,106.83,CAD,paid
po_ba950add76c9,cl_030,2026-06-02 13:00:00,443.17,CAD,paid
po_3e3ed4449865,cl_030,2026-06-03 13:00:00,288.84,CAD,paid
po_c39343904dc3,cl_030,2026-06-04 13:00:00,319.08,CAD,paid
po_e21e68ec15f3,cl_030,2026-06-05 13:00:00,324.71,CAD,paid
po_0da2a34207e7,cl_030,2026-06-08 13:00:00,480.18,CAD,paid
po_e7dfc450c503,cl_030,2026-06-09 13:00:00,489.69,CAD,paid
po_c3863684b6bd,cl_030,2026-06-10 13:00:00,72.75,CAD,paid
po_3eba504a0c71,cl_030,2026-06-11 13:00:00,333.69,CAD,paid
po_48d3358a05aa,cl_030,2026-06-12 13:00:00,72.75,CAD,paid
po_88ab1d1e27c8,cl_030,2026-06-15 13:00:00,581.90,CAD,paid
po_a48ffe212b40,cl_030,2026-06-16 13:00:00,208.81,CAD,paid
po_64fa75be6cf2,cl_030,2026-06-17 13:00:00,106.83,CAD,paid
po_93a307f30ed7,cl_030,2026-06-18 13:00:00,104.24,CAD,paid
po_76fe89a9b0fd,cl_030,2026-06-19 13:00:00,595.16,CAD,paid
po_3c6475944a37,cl_030,2026-06-22 13:00:00,507.39,CAD,paid
po_7bdc3a3f309c,cl_030,2026-06-23 13:00:00,284.04,CAD,paid
po_2b3345e7a684,cl_030,2026-06-24 13:00:00,432.23,CAD,paid
po_5897ac80f486,cl_030,2026-06-25 13:00:00,547.82,CAD,paid
po_d146fc137b88,cl_030,2026-06-26 13:00:00,196.61,CAD,paid
po_a0b240ce42fe,cl_030,2026-06-29 13:00:00,373.79,CAD,paid
po_1d72b85c930e,cl_030,2026-06-30 13:00:00,597.20,CAD,paid
po_8bb1e63b6b0a,cl_030,2026-07-01 13:00:00,92.23,CAD,paid
po_8e9a97b7695a,cl_030,2026-07-02 13:00:00,291.60,CAD,paid
po_69b25cdc9b4a,cl_030,2026-07-03 13:00:00,92.23,CAD,paid
po_86dcba2b0613,cl_030,2026-07-06 13:00:00,378.96,CAD,paid
po_58393bb4369c,cl_030,2026-07-07 13:00:00,346.14,CAD,paid
po_8f43982efad4,cl_030,2026-07-08 13:00:00,570.18,CAD,paid
po_9d849c1be696,cl_030,2026-07-09 13:00:00,731.42,CAD,paid
po_97ae090968d2,cl_030,2026-07-10 13:00:00,669.96,CAD,paid
po_ebf23750084b,cl_030,2026-07-13 13:00:00,308.31,CAD,paid
po_e6a64af23aad,cl_030,2026-07-14 13:00:00,364.05,CAD,paid
po_849fcea056d2,cl_030,2026-07-15 13:00:00,228.29,CAD,paid
po_222abb7e880b,cl_030,2026-07-16 13:00:00,416.46,CAD,paid
po_b22b6cdd2e94,cl_030,2026-07-17 13:00:00,312.75,CAD,paid
po_7924cc28b61e,cl_030,2026-07-20 13:00:00,92.23,CAD,paid
po_9b7101d69427,cl_030,2026-07-21 13:00:00,371.56,CAD,paid
po_62aa6b450dea,cl_030,2026-07-22 13:00:00,252.34,CAD,paid
po_a73a18a7072b,cl_030,2026-07-23 13:00:00,330.24,CAD,paid
po_7c7b0df39c6f,cl_030,2026-07-24 13:00:00,320.52,CAD,paid
po_ff5e9201e00c,cl_030,2026-07-27 13:00:00,185.62,CAD,paid
po_3c86347f43a6,cl_030,2026-07-28 13:00:00,228.29,CAD,paid
po_0520cfa0f580,cl_030,2026-07-29 13:00:00,474.18,CAD,paid
po_6ca4032cae82,cl_030,2026-07-30 13:00:00,-160.00,CAD,paid
po_b7026828900d,cl_030,2026-07-31 13:00:00,72.07,CAD,paid
po_5a906916a78f,cl_030,2026-08-03 13:00:00,303.45,CAD,paid
po_1ed336d61591,cl_030,2026-08-04 13:00:00,832.17,CAD,paid
po_8c2c3857af45,cl_030,2026-08-05 13:00:00,213.50,CAD,paid
po_4a9f209508e0,cl_030,2026-08-06 13:00:00,522.16,CAD,paid
po_194463771175,cl_030,2026-08-07 13:00:00,497.25,CAD,paid
po_f38d1a07c1f1,cl_030,2026-08-10 13:00:00,92.23,CAD,paid
po_6ee5e414be3e,cl_030,2026-08-11 13:00:00,50.98,CAD,paid
po_504c019c91f9,cl_030,2026-08-12 13:00:00,463.98,CAD,paid
po_5a259426831a,cl_030,2026-08-13 13:00:00,456.56,CAD,paid
po_660d8cc7ca71,cl_030,2026-08-14 13:00:00,320.52,CAD,paid
po_9ab983bb61e9,cl_030,2026-08-17 13:00:00,184.46,CAD,paid
po_7dfc194a95ee,cl_030,2026-08-18 13:00:00,427.36,CAD,paid
po_d6eb5d10e2c7,cl_030,2026-08-19 13:00:00,524.75,CAD,paid
po_0f95413f7a25,cl_030,2026-08-20 13:00:00,114.24,CAD,paid
po_facffdf48821,cl_030,2026-08-21 13:00:00,309.87,CAD,paid
po_97d9dc9438e7,cl_030,2026-08-24 13:00:00,246.91,CAD,paid
po_6f983706ee11,cl_030,2026-08-25 13:00:00,446.06,CAD,paid
po_d10cffc6ef70,cl_030,2026-08-26 13:00:00,640.45,CAD,paid
po_5a01b298b4b1,cl_030,2026-08-27 13:00:00,315.65,CAD,paid
po_bcbd9ead7858,cl_030,2026-08-28 13:00:00,838.69,CAD,paid
po_4e5732269d63,cl_030,2026-08-31 13:00:00,393.47,CAD,paid
po_a9422a552e0e,cl_030,2026-09-01 13:00:00,615.52,CAD,paid
po_130047256741,cl_030,2026-09-02 13:00:00,359.47,CAD,paid
po_05559cf4d13a,cl_030,2026-09-03 13:00:00,692.40,CAD,paid
po_927cfb27a611,cl_030,2026-09-04 13:00:00,348.16,CAD,paid
po_9ca4dd3040b0,cl_030,2026-09-07 13:00:00,711.91,CAD,paid
po_91fd2a8dea4c,cl_030,2026-09-08 13:00:00,814.22,CAD,paid
po_745e9152b3fa,cl_030,2026-09-09 13:00:00,349.44,CAD,paid
po_1d182422d7b7,cl_030,2026-09-10 13:00:00,332.96,CAD,paid
po_40d0152eedaf,cl_030,2026-09-11 13:00:00,473.85,CAD,paid
po_c80064287ad5,cl_030,2026-09-14 13:00:00,386.23,CAD,paid
po_0a3c35bd4405,cl_030,2026-09-15 13:00:00,365.44,CAD,paid
po_fee4836ebbf1,cl_030,2026-09-16 13:00:00,409.21,CAD,paid
po_209161251250,cl_030,2026-09-17 13:00:00,363.19,CAD,paid
po_e00817ce2f49,cl_030,2026-09-18 13:00:00,576.87,CAD,paid
po_a74d1f0fca92,cl_030,2026-09-21 13:00:00,196.61,CAD,paid
po_b3e5445600d5,cl_030,2026-09-22 13:00:00,761.32,CAD,paid
po_da887835e199,cl_030,2026-09-23 13:00:00,386.50,CAD,paid
po_599a4983446f,cl_030,2026-09-24 13:00:00,94.25,CAD,paid
po_f02dba04d625,cl_030,2026-09-25 13:00:00,228.29,CAD,paid
po_e504fa67b161,cl_030,2026-09-28 13:00:00,92.23,CAD,paid
po_b499f040481a,cl_030,2026-09-29 13:00:00,407.87,CAD,paid
po_96a0a6a5b96c,cl_030,2026-09-30 13:00:00,109.25,CAD,paid
po_c27d1a80c3d3,cl_030,2026-10-01 13:00:00,259.68,CAD,paid
po_ef0c53775ebf,cl_030,2026-10-02 13:00:00,281.56,CAD,paid
po_0249e153860b,cl_031,2026-04-03 13:00:00,411.62,CAD,paid
po_3dc9630e1315,cl_031,2026-04-06 13:00:00,155.54,CAD,paid
po_3896bb08339c,cl_031,2026-04-07 13:00:00,241.48,CAD,paid
po_c8564474e084,cl_031,2026-04-08 13:00:00,155.54,CAD,paid
po_219eb53d779b,cl_031,2026-04-09 13:00:00,109.25,CAD,paid
po_fdc1a8860888,cl_031,2026-04-10 13:00:00,199.07,CAD,paid
po_a3c4c96c974e,cl_031,2026-04-13 13:00:00,275.83,CAD,paid
po_1c92b82ee4e5,cl_031,2026-04-14 13:00:00,106.84,CAD,paid
po_ef167d11338a,cl_031,2026-04-15 13:00:00,317.75,CAD,paid
po_e60284c7f487,cl_031,2026-04-16 13:00:00,226.88,CAD,paid
po_36f00864bb60,cl_031,2026-04-17 13:00:00,159.25,CAD,paid
po_2e30b5102fc1,cl_031,2026-04-20 13:00:00,280.75,CAD,paid
po_b7cb97892cad,cl_031,2026-04-21 13:00:00,474.64,CAD,paid
po_33e3632a9a78,cl_031,2026-04-23 13:00:00,64.46,CAD,paid
po_2f91f59b5414,cl_031,2026-04-24 13:00:00,320.52,CAD,paid
po_0392e4b279f3,cl_031,2026-04-28 13:00:00,189.33,CAD,paid
po_0fad872e3408,cl_031,2026-04-29 13:00:00,296.17,CAD,paid
po_831041e68c87,cl_031,2026-04-30 13:00:00,312.27,CAD,paid
po_520c4df3ba8b,cl_031,2026-05-01 13:00:00,301.98,CAD,paid
po_9145ca4523c8,cl_031,2026-05-04 13:00:00,363.19,CAD,paid
po_e96cc8317657,cl_031,2026-05-05 13:00:00,247.76,CAD,paid
po_9609357dabd3,cl_031,2026-05-06 13:00:00,164.12,CAD,paid
po_7960f697b011,cl_031,2026-05-07 13:00:00,297.62,CAD,paid
po_9d6e217f80a5,cl_031,2026-05-08 13:00:00,317.67,CAD,paid
po_e26873671cea,cl_031,2026-05-11 13:00:00,293.32,CAD,paid
po_7d977dd60ae0,cl_031,2026-05-12 13:00:00,434.89,CAD,paid
po_9ed940a32a45,cl_031,2026-05-13 13:00:00,199.07,CAD,paid
po_b9fc6fe9bd1d,cl_031,2026-05-14 13:00:00,432.23,CAD,paid
po_896e680525c7,cl_031,2026-05-18 13:00:00,271.82,CAD,paid
po_01cee47ac41f,cl_031,2026-05-20 13:00:00,295.31,CAD,paid
po_b6ef7571d23f,cl_031,2026-05-21 13:00:00,242.09,CAD,paid
po_dcd8cd0b433b,cl_031,2026-05-22 13:00:00,223.42,CAD,paid
po_c3c59ccd05fa,cl_031,2026-05-25 13:00:00,494.54,CAD,paid
po_97ae48d2a07f,cl_031,2026-05-27 13:00:00,270.86,CAD,paid
po_3d26c51ca0d2,cl_031,2026-05-28 13:00:00,204.90,CAD,paid
po_90930408842f,cl_031,2026-05-29 13:00:00,221.31,CAD,paid
po_64ca0dd7afb9,cl_031,2026-06-01 13:00:00,94.25,CAD,paid
po_9c9db7fa6c89,cl_031,2026-06-02 13:00:00,551.76,CAD,paid
po_99360d803a7d,cl_031,2026-06-03 13:00:00,446.83,CAD,paid
po_540c699bdfc8,cl_031,2026-06-04 13:00:00,391.83,CAD,paid
po_801f37e95d72,cl_031,2026-06-05 13:00:00,330.26,CAD,paid
po_0e6edd7261e6,cl_031,2026-06-08 13:00:00,370.08,CAD,paid
po_59b458390a5f,cl_031,2026-06-09 13:00:00,154.10,CAD,paid
po_87fbf4d6d1f9,cl_031,2026-06-10 13:00:00,106.84,CAD,paid
po_3711983940ed,cl_031,2026-06-12 13:00:00,94.25,CAD,paid
po_dfaf4183ce8b,cl_031,2026-06-15 13:00:00,145.80,CAD,paid
po_0357d129929d,cl_031,2026-06-16 13:00:00,805.99,CAD,paid
po_b76190ff0e56,cl_031,2026-06-17 13:00:00,164.12,CAD,paid
po_5092b4ffa373,cl_031,2026-06-18 13:00:00,92.23,CAD,paid
po_f8e667c0f266,cl_031,2026-06-19 13:00:00,216.09,CAD,paid
po_591cd0e89e66,cl_031,2026-06-22 13:00:00,276.69,CAD,paid
po_50f1b5047710,cl_031,2026-06-23 13:00:00,189.33,CAD,paid
po_ed905c305c62,cl_031,2026-06-24 13:00:00,513.60,CAD,paid
po_bdfbb0290915,cl_031,2026-06-25 13:00:00,387.61,CAD,paid
po_26e5d3fa4a05,cl_031,2026-06-26 13:00:00,94.25,CAD,paid
po_27edfd3f5efd,cl_031,2026-06-29 13:00:00,179.59,CAD,paid
po_fc7526ec9109,cl_031,2026-06-30 13:00:00,340.00,CAD,paid
po_988f81af5b50,cl_031,2026-07-01 13:00:00,232.00,CAD,paid
po_f6487aee485d,cl_031,2026-07-03 13:00:00,92.23,CAD,paid
po_9f75bba7aa41,cl_031,2026-07-06 13:00:00,94.25,CAD,paid
po_246bdaf16852,cl_031,2026-07-07 13:00:00,475.18,CAD,paid
po_a8ed85102849,cl_031,2026-07-08 13:00:00,357.01,CAD,paid
po_32b60813f745,cl_031,2026-07-09 13:00:00,283.44,CAD,paid
po_67c11499d0b4,cl_031,2026-07-10 13:00:00,92.23,CAD,paid
po_1d07f2516134,cl_031,2026-07-13 13:00:00,398.14,CAD,paid
po_04b2e1b7366d,cl_031,2026-07-14 13:00:00,-120.00,CAD,paid
po_0ba2a026c465,cl_031,2026-07-15 13:00:00,94.25,CAD,paid
po_ec928509edfd,cl_031,2026-07-16 13:00:00,402.07,CAD,paid
po_81dc678e47d9,cl_031,2026-07-17 13:00:00,335.13,CAD,paid
po_65b182bf9023,cl_031,2026-07-20 13:00:00,199.07,CAD,paid
po_707b1c76da66,cl_031,2026-07-21 13:00:00,211.48,CAD,paid
po_59332432dc6e,cl_031,2026-07-22 13:00:00,182.00,CAD,paid
po_0697e01c9377,cl_031,2026-07-23 13:00:00,529.62,CAD,paid
po_b6355138b2b6,cl_031,2026-07-24 13:00:00,373.79,CAD,paid
po_519102d4857f,cl_031,2026-07-27 13:00:00,179.59,CAD,paid
po_95414f848ec0,cl_031,2026-07-28 13:00:00,281.56,CAD,paid
po_438d71860ea4,cl_031,2026-07-29 13:00:00,72.75,CAD,paid
po_dc7f40da14ee,cl_031,2026-07-30 13:00:00,526.55,CAD,paid
po_a52534fc6cf6,cl_031,2026-07-31 13:00:00,160.11,CAD,paid
po_82d769591307,cl_031,2026-08-03 13:00:00,295.16,CAD,paid
po_fea2e4c42917,cl_031,2026-08-04 13:00:00,455.30,CAD,paid
po_f090f2f3af01,cl_031,2026-08-05 13:00:00,404.16,CAD,paid
po_0cbb73e4a66b,cl_031,2026-08-06 13:00:00,178.60,CAD,paid
po_2bd26bf8816e,cl_031,2026-08-07 13:00:00,141.09,CAD,paid
po_6eac02cccd14,cl_031,2026-08-10 13:00:00,273.84,CAD,paid
po_29a40069c483,cl_031,2026-08-11 13:00:00,382.66,CAD,paid
po_e592067bfad6,cl_031,2026-08-12 13:00:00,-78.43,CAD,paid
po_f79042e05cbc,cl_031,2026-08-13 13:00:00,72.07,CAD,paid
po_0bc76673272f,cl_031,2026-08-14 13:00:00,308.50,CAD,paid
po_9496c44f5e47,cl_031,2026-08-17 13:00:00,94.25,CAD,paid
po_ea7329d582b2,cl_031,2026-08-18 13:00:00,403.31,CAD,paid
po_45f6f7aff802,cl_031,2026-08-19 13:00:00,332.27,CAD,paid
po_c0dfe6fcf3fb,cl_031,2026-08-20 13:00:00,439.50,CAD,paid
po_0078df1bce18,cl_031,2026-08-21 13:00:00,334.38,CAD,paid
po_a68fed7112e4,cl_031,2026-08-24 13:00:00,273.03,CAD,paid
po_08a2610d4ee1,cl_031,2026-08-25 13:00:00,206.99,CAD,paid
po_9da7ae7c1948,cl_031,2026-08-26 13:00:00,371.97,CAD,paid
po_0336da22547d,cl_031,2026-08-27 13:00:00,92.23,CAD,paid
po_590b2abd8561,cl_031,2026-08-28 13:00:00,453.72,CAD,paid
po_a05cd2c3585b,cl_031,2026-08-31 13:00:00,178.78,CAD,paid
po_86eed66b8dcd,cl_031,2026-09-01 13:00:00,354.61,CAD,paid
po_40242a615689,cl_031,2026-09-02 13:00:00,421.91,CAD,paid
po_2a0a6b8e64e3,cl_031,2026-09-03 13:00:00,99.97,CAD,paid
po_60ee10e57b32,cl_031,2026-09-04 13:00:00,386.36,CAD,paid
po_d0c44b44741b,cl_031,2026-09-07 13:00:00,106.84,CAD,paid
po_e7d4a87bc753,cl_031,2026-09-08 13:00:00,174.20,CAD,paid
po_81ff657fa1fd,cl_031,2026-09-09 13:00:00,346.10,CAD,paid
po_d7660b6624a1,cl_031,2026-09-10 13:00:00,199.07,CAD,paid
po_549a69202db2,cl_031,2026-09-11 13:00:00,247.77,CAD,paid
po_16f7b4b5eb2f,cl_031,2026-09-14 13:00:00,358.50,CAD,paid
po_ac38d9572433,cl_031,2026-09-15 13:00:00,160.11,CAD,paid
po_f82de8e6f74b,cl_031,2026-09-16 13:00:00,92.23,CAD,paid
po_6fff2493197d,cl_031,2026-09-17 13:00:00,456.52,CAD,paid
po_9b4371e752ab,cl_031,2026-09-18 13:00:00,274.23,CAD,paid
po_1a914f39e89f,cl_031,2026-09-21 13:00:00,179.59,CAD,paid
po_71cdfb5d7524,cl_031,2026-09-22 13:00:00,253.84,CAD,paid
po_e2958d0cd970,cl_031,2026-09-24 13:00:00,182.00,CAD,paid
po_3357387e048a,cl_031,2026-09-25 13:00:00,33.83,CAD,paid
po_e40c3eb51bdc,cl_031,2026-09-28 13:00:00,181.09,CAD,paid
po_e3fee3c8239e,cl_031,2026-09-29 13:00:00,287.17,CAD,paid
po_cddedae6edd3,cl_031,2026-09-30 13:00:00,335.13,CAD,paid
po_b6303e3ede08,cl_031,2026-10-01 13:00:00,533.39,CAD,paid
po_5d58ca95df6a,cl_031,2026-10-02 13:00:00,325.33,CAD,paid
po_7f902497bf0e,cl_032,2026-04-03 13:00:00,533.20,CAD,paid
po_781f47ef5ad1,cl_032,2026-04-06 13:00:00,276.69,CAD,paid
po_4f6ed4ff33a7,cl_032,2026-04-07 13:00:00,833.72,CAD,paid
po_197a66f88cb8,cl_032,2026-04-08 13:00:00,505.67,CAD,paid
po_cfb7a8f29d63,cl_032,2026-04-09 13:00:00,194.20,CAD,paid
po_9fc3fabaa927,cl_032,2026-04-10 13:00:00,310.78,CAD,paid
po_e78d72684bea,cl_032,2026-04-13 13:00:00,632.61,CAD,paid
po_8333d8248e32,cl_032,2026-04-14 13:00:00,178.16,CAD,paid
po_798c37b228ab,cl_032,2026-04-15 13:00:00,300.18,CAD,paid
po_b384a3e7f597,cl_032,2026-04-16 13:00:00,106.84,CAD,paid
po_53b8d812246c,cl_032,2026-04-17 13:00:00,412.74,CAD,paid
po_f17a5ad956f1,cl_032,2026-04-20 13:00:00,388.68,CAD,paid
po_60b41231303a,cl_032,2026-04-21 13:00:00,1046.01,CAD,paid
po_f73fc6d2bf06,cl_032,2026-04-22 13:00:00,395.59,CAD,paid
po_dc6ac01222d3,cl_032,2026-04-23 13:00:00,358.19,CAD,paid
po_9ea89941333d,cl_032,2026-04-24 13:00:00,373.43,CAD,paid
po_c8ddabbc6b10,cl_032,2026-04-27 13:00:00,264.79,CAD,paid
po_10a09963f2da,cl_032,2026-04-28 13:00:00,1177.62,CAD,paid
po_d3919f68c760,cl_032,2026-04-29 13:00:00,167.00,CAD,paid
po_bdf18e0d3043,cl_032,2026-04-30 13:00:00,1011.12,CAD,paid
po_f812d4b534b5,cl_032,2026-05-01 13:00:00,244.69,CAD,paid
po_33e7eec364cf,cl_032,2026-05-04 13:00:00,396.79,CAD,paid
po_1f0bad74913a,cl_032,2026-05-05 13:00:00,479.64,CAD,paid
po_2277ada07677,cl_032,2026-05-06 13:00:00,184.46,CAD,paid
po_0192a6c07b30,cl_032,2026-05-07 13:00:00,606.21,CAD,paid
po_0f41a44b656d,cl_032,2026-05-08 13:00:00,484.38,CAD,paid
po_51b24568fb78,cl_032,2026-05-11 13:00:00,203.93,CAD,paid
po_e93be429309c,cl_032,2026-05-12 13:00:00,849.64,CAD,paid
po_da6f8e76fe51,cl_032,2026-05-13 13:00:00,363.06,CAD,paid
po_ad769582045a,cl_032,2026-05-14 13:00:00,500.40,CAD,paid
po_03f87e45212a,cl_032,2026-05-15 13:00:00,285.62,CAD,paid
po_2c7792d9eb64,cl_032,2026-05-18 13:00:00,72.75,CAD,paid
po_8dcbbce17045,cl_032,2026-05-19 13:00:00,315.79,CAD,paid
po_a41a5901989b,cl_032,2026-05-20 13:00:00,199.07,CAD,paid
po_468558752c08,cl_032,2026-05-21 13:00:00,418.96,CAD,paid
po_57c8dd15d21d,cl_032,2026-05-22 13:00:00,155.54,CAD,paid
po_aa212fd5baf3,cl_032,2026-05-25 13:00:00,92.23,CAD,paid
po_4c5a89fec013,cl_032,2026-05-26 13:00:00,638.58,CAD,paid
po_53c5f47725ef,cl_032,2026-05-27 13:00:00,554.88,CAD,paid
po_869d8cf9965b,cl_032,2026-05-28 13:00:00,677.84,CAD,paid
po_c7b0497e25ef,cl_032,2026-05-29 13:00:00,383.53,CAD,paid
po_b2970b6f3001,cl_032,2026-06-01 13:00:00,597.20,CAD,paid
po_0e67ed3b5b73,cl_032,2026-06-02 13:00:00,529.67,CAD,paid
po_5005308d81ac,cl_032,2026-06-03 13:00:00,370.64,CAD,paid
po_8e3688b4d22e,cl_032,2026-06-04 13:00:00,484.59,CAD,paid
po_beeab36c2b46,cl_032,2026-06-05 13:00:00,529.52,CAD,paid
po_bcee560992fe,cl_032,2026-06-08 13:00:00,344.19,CAD,paid
po_aad200bfafef,cl_032,2026-06-09 13:00:00,676.69,CAD,paid
po_72de9877ccf2,cl_032,2026-06-10 13:00:00,445.76,CAD,paid
po_2a9cc5136095,cl_032,2026-06-11 13:00:00,285.73,CAD,paid
po_fcd506137f7d,cl_032,2026-06-12 13:00:00,184.46,CAD,paid
po_9b4cc61b5a14,cl_032,2026-06-15 13:00:00,611.36,CAD,paid
po_c4a581f6186b,cl_032,2026-06-16 13:00:00,704.56,CAD,paid
po_d1a93d98f8b4,cl_032,2026-06-17 13:00:00,523.49,CAD,paid
po_a1e47e688d55,cl_032,2026-06-18 13:00:00,179.59,CAD,paid
po_b2117108a855,cl_032,2026-06-19 13:00:00,442.03,CAD,paid
po_5ced5c3015d9,cl_032,2026-06-22 13:00:00,573.46,CAD,paid
po_c1ab78d16624,cl_032,2026-06-23 13:00:00,1199.94,CAD,paid
po_40addfd6ec4a,cl_032,2026-06-24 13:00:00,311.98,CAD,paid
po_d26186826c63,cl_032,2026-06-25 13:00:00,246.03,CAD,paid
po_68e0610f5eb8,cl_032,2026-06-26 13:00:00,586.10,CAD,paid
po_0948ba863e36,cl_032,2026-06-29 13:00:00,291.30,CAD,paid
po_24f35d2808ff,cl_032,2026-06-30 13:00:00,474.93,CAD,paid
po_39a6e0c77142,cl_032,2026-07-01 13:00:00,108.55,CAD,paid
po_99d4c389ac96,cl_032,2026-07-02 13:00:00,160.11,CAD,paid
po_f6020e31d11e,cl_032,2026-07-03 13:00:00,641.25,CAD,paid
po_f56c887e6624,cl_032,2026-07-06 13:00:00,285.25,CAD,paid
po_25fff8d578ae,cl_032,2026-07-07 13:00:00,713.24,CAD,paid
po_26103a4b41c5,cl_032,2026-07-08 13:00:00,581.94,CAD,paid
po_a6b6cef106e0,cl_032,2026-07-09 13:00:00,694.14,CAD,paid
po_e49496a2c811,cl_032,2026-07-10 13:00:00,420.74,CAD,paid
po_2794ae16f6a0,cl_032,2026-07-13 13:00:00,183.70,CAD,paid
po_8150a088509c,cl_032,2026-07-14 13:00:00,915.79,CAD,paid
po_242e3745b274,cl_032,2026-07-15 13:00:00,417.99,CAD,paid
po_58d98f9af478,cl_032,2026-07-16 13:00:00,245.31,CAD,paid
po_58e544d1f8c7,cl_032,2026-07-17 13:00:00,660.20,CAD,paid
po_8e8cdb232595,cl_032,2026-07-20 13:00:00,533.02,CAD,paid
po_b60a46ea45f9,cl_032,2026-07-21 13:00:00,550.54,CAD,paid
po_72b6c838a4d2,cl_032,2026-07-22 13:00:00,362.84,CAD,paid
po_2d13d99a80ba,cl_032,2026-07-23 13:00:00,520.59,CAD,paid
po_02afee9fd36e,cl_032,2026-07-24 13:00:00,767.60,CAD,paid
po_1f83c85e92da,cl_032,2026-07-27 13:00:00,485.90,CAD,paid
po_f6770bcf6145,cl_032,2026-07-28 13:00:00,995.18,CAD,paid
po_b8d6a1b90d56,cl_032,2026-07-29 13:00:00,192.27,CAD,paid
po_7baa4ef86c5b,cl_032,2026-07-30 13:00:00,414.46,CAD,paid
po_df018b55ba13,cl_032,2026-07-31 13:00:00,399.35,CAD,paid
po_e00108966c61,cl_032,2026-08-03 13:00:00,280.69,CAD,paid
po_c37083cbfc9a,cl_032,2026-08-04 13:00:00,903.25,CAD,paid
po_5fcfba02ff1b,cl_032,2026-08-05 13:00:00,708.92,CAD,paid
po_6ec4cec8c994,cl_032,2026-08-06 13:00:00,658.44,CAD,paid
po_43c34117f93c,cl_032,2026-08-07 13:00:00,-4.15,CAD,paid
po_c771076712d8,cl_032,2026-08-10 13:00:00,325.39,CAD,paid
po_9074501a3e0b,cl_032,2026-08-11 13:00:00,369.21,CAD,paid
po_2d592b72b3a2,cl_032,2026-08-12 13:00:00,609.34,CAD,paid
po_e09625df9819,cl_032,2026-08-13 13:00:00,247.77,CAD,paid
po_2b5032942d6a,cl_032,2026-08-14 13:00:00,437.96,CAD,paid
po_856381a8b339,cl_032,2026-08-17 13:00:00,702.38,CAD,paid
po_ecbaa0e65291,cl_032,2026-08-18 13:00:00,942.00,CAD,paid
po_a378d0147549,cl_032,2026-08-19 13:00:00,208.81,CAD,paid
po_cf19500cf847,cl_032,2026-08-20 13:00:00,91.37,CAD,paid
po_c75a9c542683,cl_032,2026-08-21 13:00:00,475.07,CAD,paid
po_7c6d4414ce01,cl_032,2026-08-24 13:00:00,684.57,CAD,paid
po_4148ad046d17,cl_032,2026-08-25 13:00:00,863.00,CAD,paid
po_e30ec2e8d6c6,cl_032,2026-08-26 13:00:00,201.22,CAD,paid
po_2174068c5fb9,cl_032,2026-08-27 13:00:00,275.99,CAD,paid
po_37a70c0c2031,cl_032,2026-08-28 13:00:00,440.96,CAD,paid
po_846c63fd3fc7,cl_032,2026-08-31 13:00:00,524.46,CAD,paid
po_fc017ae659a8,cl_032,2026-09-01 13:00:00,1090.36,CAD,paid
po_2edb10535d0a,cl_032,2026-09-02 13:00:00,626.42,CAD,paid
po_797fc8cc98f7,cl_032,2026-09-03 13:00:00,354.59,CAD,paid
po_ce8cb87d5d3d,cl_032,2026-09-04 13:00:00,651.33,CAD,paid
po_718a8f3e6f64,cl_032,2026-09-07 13:00:00,776.92,CAD,paid
po_180c08a97441,cl_032,2026-09-08 13:00:00,508.98,CAD,paid
po_a709ed30d5e4,cl_032,2026-09-09 13:00:00,581.06,CAD,paid
po_94267ff0a5ff,cl_032,2026-09-10 13:00:00,451.41,CAD,paid
po_ea1e8afc70cc,cl_032,2026-09-11 13:00:00,546.99,CAD,paid
po_51f354078e6a,cl_032,2026-09-14 13:00:00,290.48,CAD,paid
po_edc5690b1fa6,cl_032,2026-09-15 13:00:00,525.51,CAD,paid
po_38f39f25bf7d,cl_032,2026-09-16 13:00:00,176.61,CAD,paid
po_6bef7f1e82e3,cl_032,2026-09-17 13:00:00,767.06,CAD,paid
po_d107656ab0c5,cl_032,2026-09-18 13:00:00,425.51,CAD,paid
po_c60939e978bf,cl_032,2026-09-21 13:00:00,325.38,CAD,paid
po_6821a75afb04,cl_032,2026-09-22 13:00:00,817.85,CAD,paid
po_6736f98c4952,cl_032,2026-09-23 13:00:00,673.02,CAD,paid
po_811d2abda5ab,cl_032,2026-09-24 13:00:00,483.29,CAD,paid
po_6f6e7f74388d,cl_032,2026-09-25 13:00:00,-32.23,CAD,paid
po_d2c423321f6d,cl_032,2026-09-28 13:00:00,839.66,CAD,paid
po_89b026c35fbf,cl_032,2026-09-29 13:00:00,572.09,CAD,paid
po_df1b3800bc8c,cl_032,2026-09-30 13:00:00,259.23,CAD,paid
po_2bcce64aa28d,cl_032,2026-10-01 13:00:00,539.37,CAD,paid
po_8f673e134660,cl_032,2026-10-02 13:00:00,420.58,CAD,paid
po_8742a456cd41,cl_032,2026-10-05 13:00:00,-36.96,CAD,paid
po_e99c0461f175,cl_033,2026-04-03 13:00:00,623.78,CAD,paid
po_968c1e2f9d3a,cl_033,2026-04-06 13:00:00,210.83,CAD,paid
po_095b336f1094,cl_033,2026-04-07 13:00:00,462.65,CAD,paid
po_ea8a6d74ecae,cl_033,2026-04-08 13:00:00,200.10,CAD,paid
po_043b2668e162,cl_033,2026-04-09 13:00:00,343.02,CAD,paid
po_6b507de8bf67,cl_033,2026-04-10 13:00:00,109.25,CAD,paid
po_d2dd62539287,cl_033,2026-04-13 13:00:00,216.09,CAD,paid
po_48e1f30a336d,cl_033,2026-04-14 13:00:00,510.74,CAD,paid
po_d8c1d790e699,cl_033,2026-04-15 13:00:00,205.01,CAD,paid
po_c8d255616f9d,cl_033,2026-04-16 13:00:00,363.27,CAD,paid
po_66ed4660882d,cl_033,2026-04-17 13:00:00,252.64,CAD,paid
po_7914d7f1f34a,cl_033,2026-04-20 13:00:00,398.44,CAD,paid
po_1d31aadc97ec,cl_033,2026-04-21 13:00:00,728.40,CAD,paid
po_e9f96999dc9f,cl_033,2026-04-22 13:00:00,726.36,CAD,paid
po_906afa6b4208,cl_033,2026-04-23 13:00:00,127.17,CAD,paid
po_b0ebf689ee29,cl_033,2026-04-24 13:00:00,369.22,CAD,paid
po_6da225081177,cl_033,2026-04-27 13:00:00,417.91,CAD,paid
po_473c8dc7c6a7,cl_033,2026-04-28 13:00:00,333.45,CAD,paid
po_c5f29f96bb4e,cl_033,2026-04-29 13:00:00,520.56,CAD,paid
po_4b0ffe69e7d9,cl_033,2026-04-30 13:00:00,607.55,CAD,paid
po_6e28082db71d,cl_033,2026-05-01 13:00:00,458.47,CAD,paid
po_40fdd6746763,cl_033,2026-05-04 13:00:00,106.84,CAD,paid
po_225ffb8cdb75,cl_033,2026-05-05 13:00:00,442.84,CAD,paid
po_29ebb3459d13,cl_033,2026-05-06 13:00:00,553.68,CAD,paid
po_7f57bbab8347,cl_033,2026-05-07 13:00:00,738.42,CAD,paid
po_78f4f865ab60,cl_033,2026-05-08 13:00:00,74.25,CAD,paid
po_615c247c1e20,cl_033,2026-05-11 13:00:00,449.10,CAD,paid
po_d091cc66cb07,cl_033,2026-05-12 13:00:00,383.53,CAD,paid
po_d65326928b3d,cl_033,2026-05-13 13:00:00,644.78,CAD,paid
po_c644b4d8a91c,cl_033,2026-05-14 13:00:00,456.26,CAD,paid
po_5cacd024006b,cl_033,2026-05-15 13:00:00,424.60,CAD,paid
po_9d470bbd2773,cl_033,2026-05-18 13:00:00,378.65,CAD,paid
po_63c2ca7a9d78,cl_033,2026-05-19 13:00:00,685.57,CAD,paid
po_12d3b8bd4f87,cl_033,2026-05-20 13:00:00,264.79,CAD,paid
po_3c83973e19f8,cl_033,2026-05-21 13:00:00,285.07,CAD,paid
po_1a6d90c7bdc7,cl_033,2026-05-22 13:00:00,223.42,CAD,paid
po_c2229b9bce40,cl_033,2026-05-25 13:00:00,145.50,CAD,paid
po_4927489083f4,cl_033,2026-05-26 13:00:00,290.65,CAD,paid
po_d1a17b9a83c0,cl_033,2026-05-27 13:00:00,376.81,CAD,paid
po_b18fc5d30f9b,cl_033,2026-05-28 13:00:00,258.71,CAD,paid
po_8c96c5817117,cl_033,2026-05-29 13:00:00,178.72,CAD,paid
po_b66ed7d90899,cl_033,2026-06-01 13:00:00,134.24,CAD,paid
po_679523668cdf,cl_033,2026-06-02 13:00:00,502.13,CAD,paid
po_6b7d802786c6,cl_033,2026-06-03 13:00:00,595.17,CAD,paid
po_d343696ac86e,cl_033,2026-06-04 13:00:00,166.48,CAD,paid
po_3d0f95e6bbdf,cl_033,2026-06-05 13:00:00,731.28,CAD,paid
po_fd18813d6969,cl_033,2026-06-08 13:00:00,435.28,CAD,paid
po_05ed68c32f79,cl_033,2026-06-09 13:00:00,533.62,CAD,paid
po_ecc09e0a6b05,cl_033,2026-06-10 13:00:00,194.19,CAD,paid
po_73dca47708c6,cl_033,2026-06-11 13:00:00,577.54,CAD,paid
po_dff811c7329e,cl_033,2026-06-12 13:00:00,398.09,CAD,paid
po_b8900e77b2ba,cl_033,2026-06-15 13:00:00,466.32,CAD,paid
po_e7f15852da55,cl_033,2026-06-16 13:00:00,578.03,CAD,paid
po_ecd3908a7434,cl_033,2026-06-17 13:00:00,222.43,CAD,paid
po_bcfe26c11bdd,cl_033,2026-06-18 13:00:00,208.80,CAD,paid
po_acfbf94207d6,cl_033,2026-06-19 13:00:00,288.45,CAD,paid
po_5a10f10d3110,cl_033,2026-06-22 13:00:00,183.60,CAD,paid
po_165bacfd3dc1,cl_033,2026-06-23 13:00:00,550.81,CAD,paid
po_0bb6cd51cef4,cl_033,2026-06-24 13:00:00,486.37,CAD,paid
po_2c89ddec68e0,cl_033,2026-06-25 13:00:00,388.40,CAD,paid
po_49239bda31e7,cl_033,2026-06-26 13:00:00,195.10,CAD,paid
po_607cb2eb451b,cl_033,2026-06-29 13:00:00,216.09,CAD,paid
po_95d5b906e0fa,cl_033,2026-06-30 13:00:00,622.82,CAD,paid
po_1a1bb6cb0add,cl_033,2026-07-01 13:00:00,223.41,CAD,paid
po_8f4a77f9fb53,cl_033,2026-07-02 13:00:00,451.70,CAD,paid
po_ff56867460e7,cl_033,2026-07-03 13:00:00,484.64,CAD,paid
po_02c651002c37,cl_033,2026-07-06 13:00:00,208.81,CAD,paid
po_823fb792d729,cl_033,2026-07-07 13:00:00,624.21,CAD,paid
po_a654afe7c7e3,cl_033,2026-07-08 13:00:00,247.77,CAD,paid
po_23d471f15819,cl_033,2026-07-09 13:00:00,631.59,CAD,paid
po_fd4c3d308534,cl_033,2026-07-10 13:00:00,382.84,CAD,paid
po_38bb43ef1cc7,cl_033,2026-07-13 13:00:00,92.23,CAD,paid
po_fd10eb605497,cl_033,2026-07-14 13:00:00,491.37,CAD,paid
po_05a19a781bf8,cl_033,2026-07-15 13:00:00,685.23,CAD,paid
po_6844c8be97e2,cl_033,2026-07-16 13:00:00,-53.16,CAD,paid
po_f8e9a242d6e1,cl_033,2026-07-17 13:00:00,397.15,CAD,paid
po_335f8c51e4e8,cl_033,2026-07-20 13:00:00,417.62,CAD,paid
po_d10fef785356,cl_033,2026-07-21 13:00:00,503.66,CAD,paid
po_ab32d25888f9,cl_033,2026-07-22 13:00:00,586.68,CAD,paid
po_f5e283848d48,cl_033,2026-07-23 13:00:00,689.73,CAD,paid
po_7c6baec63824,cl_033,2026-07-24 13:00:00,344.00,CAD,paid
po_bd8d8c63ddc1,cl_033,2026-07-27 13:00:00,241.08,CAD,paid
po_20def051b659,cl_033,2026-07-28 13:00:00,665.39,CAD,paid
po_a02e04336dbd,cl_033,2026-07-29 13:00:00,334.30,CAD,paid
po_c4914dd6a874,cl_033,2026-07-30 13:00:00,540.27,CAD,paid
po_a784d3ce10df,cl_033,2026-07-31 13:00:00,390.73,CAD,paid
po_234945d2584e,cl_033,2026-08-03 13:00:00,106.84,CAD,paid
po_6e63f495cb39,cl_033,2026-08-04 13:00:00,481.51,CAD,paid
po_883f181a3b19,cl_033,2026-08-05 13:00:00,475.02,CAD,paid
po_e3ca8d1f56ac,cl_033,2026-08-06 13:00:00,412.75,CAD,paid
po_1947750eb132,cl_033,2026-08-07 13:00:00,221.07,CAD,paid
po_21dfe2f08432,cl_033,2026-08-10 13:00:00,310.48,CAD,paid
po_b6d9addbdb9d,cl_033,2026-08-11 13:00:00,647.57,CAD,paid
po_f9995426be55,cl_033,2026-08-12 13:00:00,686.59,CAD,paid
po_07e73d923ac6,cl_033,2026-08-13 13:00:00,155.54,CAD,paid
po_506bff84384c,cl_033,2026-08-17 13:00:00,469.84,CAD,paid
po_4028e5bd5271,cl_033,2026-08-18 13:00:00,248.08,CAD,paid
po_6d5a4e1e60e5,cl_033,2026-08-19 13:00:00,174.71,CAD,paid
po_ce01e240ad29,cl_033,2026-08-21 13:00:00,354.61,CAD,paid
po_8a52ebff667d,cl_033,2026-08-24 13:00:00,646.31,CAD,paid
po_b372557a3606,cl_033,2026-08-25 13:00:00,750.53,CAD,paid
po_f7ee34add6ec,cl_033,2026-08-26 13:00:00,92.23,CAD,paid
po_0130c18d8f8f,cl_033,2026-08-27 13:00:00,495.24,CAD,paid
po_8428410dcadc,cl_033,2026-08-28 13:00:00,766.48,CAD,paid
po_3c5835b0b767,cl_033,2026-08-31 13:00:00,170.14,CAD,paid
po_9c85bb8b55d6,cl_033,2026-09-01 13:00:00,1099.07,CAD,paid
po_872fceae58d5,cl_033,2026-09-02 13:00:00,434.95,CAD,paid
po_25be30b7bd02,cl_033,2026-09-03 13:00:00,205.95,CAD,paid
po_481ffbd52211,cl_033,2026-09-04 13:00:00,262.38,CAD,paid
po_f7def4ad6cdc,cl_033,2026-09-07 13:00:00,532.77,CAD,paid
po_1f41fa052c89,cl_033,2026-09-08 13:00:00,818.98,CAD,paid
po_11f71004b288,cl_033,2026-09-09 13:00:00,559.02,CAD,paid
po_cde175bf775c,cl_033,2026-09-10 13:00:00,355.12,CAD,paid
po_b9781293fab4,cl_033,2026-09-11 13:00:00,211.48,CAD,paid
po_7cb9a8c2634d,cl_033,2026-09-14 13:00:00,238.03,CAD,paid
po_42b351cc4618,cl_033,2026-09-15 13:00:00,389.47,CAD,paid
po_26f053f46c08,cl_033,2026-09-16 13:00:00,372.95,CAD,paid
po_80fb070eee0f,cl_033,2026-09-17 13:00:00,417.62,CAD,paid
po_f5de7394865f,cl_033,2026-09-18 13:00:00,367.14,CAD,paid
po_70c473863f4b,cl_033,2026-09-21 13:00:00,212.69,CAD,paid
po_059f3ccd0141,cl_033,2026-09-22 13:00:00,646.49,CAD,paid
po_195e2fb1be85,cl_033,2026-09-23 13:00:00,234.56,CAD,paid
po_6c5e041761f9,cl_033,2026-09-24 13:00:00,182.00,CAD,paid
po_b82c81e18f25,cl_033,2026-09-25 13:00:00,296.17,CAD,paid
po_cf77a9cfdd0e,cl_033,2026-09-29 13:00:00,765.79,CAD,paid
po_c985b5ba2645,cl_033,2026-09-30 13:00:00,225.83,CAD,paid
po_f6d32d25e1e7,cl_033,2026-10-01 13:00:00,160.11,CAD,paid
po_948233c56458,cl_033,2026-10-02 13:00:00,417.91,CAD,paid
po_1e3e926dc88e,cl_033,2026-10-05 13:00:00,179.59,CAD,paid
po_201705ab6ad7,cl_034,2026-04-03 13:00:00,222.43,CAD,paid
po_a4fd28e4e644,cl_034,2026-04-07 13:00:00,330.26,CAD,paid
po_dc667b587d3b,cl_034,2026-04-08 13:00:00,116.58,CAD,paid
po_9903a9c07979,cl_034,2026-04-09 13:00:00,257.21,CAD,paid
po_25fcb78b0b65,cl_034,2026-04-10 13:00:00,72.75,CAD,paid
po_00a5894d2bd4,cl_034,2026-04-13 13:00:00,145.50,CAD,paid
po_48a13066e405,cl_034,2026-04-14 13:00:00,380.16,CAD,paid
po_aef9a5443047,cl_034,2026-04-15 13:00:00,194.20,CAD,paid
po_9fc8cadfd1c7,cl_034,2026-04-16 13:00:00,106.84,CAD,paid
po_f3564eb05962,cl_034,2026-04-17 13:00:00,106.84,CAD,paid
po_0809a3279245,cl_034,2026-04-20 13:00:00,393.56,CAD,paid
po_39536d79365f,cl_034,2026-04-21 13:00:00,348.31,CAD,paid
po_0d2d5526a554,cl_034,2026-04-22 13:00:00,144.82,CAD,paid
po_d357f96a9653,cl_034,2026-04-23 13:00:00,193.39,CAD,paid
po_304736058685,cl_034,2026-04-24 13:00:00,109.25,CAD,paid
po_b76a59dbb5fe,cl_034,2026-04-27 13:00:00,208.81,CAD,paid
po_48c282426bfc,cl_034,2026-04-28 13:00:00,383.53,CAD,paid
po_601c8e094374,cl_034,2026-04-29 13:00:00,199.07,CAD,paid
po_40795fe011a0,cl_034,2026-04-30 13:00:00,360.83,CAD,paid
po_ad822eab82b8,cl_034,2026-05-01 13:00:00,87.36,CAD,paid
po_16d987ef9d03,cl_034,2026-05-05 13:00:00,465.32,CAD,paid
po_ac813d1d7d55,cl_034,2026-05-06 13:00:00,92.23,CAD,paid
po_76e30872a9f9,cl_034,2026-05-07 13:00:00,226.09,CAD,paid
po_6f174e83d2f3,cl_034,2026-05-08 13:00:00,106.84,CAD,paid
po_282583a2b7d8,cl_034,2026-05-11 13:00:00,199.07,CAD,paid
po_79d434947c26,cl_034,2026-05-12 13:00:00,418.78,CAD,paid
po_9cfd0156dc8f,cl_034,2026-05-13 13:00:00,92.23,CAD,paid
po_867a098b0a4d,cl_034,2026-05-14 13:00:00,262.37,CAD,paid
po_83cb0c4bf722,cl_034,2026-05-15 13:00:00,348.46,CAD,paid
po_c2240d52b7a9,cl_034,2026-05-18 13:00:00,116.58,CAD,paid
po_9c92a423a53d,cl_034,2026-05-19 13:00:00,259.23,CAD,paid
po_5d093721b14c,cl_034,2026-05-20 13:00:00,383.53,CAD,paid
po_d20309b51a36,cl_034,2026-05-21 13:00:00,369.22,CAD,paid
po_e685d662fa38,cl_034,2026-05-22 13:00:00,72.75,CAD,paid
po_3e6f6ebebe2c,cl_034,2026-05-25 13:00:00,72.75,CAD,paid
po_3704a5f16d56,cl_034,2026-05-26 13:00:00,328.98,CAD,paid
po_d3780b5b9182,cl_034,2026-05-27 13:00:00,131.18,CAD,paid
po_5b7f90e36071,cl_034,2026-05-28 13:00:00,164.12,CAD,paid
po_7a4cd9d4f13b,cl_034,2026-05-29 13:00:00,202.85,CAD,paid
po_dc08350e5e7c,cl_034,2026-06-01 13:00:00,414.77,CAD,paid
po_6d8f40fbc39e,cl_034,2026-06-02 13:00:00,240.05,CAD,paid
po_7c4790323e4b,cl_034,2026-06-03 13:00:00,252.34,CAD,paid
po_0e898c25e157,cl_034,2026-06-04 13:00:00,179.59,CAD,paid
po_8704228cd2a8,cl_034,2026-06-05 13:00:00,201.99,CAD,paid
po_c742168cab75,cl_034,2026-06-08 13:00:00,354.89,CAD,paid
po_183acc4f842e,cl_034,2026-06-09 13:00:00,228.28,CAD,paid
po_f2e9c7aa4f51,cl_034,2026-06-10 13:00:00,275.83,CAD,paid
po_f64ac46d01d0,cl_034,2026-06-11 13:00:00,166.48,CAD,paid
po_8d3f10f9ca56,cl_034,2026-06-12 13:00:00,272.12,CAD,paid
po_fcf2caff01bd,cl_034,2026-06-15 13:00:00,91.37,CAD,paid
po_f52c95fad4a0,cl_034,2026-06-16 13:00:00,542.28,CAD,paid
po_f1b783d5d716,cl_034,2026-06-17 13:00:00,116.58,CAD,paid
po_c52ccfb69f67,cl_034,2026-06-18 13:00:00,99.69,CAD,paid
po_4c7b811320be,cl_034,2026-06-19 13:00:00,145.80,CAD,paid
po_dcbc57b90784,cl_034,2026-06-22 13:00:00,362.75,CAD,paid
po_8f3276ab80a7,cl_034,2026-06-23 13:00:00,278.49,CAD,paid
po_40d7b2cb1132,cl_034,2026-06-24 13:00:00,116.58,CAD,paid
po_bd1c5bf7d4ff,cl_034,2026-06-25 13:00:00,72.75,CAD,paid
po_09218d8f5782,cl_034,2026-06-26 13:00:00,201.09,CAD,paid
po_da4a8c906c31,cl_034,2026-06-29 13:00:00,149.24,CAD,paid
po_6dd87bfaed2c,cl_034,2026-06-30 13:00:00,286.42,CAD,paid
po_cc5d73f842d6,cl_034,2026-07-01 13:00:00,186.48,CAD,paid
po_fbaafd33170b,cl_034,2026-07-02 13:00:00,199.07,CAD,paid
po_dfa462f11cbb,cl_034,2026-07-03 13:00:00,94.25,CAD,paid
po_962aa12a1b0a,cl_034,2026-07-06 13:00:00,134.24,CAD,paid
po_fdd2f7ad5365,cl_034,2026-07-07 13:00:00,92.23,CAD,paid
po_8bfa2ca3a498,cl_034,2026-07-08 13:00:00,390.78,CAD,paid
po_1e4a20c99837,cl_034,2026-07-09 13:00:00,285.75,CAD,paid
po_9926f885e5ad,cl_034,2026-07-10 13:00:00,178.60,CAD,paid
po_d7673a06e565,cl_034,2026-07-13 13:00:00,328.06,CAD,paid
po_a7235a8ccc82,cl_034,2026-07-14 13:00:00,377.80,CAD,paid
po_13a4f614cc65,cl_034,2026-07-15 13:00:00,247.77,CAD,paid
po_644c7336e3e8,cl_034,2026-07-16 13:00:00,154.79,CAD,paid
po_eb886468ec17,cl_034,2026-07-17 13:00:00,94.25,CAD,paid
po_b046b9850e84,cl_034,2026-07-20 13:00:00,242.90,CAD,paid
po_848dbb69caeb,cl_034,2026-07-21 13:00:00,161.61,CAD,paid
po_c61db2b18d6b,cl_034,2026-07-22 13:00:00,92.23,CAD,paid
po_d745df12cbc7,cl_034,2026-07-23 13:00:00,247.77,CAD,paid
po_bfbd1f6240f2,cl_034,2026-07-24 13:00:00,106.84,CAD,paid
po_18895f9da30d,cl_034,2026-07-27 13:00:00,212.69,CAD,paid
po_95f19b62f7c1,cl_034,2026-07-28 13:00:00,424.04,CAD,paid
po_80a3f394e6a3,cl_034,2026-07-30 13:00:00,417.60,CAD,paid
po_28a8281790c9,cl_034,2026-08-03 13:00:00,311.08,CAD,paid
po_e7a6066e6a03,cl_034,2026-08-04 13:00:00,194.19,CAD,paid
po_1fc8c1a50533,cl_034,2026-08-05 13:00:00,344.97,CAD,paid
po_ec13eddd753e,cl_034,2026-08-06 13:00:00,241.48,CAD,paid
po_5791d0f1670f,cl_034,2026-08-07 13:00:00,211.48,CAD,paid
po_bbd4f7f18252,cl_034,2026-08-10 13:00:00,183.60,CAD,paid
po_3be24fa0aec9,cl_034,2026-08-11 13:00:00,397.65,CAD,paid
po_8bced727d647,cl_034,2026-08-12 13:00:00,238.02,CAD,paid
po_c3a5e71b0c22,cl_034,2026-08-13 13:00:00,179.59,CAD,paid
po_33f4250ae464,cl_034,2026-08-17 13:00:00,179.58,CAD,paid
po_2c5239906bf1,cl_034,2026-08-18 13:00:00,454.78,CAD,paid
po_253770db1078,cl_034,2026-08-19 13:00:00,325.39,CAD,paid
po_5ba0f63d9ae1,cl_034,2026-08-20 13:00:00,72.75,CAD,paid
po_1308c2a0b7cb,cl_034,2026-08-21 13:00:00,145.50,CAD,paid
po_f19e19526745,cl_034,2026-08-24 13:00:00,165.62,CAD,paid
po_205672e38fc0,cl_034,2026-08-25 13:00:00,316.68,CAD,paid
po_f72a8114fa4c,cl_034,2026-08-26 13:00:00,271.14,CAD,paid
po_9bf10345afb1,cl_034,2026-08-27 13:00:00,74.25,CAD,paid
po_28d4a530a0f6,cl_034,2026-08-28 13:00:00,92.23,CAD,paid
po_4deda6ff49bd,cl_034,2026-09-01 13:00:00,510.15,CAD,paid
po_2fa8b63bbbad,cl_034,2026-09-02 13:00:00,223.42,CAD,paid
po_3191501bee1b,cl_034,2026-09-04 13:00:00,225.82,CAD,paid
po_b0270806336e,cl_034,2026-09-07 13:00:00,257.50,CAD,paid
po_a7d7837a5dc2,cl_034,2026-09-08 13:00:00,131.85,CAD,paid
po_f4224e5f0b81,cl_034,2026-09-09 13:00:00,253.84,CAD,paid
po_f09fd6d5b507,cl_034,2026-09-11 13:00:00,213.68,CAD,paid
po_71f3ee92bc47,cl_034,2026-09-14 13:00:00,179.58,CAD,paid
po_a5960aab19cb,cl_034,2026-09-15 13:00:00,302.48,CAD,paid
po_175e86b63d5f,cl_034,2026-09-16 13:00:00,251.66,CAD,paid
po_bb6bfdbf4a7e,cl_034,2026-09-17 13:00:00,199.07,CAD,paid
po_37494c000f9f,cl_034,2026-09-18 13:00:00,211.47,CAD,paid
po_6799437e0304,cl_034,2026-09-21 13:00:00,92.23,CAD,paid
po_7e98229038ee,cl_034,2026-09-22 13:00:00,92.23,CAD,paid
po_069b67c21e7f,cl_034,2026-09-23 13:00:00,152.77,CAD,paid
po_ab3b09290f9b,cl_034,2026-09-24 13:00:00,106.84,CAD,paid
po_a30a7a156173,cl_034,2026-09-28 13:00:00,201.09,CAD,paid
po_033836ae4b8b,cl_034,2026-09-29 13:00:00,180.62,CAD,paid
po_1c8c2495c482,cl_034,2026-09-30 13:00:00,92.23,CAD,paid
po_fc1c798955d1,cl_034,2026-10-01 13:00:00,299.90,CAD,paid
po_a97717bc3089,cl_034,2026-10-02 13:00:00,181.60,CAD,paid
po_96934e7d8d0e,cl_034,2026-10-05 13:00:00,106.84,CAD,paid
po_548eb271fab8,cl_035,2026-04-03 13:00:00,218.55,CAD,paid
po_b3ee89df8a4a,cl_035,2026-04-06 13:00:00,200.10,CAD,paid
po_4210d4c2e325,cl_035,2026-04-07 13:00:00,398.09,CAD,paid
po_c3f9c4ac8027,cl_035,2026-04-08 13:00:00,396.23,CAD,paid
po_ddb091fba6c2,cl_035,2026-04-09 13:00:00,155.54,CAD,paid
po_d84568d4201d,cl_035,2026-04-10 13:00:00,208.81,CAD,paid
po_8385f99b8497,cl_035,2026-04-13 13:00:00,155.54,CAD,paid
po_004353ef86bb,cl_035,2026-04-14 13:00:00,241.48,CAD,paid
po_83d98047f775,cl_035,2026-04-15 13:00:00,265.83,CAD,paid
po_d0a9ce107613,cl_035,2026-04-16 13:00:00,89.25,CAD,paid
po_7c3779cfe55d,cl_035,2026-04-17 13:00:00,194.20,CAD,paid
po_ad5a3ae4e0be,cl_035,2026-04-20 13:00:00,155.54,CAD,paid
po_b91caadfc030,cl_035,2026-04-21 13:00:00,499.43,CAD,paid
po_20cc56f0c687,cl_035,2026-04-22 13:00:00,179.59,CAD,paid
po_08fd470b4bc7,cl_035,2026-04-24 13:00:00,184.46,CAD,paid
po_084164738abf,cl_035,2026-04-27 13:00:00,155.54,CAD,paid
po_6949e043b48a,cl_035,2026-04-28 13:00:00,232.08,CAD,paid
po_9cae63a20d15,cl_035,2026-04-29 13:00:00,233.16,CAD,paid
po_3860291d4216,cl_035,2026-04-30 13:00:00,240.23,CAD,paid
po_6fc49db4d7a4,cl_035,2026-05-01 13:00:00,185.62,CAD,paid
po_4775cca48e01,cl_035,2026-05-04 13:00:00,211.48,CAD,paid
po_e1b0edf854ba,cl_035,2026-05-05 13:00:00,693.65,CAD,paid
po_249e1527ca3d,cl_035,2026-05-06 13:00:00,184.46,CAD,paid
po_425534f4313e,cl_035,2026-05-07 13:00:00,264.77,CAD,paid
po_19f82f393804,cl_035,2026-05-08 13:00:00,326.24,CAD,paid
po_71e2996246b0,cl_035,2026-05-11 13:00:00,92.23,CAD,paid
po_8ff1c40fbc59,cl_035,2026-05-12 13:00:00,509.16,CAD,paid
po_3dbc9a763b6e,cl_035,2026-05-13 13:00:00,167.00,CAD,paid
po_377a2cf2b277,cl_035,2026-05-14 13:00:00,352.60,CAD,paid
po_38d9eedf2bfa,cl_035,2026-05-15 13:00:00,164.98,CAD,paid
po_58257cb92bf7,cl_035,2026-05-18 13:00:00,400.81,CAD,paid
po_3eb5c117ae1f,cl_035,2026-05-19 13:00:00,273.25,CAD,paid
po_e56fa6a1c073,cl_035,2026-05-20 13:00:00,376.88,CAD,paid
po_d3e910ffcebc,cl_035,2026-05-21 13:00:00,194.20,CAD,paid
po_887be0587b51,cl_035,2026-05-22 13:00:00,241.46,CAD,paid
po_e4b1d4f37456,cl_035,2026-05-26 13:00:00,472.07,CAD,paid
po_df4021a2fd83,cl_035,2026-05-27 13:00:00,272.12,CAD,paid
po_099ccfde239a,cl_035,2026-05-28 13:00:00,199.07,CAD,paid
po_2c03fa8293c1,cl_035,2026-05-29 13:00:00,226.08,CAD,paid
po_a37ca3b30306,cl_035,2026-06-01 13:00:00,106.84,CAD,paid
po_6d6857f5674b,cl_035,2026-06-02 13:00:00,599.23,CAD,paid
po_9dc8ab4d4570,cl_035,2026-06-03 13:00:00,145.80,CAD,paid
po_478c7e7c68f6,cl_035,2026-06-05 13:00:00,212.69,CAD,paid
po_06e2347dc077,cl_035,2026-06-08 13:00:00,274.13,CAD,paid
po_25125c3731c8,cl_035,2026-06-09 13:00:00,430.88,CAD,paid
po_6b2673fdc909,cl_035,2026-06-10 13:00:00,174.72,CAD,paid
po_51783837580f,cl_035,2026-06-11 13:00:00,92.23,CAD,paid
po_4585f5a730ed,cl_035,2026-06-12 13:00:00,213.68,CAD,paid
po_3fd5ac2bd829,cl_035,2026-06-15 13:00:00,94.25,CAD,paid
po_85f9b78503c5,cl_035,2026-06-16 13:00:00,501.27,CAD,paid
po_00af61c14993,cl_035,2026-06-18 13:00:00,265.04,CAD,paid
po_7612d05d7540,cl_035,2026-06-19 13:00:00,116.58,CAD,paid
po_0f12a8019bfd,cl_035,2026-06-22 13:00:00,349.74,CAD,paid
po_87c8d2b3b379,cl_035,2026-06-23 13:00:00,743.65,CAD,paid
po_f18a6a3fdfa6,cl_035,2026-06-24 13:00:00,208.50,CAD,paid
po_8e2321b7035c,cl_035,2026-06-25 13:00:00,164.98,CAD,paid
po_17eecd30407f,cl_035,2026-06-26 13:00:00,256.35,CAD,paid
po_d46b18419e9d,cl_035,2026-06-29 13:00:00,89.25,CAD,paid
po_938c923e5260,cl_035,2026-06-30 13:00:00,106.84,CAD,paid
po_fd1f541b85b2,cl_035,2026-07-01 13:00:00,199.07,CAD,paid
po_fb828f0ad042,cl_035,2026-07-02 13:00:00,92.23,CAD,paid
po_48e7e929457c,cl_035,2026-07-03 13:00:00,97.09,CAD,paid
po_0c473a4bc57e,cl_035,2026-07-06 13:00:00,119.24,CAD,paid
po_1fc51b483d23,cl_035,2026-07-07 13:00:00,594.16,CAD,paid
po_5a44f1ed5c99,cl_035,2026-07-08 13:00:00,184.46,CAD,paid
po_6721764b5baa,cl_035,2026-07-09 13:00:00,415.61,CAD,paid
po_014021f54b7d,cl_035,2026-07-10 13:00:00,249.79,CAD,paid
po_3568bda79a45,cl_035,2026-07-13 13:00:00,298.18,CAD,paid
po_a2e1a345f317,cl_035,2026-07-14 13:00:00,437.10,CAD,paid
po_1baaedd16464,cl_035,2026-07-15 13:00:00,310.78,CAD,paid
po_24dfeb5c4a92,cl_035,2026-07-16 13:00:00,203.25,CAD,paid
po_2f1b8b9132c1,cl_035,2026-07-17 13:00:00,213.68,CAD,paid
po_93cf8739c1ec,cl_035,2026-07-20 13:00:00,155.54,CAD,paid
po_5e22e2f4ddb4,cl_035,2026-07-21 13:00:00,216.09,CAD,paid
po_5bb183352917,cl_035,2026-07-22 13:00:00,299.99,CAD,paid
po_7a4ea005879e,cl_035,2026-07-23 13:00:00,331.45,CAD,paid
po_65df53687cc1,cl_035,2026-07-27 13:00:00,114.60,CAD,paid
po_97677ec65857,cl_035,2026-07-28 13:00:00,489.54,CAD,paid
po_476141e7622c,cl_035,2026-07-29 13:00:00,155.54,CAD,paid
po_b85ca41ce24c,cl_035,2026-07-30 13:00:00,371.33,CAD,paid
po_924480f3a158,cl_035,2026-07-31 13:00:00,106.84,CAD,paid
po_4b1ec9afd390,cl_035,2026-08-03 13:00:00,262.38,CAD,paid
po_c762c9c571f8,cl_035,2026-08-04 13:00:00,646.53,CAD,paid
po_af123c30fbe1,cl_035,2026-08-05 13:00:00,87.36,CAD,paid
po_7033bd70aa9c,cl_035,2026-08-06 13:00:00,155.54,CAD,paid
po_e4cb3f7629e6,cl_035,2026-08-07 13:00:00,398.43,CAD,paid
po_3296b78b0dd2,cl_035,2026-08-10 13:00:00,383.53,CAD,paid
po_722ef4eb3719,cl_035,2026-08-11 13:00:00,218.28,CAD,paid
po_f487b648282f,cl_035,2026-08-12 13:00:00,282.69,CAD,paid
po_ee1f5dbe6f7e,cl_035,2026-08-13 13:00:00,502.49,CAD,paid
po_e6445a9fcbf4,cl_035,2026-08-14 13:00:00,324.53,CAD,paid
po_588e08fc901d,cl_035,2026-08-17 13:00:00,110.80,CAD,paid
po_7cd2ebcb05dc,cl_035,2026-08-18 13:00:00,473.48,CAD,paid
po_1353eb05263d,cl_035,2026-08-19 13:00:00,631.58,CAD,paid
po_9025446e5a59,cl_035,2026-08-20 13:00:00,231.08,CAD,paid
po_4774616b2657,cl_035,2026-08-21 13:00:00,-57.77,CAD,paid
po_e89c86e990c8,cl_035,2026-08-25 13:00:00,618.57,CAD,paid
po_3664d8dc3a99,cl_035,2026-08-26 13:00:00,299.99,CAD,paid
po_4c98430c9b75,cl_035,2026-08-27 13:00:00,92.23,CAD,paid
po_0ab93cbe5639,cl_035,2026-08-28 13:00:00,312.79,CAD,paid
po_a5963679a9c5,cl_035,2026-08-31 13:00:00,-90.74,CAD,paid
po_07728dd4520c,cl_035,2026-09-01 13:00:00,1016.10,CAD,paid
po_98d2c754458b,cl_035,2026-09-02 13:00:00,494.12,CAD,paid
po_c9e17a52154b,cl_035,2026-09-03 13:00:00,398.13,CAD,paid
po_122778487409,cl_035,2026-09-04 13:00:00,92.23,CAD,paid
po_29901920b97f,cl_035,2026-09-07 13:00:00,257.21,CAD,paid
po_4ed027434e00,cl_035,2026-09-08 13:00:00,342.26,CAD,paid
po_8c7c6aa3cdd1,cl_035,2026-09-09 13:00:00,317.81,CAD,paid
po_78eea2dbf3d4,cl_035,2026-09-10 13:00:00,277.29,CAD,paid
po_56080e65c459,cl_035,2026-09-11 13:00:00,238.32,CAD,paid
po_c34b86be379a,cl_035,2026-09-14 13:00:00,450.06,CAD,paid
po_8ca00175f618,cl_035,2026-09-15 13:00:00,653.19,CAD,paid
po_50e5e5388991,cl_035,2026-09-16 13:00:00,-75.00,CAD,paid
po_f8088f6fcd04,cl_035,2026-09-17 13:00:00,177.92,CAD,paid
po_241a6fdbddab,cl_035,2026-09-18 13:00:00,684.98,CAD,paid
po_441213c7bb68,cl_035,2026-09-21 13:00:00,334.45,CAD,paid
po_9ea74da2806f,cl_035,2026-09-22 13:00:00,659.82,CAD,paid
po_b0c6d89e9edb,cl_035,2026-09-23 13:00:00,247.77,CAD,paid
po_f15c08c0d787,cl_035,2026-09-24 13:00:00,188.50,CAD,paid
po_46e27007cf62,cl_035,2026-09-25 13:00:00,353.26,CAD,paid
po_77207ee35528,cl_035,2026-09-28 13:00:00,155.54,CAD,paid
po_238d3cf7a641,cl_035,2026-09-29 13:00:00,106.84,CAD,paid
po_e0acfe4a07e6,cl_035,2026-10-01 13:00:00,116.58,CAD,paid
po_25b57c3ea5a6,cl_035,2026-10-02 13:00:00,643.06,CAD,paid
po_2b1d08c8e1b0,cl_036,2026-04-06 13:00:00,92.23,CAD,paid
po_0500b7a1bdde,cl_036,2026-04-07 13:00:00,276.68,CAD,paid
po_7135e62e25f4,cl_036,2026-04-08 13:00:00,106.84,CAD,paid
po_df0ecd9f72b5,cl_036,2026-04-09 13:00:00,92.23,CAD,paid
po_1682dc1bf60c,cl_036,2026-04-10 13:00:00,149.25,CAD,paid
po_48620e76df9f,cl_036,2026-04-13 13:00:00,160.40,CAD,paid
po_15d2800d6b28,cl_036,2026-04-14 13:00:00,238.03,CAD,paid
po_26794f3c48f7,cl_036,2026-04-15 13:00:00,119.24,CAD,paid
po_27c3cf6d97f2,cl_036,2026-04-16 13:00:00,106.84,CAD,paid
po_5e7a47c58e9e,cl_036,2026-04-17 13:00:00,238.02,CAD,paid
po_c5e0a04e8c7b,cl_036,2026-04-20 13:00:00,129.97,CAD,paid
po_6e0a9c31dcfe,cl_036,2026-04-21 13:00:00,291.30,CAD,paid
po_67f579f9cef7,cl_036,2026-04-23 13:00:00,183.60,CAD,paid
po_2af1e9c01d73,cl_036,2026-04-24 13:00:00,6.11,CAD,paid
po_1d35369d5c00,cl_036,2026-04-27 13:00:00,87.36,CAD,paid
po_c856a522c3f1,cl_036,2026-04-28 13:00:00,92.23,CAD,paid
po_88d11aee57c3,cl_036,2026-04-29 13:00:00,198.07,CAD,paid
po_7676cd45aab9,cl_036,2026-04-30 13:00:00,256.09,CAD,paid
po_5fef83cb7d4e,cl_036,2026-05-01 13:00:00,94.25,CAD,paid
po_5e7f0b65229b,cl_036,2026-05-05 13:00:00,106.84,CAD,paid
po_4ee6f83af716,cl_036,2026-05-06 13:00:00,60.31,CAD,paid
po_209e1c33ed86,cl_036,2026-05-07 13:00:00,109.25,CAD,paid
po_72881e916ce6,cl_036,2026-05-08 13:00:00,72.75,CAD,paid
po_468aaf51614c,cl_036,2026-05-12 13:00:00,398.14,CAD,paid
po_f08ce4e9049a,cl_036,2026-05-13 13:00:00,91.37,CAD,paid
po_59932a27854f,cl_036,2026-05-14 13:00:00,92.23,CAD,paid
po_ce62d995ae9b,cl_036,2026-05-15 13:00:00,266.14,CAD,paid
po_c520fef4a0b0,cl_036,2026-05-18 13:00:00,223.42,CAD,paid
po_509010d37a8b,cl_036,2026-05-19 13:00:00,208.81,CAD,paid
po_8b534c217277,cl_036,2026-05-20 13:00:00,145.80,CAD,paid
po_66a6e9e5d389,cl_036,2026-05-21 13:00:00,43.10,CAD,paid
po_0b6a78589633,cl_036,2026-05-25 13:00:00,106.84,CAD,paid
po_24aab6f7d415,cl_036,2026-05-26 13:00:00,203.50,CAD,paid
po_f4844f0710dc,cl_036,2026-05-28 13:00:00,72.75,CAD,paid
po_6877bc01ad17,cl_036,2026-05-29 13:00:00,106.84,CAD,paid
po_1d9168e167e2,cl_036,2026-06-01 13:00:00,184.46,CAD,paid
po_b935fefb1ba6,cl_036,2026-06-02 13:00:00,72.75,CAD,paid
po_fffef81f0532,cl_036,2026-06-03 13:00:00,72.75,CAD,paid
po_aac3fe2c75b6,cl_036,2026-06-04 13:00:00,164.98,CAD,paid
po_356be939b14c,cl_036,2026-06-05 13:00:00,226.47,CAD,paid
po_8a98a2f66cb5,cl_036,2026-06-08 13:00:00,92.23,CAD,paid
po_c61e5e9c6b8e,cl_036,2026-06-11 13:00:00,105.85,CAD,paid
po_5c8e7a584a0f,cl_036,2026-06-12 13:00:00,155.54,CAD,paid
po_2179302289f2,cl_036,2026-06-15 13:00:00,72.75,CAD,paid
po_b694a5231337,cl_036,2026-06-16 13:00:00,262.38,CAD,paid
po_7232f51c9603,cl_036,2026-06-18 13:00:00,92.23,CAD,paid
po_8e436f8b68cc,cl_036,2026-06-19 13:00:00,194.20,CAD,paid
po_762fc53de1c2,cl_036,2026-06-22 13:00:00,106.83,CAD,paid
po_7e734f5da3da,cl_036,2026-06-25 13:00:00,72.75,CAD,paid
po_4d736530ba0f,cl_036,2026-06-26 13:00:00,215.10,CAD,paid
po_8b87302bc392,cl_036,2026-06-29 13:00:00,106.84,CAD,paid
po_41860f7a5db9,cl_036,2026-06-30 13:00:00,145.80,CAD,paid
po_7f4c880e4430,cl_036,2026-07-01 13:00:00,228.28,CAD,paid
po_5f71e95fd970,cl_036,2026-07-02 13:00:00,247.77,CAD,paid
po_cfe726bb9b96,cl_036,2026-07-03 13:00:00,91.37,CAD,paid
po_e1d53a2fd273,cl_036,2026-07-06 13:00:00,92.23,CAD,paid
po_31d039df623c,cl_036,2026-07-07 13:00:00,184.46,CAD,paid
po_5b74f4fdd858,cl_036,2026-07-08 13:00:00,185.62,CAD,paid
po_2189420ab757,cl_036,2026-07-09 13:00:00,131.18,CAD,paid
po_1b16185b4d5e,cl_036,2026-07-14 13:00:00,471.18,CAD,paid
po_359ea83b6034,cl_036,2026-07-15 13:00:00,109.25,CAD,paid
po_5ee0e2fc8077,cl_036,2026-07-16 13:00:00,-77.24,CAD,paid
po_242cbf904efb,cl_036,2026-07-17 13:00:00,106.84,CAD,paid
po_fcbba90ef483,cl_036,2026-07-20 13:00:00,199.07,CAD,paid
po_36f041f70256,cl_036,2026-07-22 13:00:00,218.54,CAD,paid
po_fca2e3ed86e8,cl_036,2026-07-24 13:00:00,116.58,CAD,paid
po_c8c43c62a910,cl_036,2026-07-28 13:00:00,461.44,CAD,paid
po_3607903dbcc9,cl_036,2026-07-29 13:00:00,193.39,CAD,paid
po_e5302fdfb247,cl_036,2026-07-31 13:00:00,145.80,CAD,paid
po_66366a51ae65,cl_036,2026-08-04 13:00:00,164.98,CAD,paid
po_da2397ed46e0,cl_036,2026-08-05 13:00:00,247.77,CAD,paid
po_6f2845bc26d9,cl_036,2026-08-06 13:00:00,184.45,CAD,paid
po_8074039deed6,cl_036,2026-08-07 13:00:00,106.84,CAD,paid
po_924ba4880d0e,cl_036,2026-08-11 13:00:00,92.23,CAD,paid
po_b1766a3e4ba1,cl_036,2026-08-12 13:00:00,208.81,CAD,paid
po_c0b20a887bc1,cl_036,2026-08-13 13:00:00,89.25,CAD,paid
po_6852c996a03d,cl_036,2026-08-17 13:00:00,145.50,CAD,paid
po_aed03832a0df,cl_036,2026-08-18 13:00:00,198.21,CAD,paid
po_98088a40474b,cl_036,2026-08-19 13:00:00,116.58,CAD,paid
po_d9e2b52b8462,cl_036,2026-08-20 13:00:00,94.25,CAD,paid
po_e346e140e92f,cl_036,2026-08-21 13:00:00,155.54,CAD,paid
po_503dd47cd981,cl_036,2026-08-25 13:00:00,172.70,CAD,paid
po_21667e3b2bbc,cl_036,2026-08-26 13:00:00,196.08,CAD,paid
po_cc4a0fb8dce0,cl_036,2026-08-27 13:00:00,116.58,CAD,paid
po_5995256b5fed,cl_036,2026-08-28 13:00:00,106.84,CAD,paid
po_833b45bf844d,cl_036,2026-08-31 13:00:00,333.70,CAD,paid
po_bb6efde721ac,cl_036,2026-09-01 13:00:00,190.83,CAD,paid
po_e03e434d1f2d,cl_036,2026-09-02 13:00:00,92.23,CAD,paid
po_dfc3f9257892,cl_036,2026-09-03 13:00:00,72.75,CAD,paid
po_e9ec4fa0c75d,cl_036,2026-09-08 13:00:00,262.38,CAD,paid
po_6a2ea85e015f,cl_036,2026-09-09 13:00:00,239.23,CAD,paid
po_c34a436a6a98,cl_036,2026-09-10 13:00:00,238.03,CAD,paid
po_ce5cfbcb41f5,cl_036,2026-09-11 13:00:00,106.84,CAD,paid
po_47fb452ccd50,cl_036,2026-09-14 13:00:00,382.96,CAD,paid
po_ce86f3449cb6,cl_036,2026-09-15 13:00:00,183.60,CAD,paid
po_a7c8940173c0,cl_036,2026-09-16 13:00:00,72.75,CAD,paid
po_272f85f2a156,cl_036,2026-09-17 13:00:00,92.23,CAD,paid
po_c4f79f68f8bb,cl_036,2026-09-18 13:00:00,101.96,CAD,paid
po_86fa38633cf4,cl_036,2026-09-22 13:00:00,392.71,CAD,paid
po_a9892a6e9746,cl_036,2026-09-23 13:00:00,145.80,CAD,paid
po_04e2c1027aa0,cl_036,2026-09-25 13:00:00,89.25,CAD,paid
po_e4c938b10aca,cl_036,2026-09-28 13:00:00,342.85,CAD,paid
po_756357e35514,cl_036,2026-09-29 13:00:00,113.52,CAD,paid
po_fb06d1295332,cl_036,2026-09-30 13:00:00,91.37,CAD,paid
po_853a086622bf,cl_036,2026-10-01 13:00:00,72.75,CAD,paid
po_4e6826bc01a3,cl_037,2026-04-03 13:00:00,249.79,CAD,paid
po_04f9506399e0,cl_037,2026-04-07 13:00:00,239.75,CAD,paid
po_c8e4e2ae7f82,cl_037,2026-04-08 13:00:00,164.98,CAD,paid
po_af16440b82cf,cl_037,2026-04-09 13:00:00,189.33,CAD,paid
po_a071d4978f51,cl_037,2026-04-13 13:00:00,149.25,CAD,paid
po_6d4bae836438,cl_037,2026-04-14 13:00:00,301.04,CAD,paid
po_6283b45d7da8,cl_037,2026-04-15 13:00:00,252.64,CAD,paid
po_fc783ad269b0,cl_037,2026-04-16 13:00:00,121.44,CAD,paid
po_aae8c6e96b9c,cl_037,2026-04-17 13:00:00,116.58,CAD,paid
po_8e91d37efa6f,cl_037,2026-04-20 13:00:00,476.13,CAD,paid
po_28035a6b1f1a,cl_037,2026-04-21 13:00:00,269.60,CAD,paid
po_339ecbc57200,cl_037,2026-04-22 13:00:00,164.98,CAD,paid
po_fff1ff50323e,cl_037,2026-04-23 13:00:00,91.37,CAD,paid
po_eee298db1f79,cl_037,2026-04-24 13:00:00,164.98,CAD,paid
po_dfe3d5de971a,cl_037,2026-04-27 13:00:00,131.18,CAD,paid
po_457c1d60232e,cl_037,2026-04-28 13:00:00,201.48,CAD,paid
po_19f96d429e39,cl_037,2026-04-30 13:00:00,145.80,CAD,paid
po_06ba60ac1085,cl_037,2026-05-01 13:00:00,149.25,CAD,paid
po_9109a68b471f,cl_037,2026-05-04 13:00:00,409.90,CAD,paid
po_d30003168c13,cl_037,2026-05-05 13:00:00,160.11,CAD,paid
po_461785ee2b95,cl_037,2026-05-06 13:00:00,218.55,CAD,paid
po_928ad8269a3b,cl_037,2026-05-07 13:00:00,116.58,CAD,paid
po_93bca5240f4a,cl_037,2026-05-08 13:00:00,74.25,CAD,paid
po_51376e6c003b,cl_037,2026-05-11 13:00:00,186.48,CAD,paid
po_ee5b1b138d0b,cl_037,2026-05-12 13:00:00,506.78,CAD,paid
po_a282ba74625c,cl_037,2026-05-13 13:00:00,202.86,CAD,paid
po_439e6de8716e,cl_037,2026-05-14 13:00:00,114.24,CAD,paid
po_d42438f1eb51,cl_037,2026-05-15 13:00:00,293.32,CAD,paid
po_03b20afe0d48,cl_037,2026-05-18 13:00:00,189.33,CAD,paid
po_e757e5f6ec7a,cl_037,2026-05-19 13:00:00,485.50,CAD,paid
po_3e044367f5c9,cl_037,2026-05-20 13:00:00,262.38,CAD,paid
po_ee6987222550,cl_037,2026-05-21 13:00:00,228.49,CAD,paid
po_bff474a76a33,cl_037,2026-05-22 13:00:00,149.24,CAD,paid
po_e1cc1e7b9293,cl_037,2026-05-25 13:00:00,87.36,CAD,paid
po_8e057c0cbe48,cl_037,2026-05-26 13:00:00,259.21,CAD,paid
po_d7e5d0187bf9,cl_037,2026-05-27 13:00:00,280.48,CAD,paid
po_a0b833d7db1c,cl_037,2026-05-29 13:00:00,238.03,CAD,paid
po_5ad787e28a77,cl_037,2026-06-01 13:00:00,179.58,CAD,paid
po_2aec2da64001,cl_037,2026-06-02 13:00:00,286.72,CAD,paid
po_50450fc4e71c,cl_037,2026-06-03 13:00:00,166.48,CAD,paid
po_2fd11ac8a81c,cl_037,2026-06-04 13:00:00,252.63,CAD,paid
po_4497423b76f6,cl_037,2026-06-05 13:00:00,355.58,CAD,paid
po_780f61b1a5fb,cl_037,2026-06-08 13:00:00,201.48,CAD,paid
po_e87f3de860fe,cl_037,2026-06-09 13:00:00,92.23,CAD,paid
po_fd80a0ac2868,cl_037,2026-06-10 13:00:00,476.73,CAD,paid
po_f623fffe9d64,cl_037,2026-06-11 13:00:00,189.33,CAD,paid
po_d31002e01077,cl_037,2026-06-12 13:00:00,216.08,CAD,paid
po_a3d3c0016812,cl_037,2026-06-15 13:00:00,184.46,CAD,paid
po_db33de4c38a8,cl_037,2026-06-16 13:00:00,177.64,CAD,paid
po_e137e92bd664,cl_037,2026-06-17 13:00:00,118.39,CAD,paid
po_2fb977b7b6b5,cl_037,2026-06-18 13:00:00,189.33,CAD,paid
po_42dff1913407,cl_037,2026-06-19 13:00:00,240.05,CAD,paid
po_078dd33b702c,cl_037,2026-06-22 13:00:00,106.84,CAD,paid
po_2a6b14a336be,cl_037,2026-06-23 13:00:00,176.59,CAD,paid
po_9e3c6cf0cecb,cl_037,2026-06-24 13:00:00,212.69,CAD,paid
po_6318248e898d,cl_037,2026-06-25 13:00:00,242.90,CAD,paid
po_f317c679a5ae,cl_037,2026-06-26 13:00:00,155.54,CAD,paid
po_36986e6920de,cl_037,2026-06-29 13:00:00,145.50,CAD,paid
po_07a37ba996f1,cl_037,2026-06-30 13:00:00,210.83,CAD,paid
po_29b4833d89ad,cl_037,2026-07-01 13:00:00,349.72,CAD,paid
po_6e3e2f41130f,cl_037,2026-07-02 13:00:00,199.07,CAD,paid
po_ca255599b673,cl_037,2026-07-03 13:00:00,194.20,CAD,paid
po_54191006fdaf,cl_037,2026-07-06 13:00:00,92.23,CAD,paid
po_e462bd655938,cl_037,2026-07-07 13:00:00,511.34,CAD,paid
po_56f571ccb54d,cl_037,2026-07-08 13:00:00,147.00,CAD,paid
po_4115cbd12750,cl_037,2026-07-09 13:00:00,205.43,CAD,paid
po_e83c5f1f4e94,cl_037,2026-07-13 13:00:00,165.62,CAD,paid
po_d1d208cc0127,cl_037,2026-07-14 13:00:00,142.20,CAD,paid
po_c6f4f580ada3,cl_037,2026-07-15 13:00:00,155.54,CAD,paid
po_3b59e7af207a,cl_037,2026-07-16 13:00:00,106.84,CAD,paid
po_0454f68b4f1e,cl_037,2026-07-17 13:00:00,358.32,CAD,paid
po_65f62bd67cb0,cl_037,2026-07-20 13:00:00,308.32,CAD,paid
po_b0332ceb1dc9,cl_037,2026-07-21 13:00:00,106.84,CAD,paid
po_71ed8a0d12cd,cl_037,2026-07-22 13:00:00,109.25,CAD,paid
po_d0f527025e22,cl_037,2026-07-23 13:00:00,130.38,CAD,paid
po_93183d0231af,cl_037,2026-07-24 13:00:00,246.33,CAD,paid
po_b4ba4c35f376,cl_037,2026-07-27 13:00:00,106.84,CAD,paid
po_a09ed2e2a2d8,cl_037,2026-07-28 13:00:00,370.28,CAD,paid
po_596b08169d39,cl_037,2026-07-29 13:00:00,72.75,CAD,paid
po_a099d431c044,cl_037,2026-07-30 13:00:00,164.98,CAD,paid
po_af0a9476443e,cl_037,2026-07-31 13:00:00,106.84,CAD,paid
po_c1b0cb07640c,cl_037,2026-08-03 13:00:00,286.43,CAD,paid
po_49a0e88462ce,cl_037,2026-08-04 13:00:00,223.41,CAD,paid
po_ab47ec6927a1,cl_037,2026-08-05 13:00:00,223.42,CAD,paid
po_275a90ac7d51,cl_037,2026-08-06 13:00:00,194.20,CAD,paid
po_f645b6c65fce,cl_037,2026-08-07 13:00:00,6.58,CAD,paid
po_c528ea7d3778,cl_037,2026-08-10 13:00:00,116.58,CAD,paid
po_dc4b0ed93bde,cl_037,2026-08-11 13:00:00,145.50,CAD,paid
po_b69472a3fda8,cl_037,2026-08-12 13:00:00,87.36,CAD,paid
po_1eb48e7bd0a6,cl_037,2026-08-13 13:00:00,241.46,CAD,paid
po_69365f7f4907,cl_037,2026-08-14 13:00:00,106.84,CAD,paid
po_cecd34ff377d,cl_037,2026-08-17 13:00:00,255.05,CAD,paid
po_727fe389294d,cl_037,2026-08-19 13:00:00,231.81,CAD,paid
po_2e31741fbc0d,cl_037,2026-08-20 13:00:00,178.91,CAD,paid
po_7253972e0b60,cl_037,2026-08-21 13:00:00,310.78,CAD,paid
po_cb59b70ec8f1,cl_037,2026-08-25 13:00:00,155.54,CAD,paid
po_4b2352c31e73,cl_037,2026-08-26 13:00:00,223.41,CAD,paid
po_63c68a3b58cb,cl_037,2026-08-27 13:00:00,164.98,CAD,paid
po_2036cb97f4b1,cl_037,2026-08-28 13:00:00,228.28,CAD,paid
po_4916b62fe27b,cl_037,2026-08-31 13:00:00,106.84,CAD,paid
po_b74310d18914,cl_037,2026-09-01 13:00:00,195.93,CAD,paid
po_49ee83cdafcc,cl_037,2026-09-02 13:00:00,109.25,CAD,paid
po_c6ab0ec26208,cl_037,2026-09-03 13:00:00,124.24,CAD,paid
po_6f41d856e47d,cl_037,2026-09-07 13:00:00,256.53,CAD,paid
po_8949915edc38,cl_037,2026-09-08 13:00:00,105.85,CAD,paid
po_e1dfb268e7f9,cl_037,2026-09-09 13:00:00,218.55,CAD,paid
po_24188ce5d102,cl_037,2026-09-10 13:00:00,303.71,CAD,paid
po_b57ff763bf56,cl_037,2026-09-11 13:00:00,266.09,CAD,paid
po_34747ac10c9f,cl_037,2026-09-14 13:00:00,305.91,CAD,paid
po_9b6c3a4f4c6a,cl_037,2026-09-15 13:00:00,326.03,CAD,paid
po_4df7d55747ef,cl_037,2026-09-17 13:00:00,203.50,CAD,paid
po_7adf27751f6e,cl_037,2026-09-18 13:00:00,91.37,CAD,paid
po_e11e9f47a750,cl_037,2026-09-21 13:00:00,434.28,CAD,paid
po_b54ed1c87ed9,cl_037,2026-09-22 13:00:00,106.84,CAD,paid
po_1bf2586a4b7f,cl_037,2026-09-25 13:00:00,225.68,CAD,paid
po_3c0b302a3b73,cl_037,2026-09-28 13:00:00,252.64,CAD,paid
po_da6efe5d7a0a,cl_037,2026-09-29 13:00:00,276.69,CAD,paid
po_eba187dc2170,cl_037,2026-09-30 13:00:00,314.79,CAD,paid
po_df82fbe8b464,cl_037,2026-10-01 13:00:00,273.32,CAD,paid
po_492b8b72bbf5,cl_037,2026-10-02 13:00:00,353.53,CAD,paid
po_e421f1215759,cl_038,2026-04-06 12:00:00,338.94,CAD,paid
po_e1caee5b5c98,cl_038,2026-04-07 12:00:00,441.96,CAD,paid
po_e3e1453ba1db,cl_038,2026-04-08 12:00:00,445.42,CAD,paid
po_33b7cce80cef,cl_038,2026-04-09 12:00:00,592.64,CAD,paid
po_92f3723af4b5,cl_038,2026-04-10 12:00:00,566.47,CAD,paid
po_485cf4262a67,cl_038,2026-04-13 12:00:00,369.22,CAD,paid
po_67696dd67d85,cl_038,2026-04-14 12:00:00,849.70,CAD,paid
po_156d13529602,cl_038,2026-04-15 12:00:00,515.45,CAD,paid
po_12abbabfc1a9,cl_038,2026-04-16 12:00:00,668.02,CAD,paid
po_a32a7731bb59,cl_038,2026-04-17 12:00:00,262.38,CAD,paid
po_76c67385d18f,cl_038,2026-04-20 12:00:00,496.25,CAD,paid
po_cdd502bd0dfc,cl_038,2026-04-21 12:00:00,469.75,CAD,paid
po_f5191ec0556c,cl_038,2026-04-22 12:00:00,426.23,CAD,paid
po_408ddc08dcb1,cl_038,2026-04-23 12:00:00,408.57,CAD,paid
po_7b2b7e6b6b7f,cl_038,2026-04-24 12:00:00,298.19,CAD,paid
po_f2f04cd0e507,cl_038,2026-04-27 12:00:00,145.80,CAD,paid
po_51449ab2678a,cl_038,2026-04-28 12:00:00,577.44,CAD,paid
po_ef5eaeae40f8,cl_038,2026-04-29 12:00:00,409.80,CAD,paid
po_583f89da4449,cl_038,2026-04-30 12:00:00,199.07,CAD,paid
po_a3cb789838cd,cl_038,2026-05-01 12:00:00,253.37,CAD,paid
po_3717965c6a52,cl_038,2026-05-04 12:00:00,471.77,CAD,paid
po_caf10206147b,cl_038,2026-05-05 12:00:00,659.52,CAD,paid
po_7064a5c35d53,cl_038,2026-05-06 12:00:00,623.56,CAD,paid
po_f033b9b72fc6,cl_038,2026-05-07 12:00:00,237.17,CAD,paid
po_9813259c2bbb,cl_038,2026-05-08 12:00:00,636.17,CAD,paid
po_9825e84240f9,cl_038,2026-05-11 12:00:00,586.61,CAD,paid
po_77ed7d088138,cl_038,2026-05-12 12:00:00,592.68,CAD,paid
po_7a224201a128,cl_038,2026-05-13 12:00:00,510.15,CAD,paid
po_5b6d3f89ad5c,cl_038,2026-05-14 12:00:00,553.38,CAD,paid
po_c5a59b6321fa,cl_038,2026-05-15 12:00:00,290.86,CAD,paid
po_169c2dac8d86,cl_038,2026-05-18 12:00:00,423.35,CAD,paid
po_be50e39d5240,cl_038,2026-05-19 12:00:00,1033.45,CAD,paid
po_3f6b8395f811,cl_038,2026-05-20 12:00:00,494.37,CAD,paid
po_e18e944f8bd2,cl_038,2026-05-21 12:00:00,718.95,CAD,paid
po_dddfd89cac54,cl_038,2026-05-22 12:00:00,532.84,CAD,paid
po_7cebfed40e36,cl_038,2026-05-25 12:00:00,92.23,CAD,paid
po_87049c9237ba,cl_038,2026-05-27 12:00:00,374.08,CAD,paid
po_717e4dd05b6c,cl_038,2026-05-28 12:00:00,820.76,CAD,paid
po_a49b96fec58a,cl_038,2026-05-29 12:00:00,406.79,CAD,paid
po_426230efd932,cl_038,2026-06-01 12:00:00,482.82,CAD,paid
po_a5774865b183,cl_038,2026-06-02 12:00:00,828.40,CAD,paid
po_f72071f4aee2,cl_038,2026-06-03 12:00:00,431.25,CAD,paid
po_6964df2609cd,cl_038,2026-06-04 12:00:00,247.77,CAD,paid
po_f1b456412b4f,cl_038,2026-06-05 12:00:00,116.58,CAD,paid
po_5bd4d82a0312,cl_038,2026-06-08 12:00:00,419.80,CAD,paid
po_cc32a27e145c,cl_038,2026-06-09 12:00:00,749.57,CAD,paid
po_a20bd6b8bf7e,cl_038,2026-06-10 12:00:00,434.90,CAD,paid
po_eb9f1c111f77,cl_038,2026-06-11 12:00:00,667.79,CAD,paid
po_71c7797beb9f,cl_038,2026-06-12 12:00:00,516.04,CAD,paid
po_d749eba49763,cl_038,2026-06-15 12:00:00,662.32,CAD,paid
po_68f7d3bdb22d,cl_038,2026-06-16 12:00:00,617.24,CAD,paid
po_cff8e76e2076,cl_038,2026-06-17 12:00:00,92.23,CAD,paid
po_109c3abd1966,cl_038,2026-06-18 12:00:00,692.09,CAD,paid
po_82c8dd36ace0,cl_038,2026-06-19 12:00:00,536.86,CAD,paid
po_1eb75d40c07e,cl_038,2026-06-22 12:00:00,657.75,CAD,paid
po_bebb28042aa8,cl_038,2026-06-23 12:00:00,504.17,CAD,paid
po_35805ae41ce5,cl_038,2026-06-24 12:00:00,324.51,CAD,paid
po_27756eea79db,cl_038,2026-06-25 12:00:00,189.32,CAD,paid
po_c25ecf99b0cd,cl_038,2026-06-26 12:00:00,900.25,CAD,paid
po_8895d8066ff6,cl_038,2026-06-29 12:00:00,273.84,CAD,paid
po_5f1d6b2640b1,cl_038,2026-06-30 12:00:00,458.83,CAD,paid
po_63971f9b0235,cl_038,2026-07-01 12:00:00,193.38,CAD,paid
po_a9e729dc4894,cl_038,2026-07-03 12:00:00,582.68,CAD,paid
po_9265f829925d,cl_038,2026-07-06 12:00:00,712.62,CAD,paid
po_36b6ceaea951,cl_038,2026-07-07 12:00:00,724.88,CAD,paid
po_fb252f2968d0,cl_038,2026-07-08 12:00:00,201.30,CAD,paid
po_44f899d34d7f,cl_038,2026-07-09 12:00:00,654.30,CAD,paid
po_44edbdfdf968,cl_038,2026-07-10 12:00:00,305.08,CAD,paid
po_900f4b85bc44,cl_038,2026-07-13 12:00:00,690.63,CAD,paid
po_7c5f185d87ea,cl_038,2026-07-14 12:00:00,960.39,CAD,paid
po_ac7dc1ab403f,cl_038,2026-07-15 12:00:00,394.55,CAD,paid
po_322ccfe703f3,cl_038,2026-07-16 12:00:00,560.95,CAD,paid
po_6864fc515f39,cl_038,2026-07-17 12:00:00,403.01,CAD,paid
po_93ed2c2910d5,cl_038,2026-07-20 12:00:00,564.28,CAD,paid
po_2ad650bc0683,cl_038,2026-07-21 12:00:00,534.57,CAD,paid
po_beec2b31adac,cl_038,2026-07-22 12:00:00,446.83,CAD,paid
po_9629e5f878a2,cl_038,2026-07-23 12:00:00,245.04,CAD,paid
po_70c10500aca6,cl_038,2026-07-24 12:00:00,787.41,CAD,paid
po_4c7180def31b,cl_038,2026-07-27 12:00:00,865.41,CAD,paid
po_d5a504f26950,cl_038,2026-07-28 12:00:00,681.54,CAD,paid
po_827bbaeaaeed,cl_038,2026-07-29 12:00:00,373.78,CAD,paid
po_09d703e4fd17,cl_038,2026-07-30 12:00:00,500.11,CAD,paid
po_5c3b7241df42,cl_038,2026-07-31 12:00:00,561.34,CAD,paid
po_30a36202fb1f,cl_038,2026-08-03 12:00:00,305.90,CAD,paid
po_9a5dd2d6bfa4,cl_038,2026-08-04 12:00:00,699.78,CAD,paid
po_bc8b0e899457,cl_038,2026-08-05 12:00:00,536.37,CAD,paid
po_4e3b4116f1d4,cl_038,2026-08-06 12:00:00,563.41,CAD,paid
po_8e93fa6c2203,cl_038,2026-08-07 12:00:00,521.60,CAD,paid
po_c9ce367b0a3f,cl_038,2026-08-10 12:00:00,557.83,CAD,paid
po_637f9b435910,cl_038,2026-08-11 12:00:00,573.96,CAD,paid
po_17c67b36a010,cl_038,2026-08-12 12:00:00,383.14,CAD,paid
po_0e5ecdb676e1,cl_038,2026-08-13 12:00:00,92.23,CAD,paid
po_c763b179fc6c,cl_038,2026-08-14 12:00:00,543.94,CAD,paid
po_38c60e3d79c2,cl_038,2026-08-17 12:00:00,495.23,CAD,paid
po_b843cc304c5c,cl_038,2026-08-18 12:00:00,951.09,CAD,paid
po_2ec4f9db2d34,cl_038,2026-08-19 12:00:00,485.49,CAD,paid
po_66461bd2cec0,cl_038,2026-08-20 12:00:00,285.44,CAD,paid
po_b808fea6db78,cl_038,2026-08-21 12:00:00,860.58,CAD,paid
po_651b213b7a9b,cl_038,2026-08-24 12:00:00,679.41,CAD,paid
po_405d3d5684bb,cl_038,2026-08-25 12:00:00,1150.87,CAD,paid
po_8b5cf7da7bc5,cl_038,2026-08-26 12:00:00,369.20,CAD,paid
po_1a5957da3885,cl_038,2026-08-27 12:00:00,456.22,CAD,paid
po_e133ee6ced5a,cl_038,2026-08-28 12:00:00,445.68,CAD,paid
po_647874c67008,cl_038,2026-08-31 12:00:00,151.84,CAD,paid
po_a8a8ae67c76b,cl_038,2026-09-01 12:00:00,1009.12,CAD,paid
po_f1227eb73b3d,cl_038,2026-09-02 12:00:00,382.85,CAD,paid
po_a3f404975587,cl_038,2026-09-03 12:00:00,796.57,CAD,paid
po_9ab111bc0bc5,cl_038,2026-09-04 12:00:00,490.37,CAD,paid
po_30af8af33e0a,cl_038,2026-09-07 12:00:00,786.82,CAD,paid
po_814c986e9fb5,cl_038,2026-09-08 12:00:00,626.43,CAD,paid
po_e00d0b3e082c,cl_038,2026-09-09 12:00:00,278.43,CAD,paid
po_d2208905446f,cl_038,2026-09-10 12:00:00,271.82,CAD,paid
po_78ef7c1a2ceb,cl_038,2026-09-11 12:00:00,249.79,CAD,paid
po_c3ff6fd83f8e,cl_038,2026-09-14 12:00:00,484.81,CAD,paid
po_7cc5e821efbb,cl_038,2026-09-15 12:00:00,1038.08,CAD,paid
po_68f1d3a9ddff,cl_038,2026-09-16 12:00:00,591.81,CAD,paid
po_32839781fcdc,cl_038,2026-09-17 12:00:00,308.74,CAD,paid
po_21ba97e679fb,cl_038,2026-09-18 12:00:00,487.39,CAD,paid
po_6848548f16f1,cl_038,2026-09-21 12:00:00,385.42,CAD,paid
po_16571ab7d79f,cl_038,2026-09-22 12:00:00,251.48,CAD,paid
po_75b8a417ace0,cl_038,2026-09-23 12:00:00,595.40,CAD,paid
po_843efcb1d085,cl_038,2026-09-24 12:00:00,472.90,CAD,paid
po_6b5f163a70ca,cl_038,2026-09-25 12:00:00,439.49,CAD,paid
po_271d43462cc4,cl_038,2026-09-28 12:00:00,252.34,CAD,paid
po_2ea4c813d451,cl_038,2026-09-29 12:00:00,853.57,CAD,paid
po_b7a9f04ce884,cl_038,2026-09-30 12:00:00,472.39,CAD,paid
po_b37432673aa4,cl_038,2026-10-01 12:00:00,366.07,CAD,paid
po_4e2f317f15d1,cl_038,2026-10-02 12:00:00,881.91,CAD,paid
po_9c5f3551f714,cl_039,2026-04-03 12:00:00,147.00,CAD,paid
po_45e87e6f8e17,cl_039,2026-04-06 12:00:00,149.25,CAD,paid
po_bee8070307bd,cl_039,2026-04-07 12:00:00,238.03,CAD,paid
po_efe811f9cca5,cl_039,2026-04-08 12:00:00,316.25,CAD,paid
po_f084fac1a2ba,cl_039,2026-04-09 12:00:00,591.76,CAD,paid
po_74d36fe5c826,cl_039,2026-04-10 12:00:00,481.68,CAD,paid
po_79998c688b92,cl_039,2026-04-13 12:00:00,271.82,CAD,paid
po_49b4f64fc04d,cl_039,2026-04-14 12:00:00,262.38,CAD,paid
po_8124438d0e7f,cl_039,2026-04-15 12:00:00,266.95,CAD,paid
po_977d8b9d924d,cl_039,2026-04-16 12:00:00,342.02,CAD,paid
po_0916ba1f234b,cl_039,2026-04-17 12:00:00,79.33,CAD,paid
po_244ea743b170,cl_039,2026-04-20 12:00:00,322.54,CAD,paid
po_54f82908fae1,cl_039,2026-04-21 12:00:00,246.91,CAD,paid
po_ef18d76212d4,cl_039,2026-04-22 12:00:00,101.29,CAD,paid
po_7ad13899950c,cl_039,2026-04-23 12:00:00,-75.00,CAD,paid
po_76b375c6e94f,cl_039,2026-04-24 12:00:00,388.68,CAD,paid
po_f61d2cbd217b,cl_039,2026-04-27 12:00:00,370.92,CAD,paid
po_252acf6cdfe9,cl_039,2026-04-28 12:00:00,704.34,CAD,paid
po_ec1bfc3ca51d,cl_039,2026-04-29 12:00:00,429.76,CAD,paid
po_926731486116,cl_039,2026-04-30 12:00:00,89.25,CAD,paid
po_64c6358090b3,cl_039,2026-05-01 12:00:00,533.09,CAD,paid
po_c49f9dfac1e3,cl_039,2026-05-04 12:00:00,388.38,CAD,paid
po_b9fb3f6896d6,cl_039,2026-05-05 12:00:00,405.09,CAD,paid
po_47e909b9c106,cl_039,2026-05-06 12:00:00,472.23,CAD,paid
po_c9e1077314d5,cl_039,2026-05-07 12:00:00,345.72,CAD,paid
po_9c2091b9e2d7,cl_039,2026-05-08 12:00:00,384.69,CAD,paid
po_b412784dc6aa,cl_039,2026-05-11 12:00:00,164.98,CAD,paid
po_569dab926c5e,cl_039,2026-05-12 12:00:00,685.61,CAD,paid
po_b5fbff2151a7,cl_039,2026-05-13 12:00:00,203.93,CAD,paid
po_3d160220d2d7,cl_039,2026-05-14 12:00:00,87.36,CAD,paid
po_f996bb3a37a1,cl_039,2026-05-15 12:00:00,589.78,CAD,paid
po_c9f59b274213,cl_039,2026-05-18 12:00:00,450.29,CAD,paid
po_9fdf5ddfb752,cl_039,2026-05-19 12:00:00,668.90,CAD,paid
po_8f7d061c6e9a,cl_039,2026-05-20 12:00:00,487.82,CAD,paid
po_03c3e0326926,cl_039,2026-05-21 12:00:00,421.49,CAD,paid
po_66f507566026,cl_039,2026-05-22 12:00:00,257.21,CAD,paid
po_6fa5778bc229,cl_039,2026-05-25 12:00:00,375.81,CAD,paid
po_761db382dcde,cl_039,2026-05-26 12:00:00,293.71,CAD,paid
po_46fba7922964,cl_039,2026-05-27 12:00:00,291.30,CAD,paid
po_d4ae17730ed8,cl_039,2026-05-28 12:00:00,145.50,CAD,paid
po_9fdda41b5f83,cl_039,2026-05-29 12:00:00,368.23,CAD,paid
po_53dcbb960f39,cl_039,2026-06-01 12:00:00,314.78,CAD,paid
po_163d42671c58,cl_039,2026-06-02 12:00:00,252.64,CAD,paid
po_8eaed426eaed,cl_039,2026-06-03 12:00:00,99.24,CAD,paid
po_2e52a7ba22ce,cl_039,2026-06-04 12:00:00,374.09,CAD,paid
po_5b60fb304d46,cl_039,2026-06-05 12:00:00,164.98,CAD,paid
po_e97d6fc57075,cl_039,2026-06-08 12:00:00,109.25,CAD,paid
po_8819e0024f0f,cl_039,2026-06-09 12:00:00,503.03,CAD,paid
po_5b8453d85eaa,cl_039,2026-06-12 12:00:00,531.86,CAD,paid
po_aec11a7a8fb9,cl_039,2026-06-15 12:00:00,295.09,CAD,paid
po_c1986781b9c7,cl_039,2026-06-16 12:00:00,624.34,CAD,paid
po_2c2b29e7ac2b,cl_039,2026-06-17 12:00:00,216.09,CAD,paid
po_972ee5b62891,cl_039,2026-06-18 12:00:00,179.59,CAD,paid
po_3532c1b893e8,cl_039,2026-06-19 12:00:00,508.43,CAD,paid
po_77dbb22a680d,cl_039,2026-06-22 12:00:00,485.79,CAD,paid
po_5faa476761dd,cl_039,2026-06-23 12:00:00,693.81,CAD,paid
po_d267dc751d38,cl_039,2026-06-24 12:00:00,123.55,CAD,paid
po_c2e17756fee0,cl_039,2026-06-25 12:00:00,184.46,CAD,paid
po_c702e2050727,cl_039,2026-06-26 12:00:00,247.77,CAD,paid
po_a80ac6d879ed,cl_039,2026-06-29 12:00:00,233.16,CAD,paid
po_9b69ad4178e6,cl_039,2026-06-30 12:00:00,813.56,CAD,paid
po_7e7865f36ba4,cl_039,2026-07-01 12:00:00,287.45,CAD,paid
po_0ecaeffd7f06,cl_039,2026-07-02 12:00:00,792.24,CAD,paid
po_6a1c72c6f123,cl_039,2026-07-03 12:00:00,564.36,CAD,paid
po_bec274c169fe,cl_039,2026-07-06 12:00:00,450.55,CAD,paid
po_81aae60012b9,cl_039,2026-07-07 12:00:00,592.92,CAD,paid
po_1c68f86fa498,cl_039,2026-07-08 12:00:00,164.30,CAD,paid
po_a032de5b7f23,cl_039,2026-07-09 12:00:00,111.04,CAD,paid
po_d3ed4e785b00,cl_039,2026-07-10 12:00:00,191.99,CAD,paid
po_e6128c33eef7,cl_039,2026-07-13 12:00:00,181.48,CAD,paid
po_c1e6fa2f0676,cl_039,2026-07-14 12:00:00,640.35,CAD,paid
po_2531091d2172,cl_039,2026-07-15 12:00:00,179.59,CAD,paid
po_bbc297924783,cl_039,2026-07-16 12:00:00,173.70,CAD,paid
po_866be1ed69a7,cl_039,2026-07-17 12:00:00,734.57,CAD,paid
po_990a8404630f,cl_039,2026-07-20 12:00:00,484.00,CAD,paid
po_947bebf29a1d,cl_039,2026-07-21 12:00:00,484.99,CAD,paid
po_4f979af6d06b,cl_039,2026-07-22 12:00:00,223.42,CAD,paid
po_cf2f08d0c1fa,cl_039,2026-07-23 12:00:00,111.70,CAD,paid
po_ae5f019c3cbd,cl_039,2026-07-24 12:00:00,92.23,CAD,paid
po_8129fddbe7d2,cl_039,2026-07-27 12:00:00,178.60,CAD,paid
po_58f604287118,cl_039,2026-07-28 12:00:00,426.14,CAD,paid
po_bcb74b4e7b3a,cl_039,2026-07-30 12:00:00,574.59,CAD,paid
po_e1f218154588,cl_039,2026-07-31 12:00:00,72.75,CAD,paid
po_90a8d8d430ae,cl_039,2026-08-03 12:00:00,215.69,CAD,paid
po_e33c6a855201,cl_039,2026-08-04 12:00:00,504.40,CAD,paid
po_d287af170686,cl_039,2026-08-05 12:00:00,188.50,CAD,paid
po_3c41d1b337c3,cl_039,2026-08-06 12:00:00,394.77,CAD,paid
po_e1b962e1c647,cl_039,2026-08-07 12:00:00,302.54,CAD,paid
po_31ce1f5c9f8d,cl_039,2026-08-10 12:00:00,555.70,CAD,paid
po_518c39b50072,cl_039,2026-08-11 12:00:00,458.69,CAD,paid
po_41ee232dba59,cl_039,2026-08-12 12:00:00,194.20,CAD,paid
po_2b07c32b92e1,cl_039,2026-08-13 12:00:00,395.43,CAD,paid
po_80a6b7725d8e,cl_039,2026-08-14 12:00:00,284.23,CAD,paid
po_fe6bb05bd292,cl_039,2026-08-17 12:00:00,437.01,CAD,paid
po_b6dc8674b078,cl_039,2026-08-18 12:00:00,640.07,CAD,paid
po_4db9ba2281b5,cl_039,2026-08-19 12:00:00,89.07,CAD,paid
po_f381d221c86c,cl_039,2026-08-20 12:00:00,92.23,CAD,paid
po_9ef3a9fb28f9,cl_039,2026-08-21 12:00:00,412.07,CAD,paid
po_933c461b26ca,cl_039,2026-08-24 12:00:00,625.72,CAD,paid
po_b7c57d4e095a,cl_039,2026-08-25 12:00:00,845.61,CAD,paid
po_7c9bebd4e2db,cl_039,2026-08-26 12:00:00,377.15,CAD,paid
po_80571feffd40,cl_039,2026-08-27 12:00:00,310.78,CAD,paid
po_f88aeace26f1,cl_039,2026-08-28 12:00:00,354.61,CAD,paid
po_6f2f3d07501c,cl_039,2026-08-31 12:00:00,199.06,CAD,paid
po_e83e4b6729c2,cl_039,2026-09-01 12:00:00,124.41,CAD,paid
po_531703f2d4f6,cl_039,2026-09-02 12:00:00,232.08,CAD,paid
po_67f9a6dcf863,cl_039,2026-09-03 12:00:00,318.31,CAD,paid
po_b3ab6b5bbb86,cl_039,2026-09-04 12:00:00,453.72,CAD,paid
po_8ae2f30d1200,cl_039,2026-09-07 12:00:00,437.09,CAD,paid
po_7c95b2282241,cl_039,2026-09-08 12:00:00,569.97,CAD,paid
po_7f8dec7e4243,cl_039,2026-09-09 12:00:00,87.36,CAD,paid
po_d480b90953f6,cl_039,2026-09-10 12:00:00,424.89,CAD,paid
po_67867a24c374,cl_039,2026-09-11 12:00:00,440.51,CAD,paid
po_d7bbfc52dc6c,cl_039,2026-09-14 12:00:00,233.83,CAD,paid
po_49f520561f8b,cl_039,2026-09-15 12:00:00,595.47,CAD,paid
po_58e19facbd88,cl_039,2026-09-16 12:00:00,378.95,CAD,paid
po_9dc2cc305a4c,cl_039,2026-09-17 12:00:00,393.57,CAD,paid
po_08738c0178ad,cl_039,2026-09-18 12:00:00,201.48,CAD,paid
po_97e4e7623166,cl_039,2026-09-21 12:00:00,287.93,CAD,paid
po_05e731f90c96,cl_039,2026-09-22 12:00:00,535.06,CAD,paid
po_b478f809c28b,cl_039,2026-09-23 12:00:00,271.82,CAD,paid
po_be2f8d9bf5ae,cl_039,2026-09-24 12:00:00,422.49,CAD,paid
po_d0fed16d1e28,cl_039,2026-09-25 12:00:00,94.25,CAD,paid
po_e1d059f3c087,cl_039,2026-09-28 12:00:00,274.93,CAD,paid
po_9b2544e5fc7d,cl_039,2026-09-29 12:00:00,776.84,CAD,paid
po_48c8e30199f6,cl_039,2026-09-30 12:00:00,713.10,CAD,paid
po_48d05b3c0f89,cl_039,2026-10-01 12:00:00,213.68,CAD,paid
po_fb18365dadff,cl_039,2026-10-05 12:00:00,92.23,CAD,paid
po_f01740154b60,cl_040,2026-04-03 11:30:00,247.77,CAD,paid
po_39f4151a87ae,cl_040,2026-04-06 11:30:00,416.93,CAD,paid
po_c090cf87ee23,cl_040,2026-04-07 11:30:00,74.25,CAD,paid
po_98b4864f18bf,cl_040,2026-04-08 11:30:00,106.84,CAD,paid
po_8eae12ac2c92,cl_040,2026-04-09 11:30:00,106.84,CAD,paid
po_7dffa26237d7,cl_040,2026-04-10 11:30:00,510.15,CAD,paid
po_8b98471c65c4,cl_040,2026-04-13 11:30:00,496.09,CAD,paid
po_db6e1d3a9c7a,cl_040,2026-04-14 11:30:00,441.96,CAD,paid
po_0cf6ab113fee,cl_040,2026-04-15 11:30:00,301.33,CAD,paid
po_428d764a25fc,cl_040,2026-04-16 11:30:00,273.84,CAD,paid
po_a14cac45643f,cl_040,2026-04-17 11:30:00,527.49,CAD,paid
po_f0a432df749d,cl_040,2026-04-20 11:30:00,377.73,CAD,paid
po_a0d4b022436a,cl_040,2026-04-21 11:30:00,145.79,CAD,paid
po_e21ac6c7de3d,cl_040,2026-04-22 11:30:00,434.64,CAD,paid
po_9f08de4bf5a9,cl_040,2026-04-23 11:30:00,276.69,CAD,paid
po_1ec9d0295e73,cl_040,2026-04-24 11:30:00,87.36,CAD,paid
po_b01dbf660b0a,cl_040,2026-04-27 11:30:00,145.80,CAD,paid
po_1a792881703d,cl_040,2026-04-28 11:30:00,426.28,CAD,paid
po_b046559db730,cl_040,2026-04-30 11:30:00,259.23,CAD,paid
po_6ba50fd490b6,cl_040,2026-05-01 11:30:00,211.48,CAD,paid
po_9af8d790afcb,cl_040,2026-05-04 11:30:00,155.54,CAD,paid
po_aadeacea95f2,cl_040,2026-05-05 11:30:00,297.66,CAD,paid
po_22e440a56a2b,cl_040,2026-05-06 11:30:00,541.28,CAD,paid
po_e67bc09fbd2d,cl_040,2026-05-07 11:30:00,332.85,CAD,paid
po_8365edc096a5,cl_040,2026-05-08 11:30:00,480.93,CAD,paid
po_ea9ddaa10abb,cl_040,2026-05-11 11:30:00,512.42,CAD,paid
po_312305feceeb,cl_040,2026-05-12 11:30:00,457.44,CAD,paid
po_40ca9216fd9c,cl_040,2026-05-13 11:30:00,179.59,CAD,paid
po_40c97682d543,cl_040,2026-05-14 11:30:00,414.30,CAD,paid
po_cf5032117ba3,cl_040,2026-05-15 11:30:00,195.44,CAD,paid
po_5b43d4841657,cl_040,2026-05-18 11:30:00,348.65,CAD,paid
po_0b4effa6c736,cl_040,2026-05-19 11:30:00,104.58,CAD,paid
po_309c34e58b02,cl_040,2026-05-20 11:30:00,316.68,CAD,paid
po_69ae89ec8bfd,cl_040,2026-05-21 11:30:00,291.30,CAD,paid
po_efebd02ce29e,cl_040,2026-05-22 11:30:00,343.70,CAD,paid
po_d8cb3bfdd25a,cl_040,2026-05-25 11:30:00,191.32,CAD,paid
po_25e9064d32bd,cl_040,2026-05-26 11:30:00,626.72,CAD,paid
po_9f7bd4216311,cl_040,2026-05-27 11:30:00,354.61,CAD,paid
po_9bbc6108afb2,cl_040,2026-05-28 11:30:00,522.63,CAD,paid
po_43f929fa7087,cl_040,2026-05-29 11:30:00,395.59,CAD,paid
po_0da683619f55,cl_040,2026-06-01 11:30:00,213.68,CAD,paid
po_9063d77ad04f,cl_040,2026-06-02 11:30:00,521.03,CAD,paid
po_c93e1b59a1ca,cl_040,2026-06-03 11:30:00,186.48,CAD,paid
po_8e3c40493c4c,cl_040,2026-06-04 11:30:00,719.93,CAD,paid
po_3bdc439ca4c3,cl_040,2026-06-05 11:30:00,415.32,CAD,paid
po_5d0e8556b6a5,cl_040,2026-06-08 11:30:00,-11.00,CAD,paid
po_8fbae19f7fd8,cl_040,2026-06-09 11:30:00,574.95,CAD,paid
po_5f4944e855d5,cl_040,2026-06-10 11:30:00,473.21,CAD,paid
po_4a58259fea97,cl_040,2026-06-11 11:30:00,161.61,CAD,paid
po_09e038033617,cl_040,2026-06-12 11:30:00,342.86,CAD,paid
po_6116d12bbf94,cl_040,2026-06-15 11:30:00,416.46,CAD,paid
po_89e3b8a81cfd,cl_040,2026-06-16 11:30:00,537.32,CAD,paid
po_244bc1965d7a,cl_040,2026-06-17 11:30:00,323.18,CAD,paid
po_8d4cb2ca7197,cl_040,2026-06-18 11:30:00,394.13,CAD,paid
po_47a72c00818c,cl_040,2026-06-22 11:30:00,499.55,CAD,paid
po_fdb9613f032c,cl_040,2026-06-23 11:30:00,597.49,CAD,paid
po_eb7e1ad9ef72,cl_040,2026-06-24 11:30:00,211.21,CAD,paid
po_ef82632072a3,cl_040,2026-06-25 11:30:00,470.69,CAD,paid
po_e0beb8e7ec0c,cl_040,2026-06-26 11:30:00,524.01,CAD,paid
po_a7ff1224cda9,cl_040,2026-06-29 11:30:00,308.57,CAD,paid
po_392820e2fe4b,cl_040,2026-06-30 11:30:00,255.07,CAD,paid
po_bdb9fcaff3ac,cl_040,2026-07-01 11:30:00,199.07,CAD,paid
po_89acb087203c,cl_040,2026-07-02 11:30:00,632.53,CAD,paid
po_d8af444ba314,cl_040,2026-07-03 11:30:00,184.46,CAD,paid
po_1c4e6252f759,cl_040,2026-07-06 11:30:00,405.01,CAD,paid
po_38069d445b60,cl_040,2026-07-07 11:30:00,106.15,CAD,paid
po_264ecdedd37c,cl_040,2026-07-08 11:30:00,390.00,CAD,paid
po_0e50b92c625b,cl_040,2026-07-09 11:30:00,577.73,CAD,paid
po_2719272523a4,cl_040,2026-07-10 11:30:00,291.29,CAD,paid
po_bd9e2a62ea38,cl_040,2026-07-13 11:30:00,485.79,CAD,paid
po_031b601ae9fe,cl_040,2026-07-14 11:30:00,732.11,CAD,paid
po_2a3bd86013fe,cl_040,2026-07-15 11:30:00,92.23,CAD,paid
po_417054ee878f,cl_040,2026-07-16 11:30:00,504.54,CAD,paid
po_d47c1fdb8492,cl_040,2026-07-17 11:30:00,189.33,CAD,paid
po_9499efd8478e,cl_040,2026-07-20 11:30:00,410.70,CAD,paid
po_d23006129f3c,cl_040,2026-07-21 11:30:00,274.79,CAD,paid
po_a6430a3eefcd,cl_040,2026-07-22 11:30:00,181.61,CAD,paid
po_e95b51db2954,cl_040,2026-07-23 11:30:00,303.83,CAD,paid
po_1e68e17884b9,cl_040,2026-07-24 11:30:00,309.69,CAD,paid
po_fe181e828976,cl_040,2026-07-27 11:30:00,537.22,CAD,paid
po_1eb1091e87bf,cl_040,2026-07-28 11:30:00,347.28,CAD,paid
po_da5c22449be7,cl_040,2026-07-30 11:30:00,385.03,CAD,paid
po_cb74dfdfdca8,cl_040,2026-07-31 11:30:00,116.57,CAD,paid
po_bc1dad8210e7,cl_040,2026-08-03 11:30:00,191.34,CAD,paid
po_7ca0d2d54fa0,cl_040,2026-08-04 11:30:00,463.86,CAD,paid
po_e50b73cde50b,cl_040,2026-08-05 11:30:00,288.32,CAD,paid
po_98c53ec48ab1,cl_040,2026-08-06 11:30:00,208.81,CAD,paid
po_e10b59670fe8,cl_040,2026-08-07 11:30:00,92.23,CAD,paid
po_75aa9de47203,cl_040,2026-08-10 11:30:00,450.67,CAD,paid
po_2f57a1e03567,cl_040,2026-08-11 11:30:00,147.89,CAD,paid
po_29678d5b8a6c,cl_040,2026-08-12 11:30:00,199.07,CAD,paid
po_07f7a20b9505,cl_040,2026-08-13 11:30:00,651.06,CAD,paid
po_0fa5e7ee9724,cl_040,2026-08-14 11:30:00,374.09,CAD,paid
po_73d76c9dc909,cl_040,2026-08-17 11:30:00,106.84,CAD,paid
po_8ef7dff5882a,cl_040,2026-08-18 11:30:00,360.73,CAD,paid
po_e618339cfb4b,cl_040,2026-08-19 11:30:00,179.59,CAD,paid
po_f321dd15bd67,cl_040,2026-08-20 11:30:00,494.19,CAD,paid
po_a5a35dc852bd,cl_040,2026-08-21 11:30:00,830.37,CAD,paid
po_13156aa6b99a,cl_040,2026-08-24 11:30:00,547.69,CAD,paid
po_27cf7aef1fa5,cl_040,2026-08-25 11:30:00,295.41,CAD,paid
po_0e7917f3ca1f,cl_040,2026-08-26 11:30:00,705.39,CAD,paid
po_7e7a32d2f6d2,cl_040,2026-08-27 11:30:00,333.70,CAD,paid
po_c95762022462,cl_040,2026-08-28 11:30:00,606.95,CAD,paid
po_15d0ded16110,cl_040,2026-08-31 11:30:00,266.63,CAD,paid
po_3d71d36f2d08,cl_040,2026-09-01 11:30:00,631.29,CAD,paid
po_301888d692f1,cl_040,2026-09-02 11:30:00,311.08,CAD,paid
po_198f9558556a,cl_040,2026-09-03 11:30:00,344.86,CAD,paid
po_b41303a78251,cl_040,2026-09-04 11:30:00,371.59,CAD,paid
po_fc7c0a774743,cl_040,2026-09-07 11:30:00,470.89,CAD,paid
po_b5abc95814bf,cl_040,2026-09-08 11:30:00,469.84,CAD,paid
po_e92b2bae09c9,cl_040,2026-09-09 11:30:00,254.23,CAD,paid
po_6d491e337310,cl_040,2026-09-10 11:30:00,261.38,CAD,paid
po_05a07a10eb58,cl_040,2026-09-11 11:30:00,329.18,CAD,paid
po_3836298e450e,cl_040,2026-09-14 11:30:00,201.48,CAD,paid
po_a979cc9533a3,cl_040,2026-09-15 11:30:00,539.09,CAD,paid
po_1f1d89bf50f4,cl_040,2026-09-16 11:30:00,145.80,CAD,paid
po_756ec84dab85,cl_040,2026-09-17 11:30:00,533.97,CAD,paid
po_a1adcf42b22a,cl_040,2026-09-18 11:30:00,403.00,CAD,paid
po_db017de2cd43,cl_040,2026-09-21 11:30:00,262.38,CAD,paid
po_3d9d9952a4f9,cl_040,2026-09-22 11:30:00,425.01,CAD,paid
po_b3f2b8965902,cl_040,2026-09-23 11:30:00,336.27,CAD,paid
po_f1a5924ebc48,cl_040,2026-09-24 11:30:00,307.40,CAD,paid
po_2fd9fbca3ed8,cl_040,2026-09-25 11:30:00,98.81,CAD,paid
po_ed132050b0f0,cl_040,2026-09-28 11:30:00,359.69,CAD,paid
po_2e63d3a0b4ec,cl_040,2026-09-29 11:30:00,444.87,CAD,paid
po_38e58c5202fe,cl_040,2026-09-30 11:30:00,198.08,CAD,paid
po_016387f604d6,cl_040,2026-10-01 11:30:00,60.83,CAD,paid
po_6f6a6633935a,cl_040,2026-10-02 11:30:00,106.84,CAD,paid
